WD25CD,WD25NM,WD25NMW,LAD25CD,LAD25NM,LAD25NMW,ObjectId
E05013038,Burn Valley,,E06000001,Hartlepool,,1
E05013039,De Bruce,,E06000001,Hartlepool,,2
E05013040,Fens & Greatham,,E06000001,Hartlepool,,3
E05013041,Foggy Furze,,E06000001,Hartlepool,,4
E05013042,Hart,,E06000001,Hartlepool,,5
E05013043,Headland & Harbour,,E06000001,Hartlepool,,6
E05013044,Manor House,,E06000001,Hartlepool,,7
E05013045,Rossmere,,E06000001,Hartlepool,,8
E05013046,Rural West,,E06000001,Hartlepool,,9
E05013047,Seaton,,E06000001,Hartlepool,,10
E05013048,Throston,,E06000001,Hartlepool,,11
E05013049,Victoria,,E06000001,Hartlepool,,12
E05009853,Acklam,,E06000002,Middlesbrough,,13
E05009854,Ayresome,,E06000002,Middlesbrough,,14
E05009855,Berwick Hills & Pallister,,E06000002,Middlesbrough,,15
E05009856,Brambles & Thorntree,,E06000002,Middlesbrough,,16
E05009857,Central,,E06000002,Middlesbrough,,17
E05009858,Coulby Newham,,E06000002,Middlesbrough,,18
E05009859,Hemlington,,E06000002,Middlesbrough,,19
E05009860,Kader,,E06000002,Middlesbrough,,20
E05009861,Ladgate,,E06000002,Middlesbrough,,21
E05009862,Linthorpe,,E06000002,Middlesbrough,,22
E05009863,Longlands & Beechwood,,E06000002,Middlesbrough,,23
E05009865,Marton West,,E06000002,Middlesbrough,,24
E05009866,Newport,,E06000002,Middlesbrough,,25
E05009867,North Ormesby,,E06000002,Middlesbrough,,26
E05009869,Park,,E06000002,Middlesbrough,,27
E05009870,Park End & Beckfield,,E06000002,Middlesbrough,,28
E05009871,Stainton & Thornton,,E06000002,Middlesbrough,,29
E05009872,Trimdon,,E06000002,Middlesbrough,,30
E05015468,Marton East,,E06000002,Middlesbrough,,31
E05015469,Nunthorpe,,E06000002,Middlesbrough,,32
E05012437,Belmont,,E06000003,Redcar and Cleveland,,33
E05012438,Brotton,,E06000003,Redcar and Cleveland,,34
E05012439,Coatham,,E06000003,Redcar and Cleveland,,35
E05012440,Dormanstown,,E06000003,Redcar and Cleveland,,36
E05012441,Eston,,E06000003,Redcar and Cleveland,,37
E05012442,Grangetown,,E06000003,Redcar and Cleveland,,38
E05012443,Guisborough,,E06000003,Redcar and Cleveland,,39
E05012444,Hutton,,E06000003,Redcar and Cleveland,,40
E05012445,Kirkleatham,,E06000003,Redcar and Cleveland,,41
E05012446,Lockwood,,E06000003,Redcar and Cleveland,,42
E05012447,Loftus,,E06000003,Redcar and Cleveland,,43
E05012448,Longbeck,,E06000003,Redcar and Cleveland,,44
E05012449,Newcomen,,E06000003,Redcar and Cleveland,,45
E05012450,Normanby,,E06000003,Redcar and Cleveland,,46
E05012451,Ormesby,,E06000003,Redcar and Cleveland,,47
E05012452,St Germain's,,E06000003,Redcar and Cleveland,,48
E05012453,Saltburn,,E06000003,Redcar and Cleveland,,49
E05012454,Skelton East,,E06000003,Redcar and Cleveland,,50
E05015524,Spondon,,E06000015,Derby,,51
E05010458,Abbey,,E06000016,Leicester,,52
E05010459,Aylestone,,E06000016,Leicester,,53
E05010460,Beaumont Leys,,E06000016,Leicester,,54
E05010461,Belgrave,,E06000016,Leicester,,55
E05010462,Braunstone Park & Rowley Fields,,E06000016,Leicester,,56
E05010463,Castle,,E06000016,Leicester,,57
E05010464,Evington,,E06000016,Leicester,,58
E05010465,Eyres Monsell,,E06000016,Leicester,,59
E05010466,Fosse,,E06000016,Leicester,,60
E05010467,Humberstone & Hamilton,,E06000016,Leicester,,61
E05010468,Knighton,,E06000016,Leicester,,62
E05010469,North Evington,,E06000016,Leicester,,63
E05010470,Rushey Mead,,E06000016,Leicester,,64
E05010471,Saffron,,E06000016,Leicester,,65
E05010472,Spinney Hills,,E06000016,Leicester,,66
E05010473,Stoneygate,,E06000016,Leicester,,67
E05010474,Thurncourt,,E06000016,Leicester,,68
E05010475,Troon,,E06000016,Leicester,,69
E05010476,Westcotes,,E06000016,Leicester,,70
E05010477,Western,,E06000016,Leicester,,71
E05010478,Wycliffe,,E06000016,Leicester,,72
E05012632,Barleythorpe,,E06000017,Rutland,,73
E05012633,Braunston & Martinsthorpe,,E06000017,Rutland,,74
E05012634,Cottesmore,,E06000017,Rutland,,75
E05012635,Exton,,E06000017,Rutland,,76
E05012636,Greetham,,E06000017,Rutland,,77
E05012637,Ketton,,E06000017,Rutland,,78
E05012638,Langham,,E06000017,Rutland,,79
E05012639,Lyddington,,E06000017,Rutland,,80
E05012640,Normanton,,E06000017,Rutland,,81
E05012641,Oakham North East,,E06000017,Rutland,,82
E05012642,Oakham North West,,E06000017,Rutland,,83
E05012643,Oakham South,,E06000017,Rutland,,84
E05012644,Ryhall & Casterton,,E06000017,Rutland,,85
E05012645,Uppingham,,E06000017,Rutland,,86
E05012646,Whissendine,,E06000017,Rutland,,87
E05012270,Aspley,,E06000018,Nottingham,,88
E05012271,Basford,,E06000018,Nottingham,,89
E05012272,Berridge,,E06000018,Nottingham,,90
E05012273,Bestwood,,E06000018,Nottingham,,91
E05012274,Bilborough,,E06000018,Nottingham,,92
E05012275,Bulwell,,E06000018,Nottingham,,93
E05012276,Bulwell Forest,,E06000018,Nottingham,,94
E05012277,Castle,,E06000018,Nottingham,,95
E05012278,Clifton East,,E06000018,Nottingham,,96
E05012279,Clifton West,,E06000018,Nottingham,,97
E05012280,Dales,,E06000018,Nottingham,,98
E05012281,Hyson Green & Arboretum,,E06000018,Nottingham,,99
E05012282,Leen Valley,,E06000018,Nottingham,,100
E05010429,Sadberge & Middleton St George,,E06000005,Darlington,,101
E05010430,Stephenson,,E06000005,Darlington,,102
E05010431,Whinfield,,E06000005,Darlington,,103
E05013169,Appleton,,E06000006,Halton,,104
E05013170,Bankfield,,E06000006,Halton,,105
E05013171,Beechwood & Heath,,E06000006,Halton,,106
E05013172,Birchfield,,E06000006,Halton,,107
E05013173,Bridgewater,,E06000006,Halton,,108
E05013174,Central & West Bank,,E06000006,Halton,,109
E05013175,"Daresbury, Moore & Sandymoor",,E06000006,Halton,,110
E05013176,"Ditton, Hale Village & Halebank",,E06000006,Halton,,111
E05013177,Farnworth,,E06000006,Halton,,112
E05013178,Grange,,E06000006,Halton,,113
E05013179,Halton Castle,,E06000006,Halton,,114
E05013180,Halton Lea,,E06000006,Halton,,115
E05013181,Halton View,,E06000006,Halton,,116
E05013182,Highfield,,E06000006,Halton,,117
E05013183,Hough Green,,E06000006,Halton,,118
E05013184,Mersey & Weston,,E06000006,Halton,,119
E05013185,Norton North,,E06000006,Halton,,120
E05013186,Norton South & Preston Brook,,E06000006,Halton,,121
E05011024,Appleton,,E06000007,Warrington,,122
E05011025,Bewsey and Whitecross,,E06000007,Warrington,,123
E05011026,Birchwood,,E06000007,Warrington,,124
E05011027,Burtonwood and Winwick,,E06000007,Warrington,,125
E05011028,Chapelford and Old Hall,,E06000007,Warrington,,126
E05011029,"Culcheth, Glazebury and Croft",,E06000007,Warrington,,127
E05011030,Fairfield and Howley,,E06000007,Warrington,,128
E05011031,Grappenhall,,E06000007,Warrington,,129
E05011032,Great Sankey North and Whittle Hall,,E06000007,Warrington,,130
E05011033,Great Sankey South,,E06000007,Warrington,,131
E05011034,Latchford East,,E06000007,Warrington,,132
E05011035,Latchford West,,E06000007,Warrington,,133
E05011036,Lymm North and Thelwall,,E06000007,Warrington,,134
E05011037,Lymm South,,E06000007,Warrington,,135
E05011038,Orford,,E06000007,Warrington,,136
E05011039,Penketh and Cuerdley,,E06000007,Warrington,,137
E05011040,Poplars and Hulme,,E06000007,Warrington,,138
E05011041,Poulton North,,E06000007,Warrington,,139
E05011042,Poulton South,,E06000007,Warrington,,140
E05011043,Rixton and Woolston,,E06000007,Warrington,,141
E05011044,Stockton Heath,,E06000007,Warrington,,142
E05011045,Westbrook,,E06000007,Warrington,,143
E05011508,Audley & Queen's Park,,E06000008,Blackburn with Darwen,,144
E05011509,Bastwell & Daisyfield,,E06000008,Blackburn with Darwen,,145
E05011510,Billinge & Beardwood,,E06000008,Blackburn with Darwen,,146
E05011511,Blackburn Central,,E06000008,Blackburn with Darwen,,147
E05011512,Blackburn South & Lower Darwen,,E06000008,Blackburn with Darwen,,148
E05011513,Blackburn South East,,E06000008,Blackburn with Darwen,,149
E05011514,Darwen East,,E06000008,Blackburn with Darwen,,150
E05012455,Skelton West,,E06000003,Redcar and Cleveland,,151
E05012456,South Bank,,E06000003,Redcar and Cleveland,,152
E05012457,Teesville,,E06000003,Redcar and Cleveland,,153
E05012458,West Dyke,,E06000003,Redcar and Cleveland,,154
E05012459,Wheatlands,,E06000003,Redcar and Cleveland,,155
E05012460,Zetland,,E06000003,Redcar and Cleveland,,156
E05014858,Billingham Central,,E06000004,Stockton-on-Tees,,157
E05014859,Billingham East,,E06000004,Stockton-on-Tees,,158
E05014860,Billingham North,,E06000004,Stockton-on-Tees,,159
E05014861,Billingham South,,E06000004,Stockton-on-Tees,,160
E05014862,Billingham West & Wolviston,,E06000004,Stockton-on-Tees,,161
E05014863,Bishopsgarth & Elm Tree,,E06000004,Stockton-on-Tees,,162
E05014864,Eaglescliffe East,,E06000004,Stockton-on-Tees,,163
E05014865,Eaglescliffe West,,E06000004,Stockton-on-Tees,,164
E05014866,Fairfield,,E06000004,Stockton-on-Tees,,165
E05014867,Grangefield,,E06000004,Stockton-on-Tees,,166
E05014868,Hardwick & Salters Lane,,E06000004,Stockton-on-Tees,,167
E05014869,Hartburn,,E06000004,Stockton-on-Tees,,168
E05014870,Ingleby Barwick North,,E06000004,Stockton-on-Tees,,169
E05014871,Ingleby Barwick South,,E06000004,Stockton-on-Tees,,170
E05014872,Mandale & Victoria,,E06000004,Stockton-on-Tees,,171
E05014873,Newtown,,E06000004,Stockton-on-Tees,,172
E05014874,Northern Parishes,,E06000004,Stockton-on-Tees,,173
E05014875,Norton Central,,E06000004,Stockton-on-Tees,,174
E05014876,Norton North,,E06000004,Stockton-on-Tees,,175
E05014877,Norton South,,E06000004,Stockton-on-Tees,,176
E05014878,Ropner,,E06000004,Stockton-on-Tees,,177
E05014879,Roseworth,,E06000004,Stockton-on-Tees,,178
E05014880,Southern Villages,,E06000004,Stockton-on-Tees,,179
E05014881,Stainsby Hill,,E06000004,Stockton-on-Tees,,180
E05014882,Stockton Town Centre,,E06000004,Stockton-on-Tees,,181
E05014883,Village,,E06000004,Stockton-on-Tees,,182
E05014884,Yarm,,E06000004,Stockton-on-Tees,,183
E05010412,Bank Top & Lascelles,,E06000005,Darlington,,184
E05010413,Brinkburn & Faverdale,,E06000005,Darlington,,185
E05010414,Cockerton,,E06000005,Darlington,,186
E05010415,College,,E06000005,Darlington,,187
E05010416,Eastbourne,,E06000005,Darlington,,188
E05010417,Harrowgate Hill,,E06000005,Darlington,,189
E05010418,Haughton & Springfield,,E06000005,Darlington,,190
E05010419,Heighington & Coniscliffe,,E06000005,Darlington,,191
E05010420,Hummersknott,,E06000005,Darlington,,192
E05010421,Hurworth,,E06000005,Darlington,,193
E05010422,Mowden,,E06000005,Darlington,,194
E05010423,North Road,,E06000005,Darlington,,195
E05010424,Northgate,,E06000005,Darlington,,196
E05010425,Park East,,E06000005,Darlington,,197
E05010426,Park West,,E06000005,Darlington,,198
E05010427,Pierremont,,E06000005,Darlington,,199
E05010428,Red Hall & Lingfield,,E06000005,Darlington,,200
E05015081,Brigg & Wolds,,E06000013,North Lincolnshire,,201
E05015082,Broughton & Scawby,,E06000013,North Lincolnshire,,202
E05015083,Brumby,,E06000013,North Lincolnshire,,203
E05015084,Burringham & Gunness,,E06000013,North Lincolnshire,,204
E05015085,Burton upon Stather & Winterton,,E06000013,North Lincolnshire,,205
E05015086,Crosby & Park,,E06000013,North Lincolnshire,,206
E05015087,Ferry,,E06000013,North Lincolnshire,,207
E05015088,Frodingham,,E06000013,North Lincolnshire,,208
E05015089,Kingsway with Lincoln Gardens,,E06000013,North Lincolnshire,,209
E05015090,Messingham,,E06000013,North Lincolnshire,,210
E05015091,Ridge,,E06000013,North Lincolnshire,,211
E05015092,Town,,E06000013,North Lincolnshire,,212
E05010311,Acomb,,E06000014,York,,213
E05010312,Bishopthorpe,,E06000014,York,,214
E05010313,Clifton,,E06000014,York,,215
E05010314,Copmanthorpe,,E06000014,York,,216
E05010315,Dringhouses & Woodthorpe,,E06000014,York,,217
E05010316,Fishergate,,E06000014,York,,218
E05010317,Fulford & Heslington,,E06000014,York,,219
E05010318,Guildhall,,E06000014,York,,220
E05010319,Haxby & Wigginton,,E06000014,York,,221
E05010320,Heworth,,E06000014,York,,222
E05010321,Heworth Without,,E06000014,York,,223
E05010322,Holgate,,E06000014,York,,224
E05010323,Hull Road,,E06000014,York,,225
E05010324,Huntington & New Earswick,,E06000014,York,,226
E05010325,Micklegate,,E06000014,York,,227
E05010326,Osbaldwick & Derwent,,E06000014,York,,228
E05010327,Rawcliffe & Clifton Without,,E06000014,York,,229
E05010328,Rural West York,,E06000014,York,,230
E05010329,Strensall,,E06000014,York,,231
E05010330,Westfield,,E06000014,York,,232
E05010331,Wheldrake,,E06000014,York,,233
E05015507,Abbey,,E06000015,Derby,,234
E05015508,Allestree,,E06000015,Derby,,235
E05015509,Alvaston North,,E06000015,Derby,,236
E05015510,Alvaston South,,E06000015,Derby,,237
E05015511,Arboretum,,E06000015,Derby,,238
E05015512,Blagreaves,,E06000015,Derby,,239
E05015513,Chaddesden East,,E06000015,Derby,,240
E05015514,Chaddesden North,,E06000015,Derby,,241
E05015515,Chaddesden West,,E06000015,Derby,,242
E05015516,Chellaston & Shelton Lock,,E06000015,Derby,,243
E05015517,Darley,,E06000015,Derby,,244
E05015518,Littleover,,E06000015,Derby,,245
E05015519,Mackworth & New Zealand,,E06000015,Derby,,246
E05015520,Mickleover,,E06000015,Derby,,247
E05015521,Normanton,,E06000015,Derby,,248
E05015522,Oakwood,,E06000015,Derby,,249
E05015523,Sinfin & Osmaston,,E06000015,Derby,,250
E05012283,Lenton & Wollaton East,,E06000018,Nottingham,,251
E05012284,Mapperley,,E06000018,Nottingham,,252
E05012285,Meadows,,E06000018,Nottingham,,253
E05012286,Radford,,E06000018,Nottingham,,254
E05012287,St. Ann's,,E06000018,Nottingham,,255
E05012288,Sherwood,,E06000018,Nottingham,,256
E05012289,Wollaton West,,E06000018,Nottingham,,257
E05009438,Arrow,,E06000019,"Herefordshire, County of",,258
E05009439,Aylestone Hill,,E06000019,"Herefordshire, County of",,259
E05009440,Backbury,,E06000019,"Herefordshire, County of",,260
E05009441,Belmont Rural,,E06000019,"Herefordshire, County of",,261
E05009442,Birch,,E06000019,"Herefordshire, County of",,262
E05009443,Bircher,,E06000019,"Herefordshire, County of",,263
E05009444,Bishops Frome & Cradley,,E06000019,"Herefordshire, County of",,264
E05009445,Bobblestock,,E06000019,"Herefordshire, County of",,265
E05009446,Bromyard Bringsty,,E06000019,"Herefordshire, County of",,266
E05009447,Bromyard West,,E06000019,"Herefordshire, County of",,267
E05009448,Castle,,E06000019,"Herefordshire, County of",,268
E05009449,Central,,E06000019,"Herefordshire, County of",,269
E05009450,College,,E06000019,"Herefordshire, County of",,270
E05009452,Dinedor Hill,,E06000019,"Herefordshire, County of",,271
E05009453,Eign Hill,,E06000019,"Herefordshire, County of",,272
E05009454,Golden Valley North,,E06000019,"Herefordshire, County of",,273
E05009455,Golden Valley South,,E06000019,"Herefordshire, County of",,274
E05009456,Greyfriars,,E06000019,"Herefordshire, County of",,275
E05009457,Hagley,,E06000019,"Herefordshire, County of",,276
E05009458,Hampton,,E06000019,"Herefordshire, County of",,277
E05009459,Hinton & Hunderton,,E06000019,"Herefordshire, County of",,278
E05009460,Holmer,,E06000019,"Herefordshire, County of",,279
E05009461,Hope End,,E06000019,"Herefordshire, County of",,280
E05009462,Kerne Bridge,,E06000019,"Herefordshire, County of",,281
E05009463,Kings Acre,,E06000019,"Herefordshire, County of",,282
E05009464,Kington,,E06000019,"Herefordshire, County of",,283
E05009465,Ledbury North,,E06000019,"Herefordshire, County of",,284
E05009466,Ledbury South,,E06000019,"Herefordshire, County of",,285
E05009467,Ledbury West,,E06000019,"Herefordshire, County of",,286
E05009468,Leominster East,,E06000019,"Herefordshire, County of",,287
E05009469,Leominster North & Rural,,E06000019,"Herefordshire, County of",,288
E05009470,Leominster South,,E06000019,"Herefordshire, County of",,289
E05009471,Leominster West,,E06000019,"Herefordshire, County of",,290
E05009472,Llangarron,,E06000019,"Herefordshire, County of",,291
E05009473,Mortimer,,E06000019,"Herefordshire, County of",,292
E05009474,Newton Farm,,E06000019,"Herefordshire, County of",,293
E05009475,Old Gore,,E06000019,"Herefordshire, County of",,294
E05009476,Penyard,,E06000019,"Herefordshire, County of",,295
E05009478,Red Hill,,E06000019,"Herefordshire, County of",,296
E05009479,Ross East,,E06000019,"Herefordshire, County of",,297
E05009480,Ross North,,E06000019,"Herefordshire, County of",,298
E05009481,Ross West,,E06000019,"Herefordshire, County of",,299
E05009482,Saxon Gate,,E06000019,"Herefordshire, County of",,300
E05011544,University,,E06000010,"Kingston upon Hull, City of",,301
E05011545,West Carr,,E06000010,"Kingston upon Hull, City of",,302
E05001687,Beverley Rural,,E06000011,East Riding of Yorkshire,,303
E05001688,Bridlington Central and Old Town,,E06000011,East Riding of Yorkshire,,304
E05001689,Bridlington North,,E06000011,East Riding of Yorkshire,,305
E05001690,Bridlington South,,E06000011,East Riding of Yorkshire,,306
E05001691,Cottingham North,,E06000011,East Riding of Yorkshire,,307
E05001692,Cottingham South,,E06000011,East Riding of Yorkshire,,308
E05001693,Dale,,E06000011,East Riding of Yorkshire,,309
E05001694,Driffield and Rural,,E06000011,East Riding of Yorkshire,,310
E05001695,East Wolds and Coastal,,E06000011,East Riding of Yorkshire,,311
E05001696,Goole North,,E06000011,East Riding of Yorkshire,,312
E05001697,Goole South,,E06000011,East Riding of Yorkshire,,313
E05001698,Hessle,,E06000011,East Riding of Yorkshire,,314
E05001699,Howden,,E06000011,East Riding of Yorkshire,,315
E05001700,Howdenshire,,E06000011,East Riding of Yorkshire,,316
E05001701,Mid Holderness,,E06000011,East Riding of Yorkshire,,317
E05001702,Minster and Woodmansey,,E06000011,East Riding of Yorkshire,,318
E05001703,North Holderness,,E06000011,East Riding of Yorkshire,,319
E05001705,St Mary's,,E06000011,East Riding of Yorkshire,,320
E05001706,"Snaith, Airmyn, Rawcliffe and Marshland",,E06000011,East Riding of Yorkshire,,321
E05001707,South East Holderness,,E06000011,East Riding of Yorkshire,,322
E05001708,South Hunsley,,E06000011,East Riding of Yorkshire,,323
E05001709,South West Holderness,,E06000011,East Riding of Yorkshire,,324
E05001710,Tranby,,E06000011,East Riding of Yorkshire,,325
E05001711,Willerby and Kirk Ella,,E06000011,East Riding of Yorkshire,,326
E05015474,Pocklington Provincial,,E06000011,East Riding of Yorkshire,,327
E05015475,Wolds Weighton,,E06000011,East Riding of Yorkshire,,328
E05001713,Croft Baker,,E06000012,North East Lincolnshire,,329
E05001714,East Marsh,,E06000012,North East Lincolnshire,,330
E05001715,Freshney,,E06000012,North East Lincolnshire,,331
E05001716,Haverstoe,,E06000012,North East Lincolnshire,,332
E05001717,Heneage,,E06000012,North East Lincolnshire,,333
E05001718,Humberston and New Waltham,,E06000012,North East Lincolnshire,,334
E05001719,Immingham,,E06000012,North East Lincolnshire,,335
E05001720,Park,,E06000012,North East Lincolnshire,,336
E05001721,Scartho,,E06000012,North East Lincolnshire,,337
E05001722,Sidney Sussex,,E06000012,North East Lincolnshire,,338
E05001723,South,,E06000012,North East Lincolnshire,,339
E05001724,Waltham,,E06000012,North East Lincolnshire,,340
E05001725,West Marsh,,E06000012,North East Lincolnshire,,341
E05001726,Wolds,,E06000012,North East Lincolnshire,,342
E05001727,Yarborough,,E06000012,North East Lincolnshire,,343
E05015074,Ashby Central,,E06000013,North Lincolnshire,,344
E05015075,Ashby Lakeside,,E06000013,North Lincolnshire,,345
E05015076,Axholme Central,,E06000013,North Lincolnshire,,346
E05015077,Axholme North,,E06000013,North Lincolnshire,,347
E05015078,Axholme South,,E06000013,North Lincolnshire,,348
E05015079,Barton,,E06000013,North Lincolnshire,,349
E05015080,Bottesford,,E06000013,North Lincolnshire,,350
E05011515,Darwen South,,E06000008,Blackburn with Darwen,,351
E05011516,Darwen West,,E06000008,Blackburn with Darwen,,352
E05011517,Ewood,,E06000008,Blackburn with Darwen,,353
E05011518,Little Harwood & Whitebirk,,E06000008,Blackburn with Darwen,,354
E05011519,Livesey with Pleasington,,E06000008,Blackburn with Darwen,,355
E05011520,Mill Hill & Moorgate,,E06000008,Blackburn with Darwen,,356
E05011521,Roe Lee,,E06000008,Blackburn with Darwen,,357
E05011522,Shear Brow & Corporation Park,,E06000008,Blackburn with Darwen,,358
E05011523,Wensley Fold,,E06000008,Blackburn with Darwen,,359
E05011524,West Pennine,,E06000008,Blackburn with Darwen,,360
E05015186,Anchorsholme,,E06000009,Blackpool,,361
E05015187,Bispham,,E06000009,Blackpool,,362
E05015188,Bloomfield,,E06000009,Blackpool,,363
E05015189,Brunswick,,E06000009,Blackpool,,364
E05015190,Claremont,,E06000009,Blackpool,,365
E05015191,Clifton,,E06000009,Blackpool,,366
E05015192,Greenlands,,E06000009,Blackpool,,367
E05015193,Hawes Side,,E06000009,Blackpool,,368
E05015194,Highfield,,E06000009,Blackpool,,369
E05015195,Ingthorpe,,E06000009,Blackpool,,370
E05015196,Layton,,E06000009,Blackpool,,371
E05015197,Marton,,E06000009,Blackpool,,372
E05015198,Norbreck,,E06000009,Blackpool,,373
E05015199,Park,,E06000009,Blackpool,,374
E05015200,Squires Gate,,E06000009,Blackpool,,375
E05015201,Stanley,,E06000009,Blackpool,,376
E05015202,Talbot,,E06000009,Blackpool,,377
E05015203,Tyldesley,,E06000009,Blackpool,,378
E05015204,Victoria,,E06000009,Blackpool,,379
E05015205,Warbreck,,E06000009,Blackpool,,380
E05015206,Waterloo,,E06000009,Blackpool,,381
E05011525,Avenue,,E06000010,"Kingston upon Hull, City of",,382
E05011526,Beverley & Newland,,E06000010,"Kingston upon Hull, City of",,383
E05011527,Boothferry,,E06000010,"Kingston upon Hull, City of",,384
E05011528,Bricknell,,E06000010,"Kingston upon Hull, City of",,385
E05011529,Central,,E06000010,"Kingston upon Hull, City of",,386
E05011530,Derringham,,E06000010,"Kingston upon Hull, City of",,387
E05011531,Drypool,,E06000010,"Kingston upon Hull, City of",,388
E05011532,Holderness,,E06000010,"Kingston upon Hull, City of",,389
E05011533,Ings,,E06000010,"Kingston upon Hull, City of",,390
E05011534,Kingswood,,E06000010,"Kingston upon Hull, City of",,391
E05011535,Longhill & Bilton Grange,,E06000010,"Kingston upon Hull, City of",,392
E05011536,Marfleet,,E06000010,"Kingston upon Hull, City of",,393
E05011537,Newington & Gipsyville,,E06000010,"Kingston upon Hull, City of",,394
E05011538,North Carr,,E06000010,"Kingston upon Hull, City of",,395
E05011539,Orchard Park,,E06000010,"Kingston upon Hull, City of",,396
E05011540,Pickering,,E06000010,"Kingston upon Hull, City of",,397
E05011541,St Andrew's & Docklands,,E06000010,"Kingston upon Hull, City of",,398
E05011542,Southcoates,,E06000010,"Kingston upon Hull, City of",,399
E05011543,Sutton,,E06000010,"Kingston upon Hull, City of",,400
E05009485,Three Crosses,,E06000019,"Herefordshire, County of",,401
E05009486,Tupsley,,E06000019,"Herefordshire, County of",,402
E05009487,Weobley,,E06000019,"Herefordshire, County of",,403
E05009488,Whitecross,,E06000019,"Herefordshire, County of",,404
E05009489,Widemarsh,,E06000019,"Herefordshire, County of",,405
E05009490,Wormside,,E06000019,"Herefordshire, County of",,406
E05012957,Credenhill,,E06000019,"Herefordshire, County of",,407
E05012958,Queenswood,,E06000019,"Herefordshire, County of",,408
E05012959,Stoney Street,,E06000019,"Herefordshire, County of",,409
E05012960,Sutton Walls,,E06000019,"Herefordshire, County of",,410
E05015207,Admaston & Bratton,,E06000020,Telford and Wrekin,,411
E05015208,Apley Castle,,E06000020,Telford and Wrekin,,412
E05015209,Arleston & College,,E06000020,Telford and Wrekin,,413
E05015210,Brookside,,E06000020,Telford and Wrekin,,414
E05015211,Church Aston & Lilleshall,,E06000020,Telford and Wrekin,,415
E05015212,Dawley & Aqueduct,,E06000020,Telford and Wrekin,,416
E05015213,Donnington,,E06000020,Telford and Wrekin,,417
E05015214,Edgmond,,E06000020,Telford and Wrekin,,418
E05015215,Ercall,,E06000020,Telford and Wrekin,,419
E05015216,Ercall Magna,,E06000020,Telford and Wrekin,,420
E05015217,Hadley & Leegomery,,E06000020,Telford and Wrekin,,421
E05015218,Haygate & Park,,E06000020,Telford and Wrekin,,422
E05015219,Horsehay & Lightmoor,,E06000020,Telford and Wrekin,,423
E05015220,Ironbridge Gorge,,E06000020,Telford and Wrekin,,424
E05015221,Ketley,,E06000020,Telford and Wrekin,,425
E05015222,Lawley,,E06000020,Telford and Wrekin,,426
E05015223,Madeley & Sutton Hill,,E06000020,Telford and Wrekin,,427
E05015224,Malinslee & Dawley Bank,,E06000020,Telford and Wrekin,,428
E05015225,Muxton,,E06000020,Telford and Wrekin,,429
E05015226,Newport East,,E06000020,Telford and Wrekin,,430
E05015227,Newport North,,E06000020,Telford and Wrekin,,431
E05015228,Newport South,,E06000020,Telford and Wrekin,,432
E05015229,Newport West,,E06000020,Telford and Wrekin,,433
E05015230,Oakengates & Ketley Bank,,E06000020,Telford and Wrekin,,434
E05015231,Overdale & The Rock,,E06000020,Telford and Wrekin,,435
E05015232,Priorslee,,E06000020,Telford and Wrekin,,436
E05015233,Shawbirch & Dothill,,E06000020,Telford and Wrekin,,437
E05015234,St Georges,,E06000020,Telford and Wrekin,,438
E05015235,The Nedge,,E06000020,Telford and Wrekin,,439
E05015236,Woodside,,E06000020,Telford and Wrekin,,440
E05015237,Wrockwardine,,E06000020,Telford and Wrekin,,441
E05015238,Wrockwardine Wood & Trench,,E06000020,Telford and Wrekin,,442
E05014555,Abbey Hulton,,E06000021,Stoke-on-Trent,,443
E05014556,"Baddeley, Milton & Norton",,E06000021,Stoke-on-Trent,,444
E05014557,Basford & Hartshill,,E06000021,Stoke-on-Trent,,445
E05014558,"Bentilee, Ubberley & Townsend",,E06000021,Stoke-on-Trent,,446
E05014559,Birches Head & Northwood,,E06000021,Stoke-on-Trent,,447
E05014560,Blurton,,E06000021,Stoke-on-Trent,,448
E05014561,Boothen,,E06000021,Stoke-on-Trent,,449
E05014562,Bradeley & Chell Heath,,E06000021,Stoke-on-Trent,,450
E05012126,Stoke Park & Cheswick,,E06000025,South Gloucestershire,,451
E05012485,Saltford,,E06000022,Bath and North East Somerset,,452
E05012486,Southdown,,E06000022,Bath and North East Somerset,,453
E05012127,Thornbury,,E06000025,South Gloucestershire,,454
E05012487,Timsbury,,E06000022,Bath and North East Somerset,,455
E05012128,Winterbourne,,E06000025,South Gloucestershire,,456
E05012488,Twerton & Whiteway,,E06000022,Bath and North East Somerset,,457
E05012129,Woodstock,,E06000025,South Gloucestershire,,458
E05012489,Walcot,,E06000022,Bath and North East Somerset,,459
E05012130,Yate Central,,E06000025,South Gloucestershire,,460
E05012490,Westfield,,E06000022,Bath and North East Somerset,,461
E05012131,Yate North,,E06000025,South Gloucestershire,,462
E05012491,Westmoreland,,E06000022,Bath and North East Somerset,,463
E05002078,Budshead,,E06000026,Plymouth,,464
E05012492,Weston,,E06000022,Bath and North East Somerset,,465
E05002079,Compton,,E06000026,Plymouth,,466
E05012493,Widcombe & Lyncombe,,E06000022,Bath and North East Somerset,,467
E05002080,Devonport,,E06000026,Plymouth,,468
E05010885,Ashley,,E06000023,"Bristol, City of",,469
E05002081,Drake,,E06000026,Plymouth,,470
E05010886,Avonmouth and Lawrence Weston,,E06000023,"Bristol, City of",,471
E05002082,Efford and Lipson,,E06000026,Plymouth,,472
E05010887,Bedminster,,E06000023,"Bristol, City of",,473
E05002083,Eggbuckland,,E06000026,Plymouth,,474
E05010888,Bishopston and Ashley Down,,E06000023,"Bristol, City of",,475
E05002084,Ham,,E06000026,Plymouth,,476
E05010889,Bishopsworth,,E06000023,"Bristol, City of",,477
E05002085,Honicknowle,,E06000026,Plymouth,,478
E05010890,Brislington East,,E06000023,"Bristol, City of",,479
E05002086,Moor View,,E06000026,Plymouth,,480
E05010891,Brislington West,,E06000023,"Bristol, City of",,481
E05002087,Peverell,,E06000026,Plymouth,,482
E05010892,Central,,E06000023,"Bristol, City of",,483
E05002088,Plympton Chaddlewood,,E06000026,Plymouth,,484
E05010893,Clifton,,E06000023,"Bristol, City of",,485
E05002089,Plympton Erle,,E06000026,Plymouth,,486
E05010894,Clifton Down,,E06000023,"Bristol, City of",,487
E05002090,Plympton St Mary,,E06000026,Plymouth,,488
E05010895,Cotham,,E06000023,"Bristol, City of",,489
E05002091,Plymstock Dunstone,,E06000026,Plymouth,,490
E05010896,Easton,,E06000023,"Bristol, City of",,491
E05002092,Plymstock Radford,,E06000026,Plymouth,,492
E05010897,Eastville,,E06000023,"Bristol, City of",,493
E05002093,St Budeaux,,E06000026,Plymouth,,494
E05010898,Filwood,,E06000023,"Bristol, City of",,495
E05010899,Frome Vale,,E06000023,"Bristol, City of",,496
E05010900,Hartcliffe and Withywood,,E06000023,"Bristol, City of",,497
E05010901,Henbury and Brentry,,E06000023,"Bristol, City of",,498
E05010902,Hengrove and Whitchurch Park,,E06000023,"Bristol, City of",,499
E05010903,Hillfields,,E06000023,"Bristol, City of",,500
E05010904,Horfield,,E06000023,"Bristol, City of",,501
E05010905,Hotwells and Harbourside,,E06000023,"Bristol, City of",,502
E05010906,Knowle,,E06000023,"Bristol, City of",,503
E05010907,Lawrence Hill,,E06000023,"Bristol, City of",,504
E05010908,Lockleaze,,E06000023,"Bristol, City of",,505
E05010909,Redland,,E06000023,"Bristol, City of",,506
E05010910,St George Central,,E06000023,"Bristol, City of",,507
E05010911,St George Troopers Hill,,E06000023,"Bristol, City of",,508
E05010912,St George West,,E06000023,"Bristol, City of",,509
E05010913,Southmead,,E06000023,"Bristol, City of",,510
E05010914,Southville,,E06000023,"Bristol, City of",,511
E05010915,Stockwood,,E06000023,"Bristol, City of",,512
E05010916,Stoke Bishop,,E06000023,"Bristol, City of",,513
E05010917,Westbury-on-Trym and Henleaze,,E06000023,"Bristol, City of",,514
E05010918,Windmill Hill,,E06000023,"Bristol, City of",,515
E05010276,Backwell,,E06000024,North Somerset,,516
E05010277,Banwell & Winscombe,,E06000024,North Somerset,,517
E05010278,Blagdon & Churchill,,E06000024,North Somerset,,518
E05010279,Clevedon East,,E06000024,North Somerset,,519
E05010280,Clevedon South,,E06000024,North Somerset,,520
E05010281,Clevedon Walton,,E06000024,North Somerset,,521
E05010282,Clevedon West,,E06000024,North Somerset,,522
E05002094,St Peter and the Waterfront,,E06000026,Plymouth,,523
E05002095,Southway,,E06000026,Plymouth,,524
E05002096,Stoke,,E06000026,Plymouth,,525
E05002097,Sutton and Mount Gould,,E06000026,Plymouth,,526
E05012254,Barton with Watcombe,,E06000027,Torbay,,527
E05012255,Churston with Galmpton,,E06000027,Torbay,,528
E05012256,Clifton with Maidenway,,E06000027,Torbay,,529
E05012257,Cockington with Chelston,,E06000027,Torbay,,530
E05012258,Collaton St Mary,,E06000027,Torbay,,531
E05012259,Ellacombe,,E06000027,Torbay,,532
E05012260,Furzeham with Summercombe,,E06000027,Torbay,,533
E05012261,Goodrington with Roselands,,E06000027,Torbay,,534
E05012262,King's Ash,,E06000027,Torbay,,535
E05012263,Preston,,E06000027,Torbay,,536
E05012264,Roundham with Hyde,,E06000027,Torbay,,537
E05012265,St Marychurch,,E06000027,Torbay,,538
E05012266,St Peter's with St Mary's,,E06000027,Torbay,,539
E05012267,Shiphay,,E06000027,Torbay,,540
E05012268,Tormohun,,E06000027,Torbay,,541
E05012269,Wellswood,,E06000027,Torbay,,542
E05008954,Central,,E06000030,Swindon,,543
E05008955,Chiseldon and Lawn,,E06000030,Swindon,,544
E05008956,Covingham and Dorcan,,E06000030,Swindon,,545
E05008957,Eastcott,,E06000030,Swindon,,546
E05008958,Gorse Hill and Pinehurst,,E06000030,Swindon,,547
E05008960,"Liden, Eldene and Park South",,E06000030,Swindon,,548
E05008961,Lydiard and Freshbrook,,E06000030,Swindon,,549
E05008962,Mannington and Western,,E06000030,Swindon,,550
E05014751,Stopsley,,E06000032,Luton,,551
E05014752,Sundon Park,,E06000032,Luton,,552
E05014753,Vauxhall,,E06000032,Luton,,553
E05014754,Wigmore,,E06000032,Luton,,554
E05002212,Belfairs,,E06000033,Southend-on-Sea,,555
E05002213,Blenheim Park,,E06000033,Southend-on-Sea,,556
E05002214,Chalkwell,,E06000033,Southend-on-Sea,,557
E05002215,Eastwood Park,,E06000033,Southend-on-Sea,,558
E05002216,Kursaal,,E06000033,Southend-on-Sea,,559
E05002217,Leigh,,E06000033,Southend-on-Sea,,560
E05002218,Milton,,E06000033,Southend-on-Sea,,561
E05002219,Prittlewell,,E06000033,Southend-on-Sea,,562
E05002220,St Laurence,,E06000033,Southend-on-Sea,,563
E05002221,St. Luke's,,E06000033,Southend-on-Sea,,564
E05002222,Shoeburyness,,E06000033,Southend-on-Sea,,565
E05002223,Southchurch,,E06000033,Southend-on-Sea,,566
E05002224,Thorpe,,E06000033,Southend-on-Sea,,567
E05002225,Victoria,,E06000033,Southend-on-Sea,,568
E05002226,Westborough,,E06000033,Southend-on-Sea,,569
E05002227,West Leigh,,E06000033,Southend-on-Sea,,570
E05002228,West Shoebury,,E06000033,Southend-on-Sea,,571
E05002229,Aveley and Uplands,,E06000034,Thurrock,,572
E05002230,Belhus,,E06000034,Thurrock,,573
E05002231,Chadwell St Mary,,E06000034,Thurrock,,574
E05002232,Chafford and North Stifford,,E06000034,Thurrock,,575
E05002233,Corringham and Fobbing,,E06000034,Thurrock,,576
E05002234,East Tilbury,,E06000034,Thurrock,,577
E05002235,Grays Riverside,,E06000034,Thurrock,,578
E05002236,Grays Thurrock,,E06000034,Thurrock,,579
E05002237,Little Thurrock Blackshots,,E06000034,Thurrock,,580
E05002238,Little Thurrock Rectory,,E06000034,Thurrock,,581
E05002239,Ockendon,,E06000034,Thurrock,,582
E05002240,Orsett,,E06000034,Thurrock,,583
E05002241,South Chafford,,E06000034,Thurrock,,584
E05002242,Stanford East and Corringham Town,,E06000034,Thurrock,,585
E05002243,Stanford-le-Hope West,,E06000034,Thurrock,,586
E05002244,Stifford Clays,,E06000034,Thurrock,,587
E05002245,The Homesteads,,E06000034,Thurrock,,588
E05002246,Tilbury Riverside and Thurrock Park,,E06000034,Thurrock,,589
E05002247,Tilbury St Chads,,E06000034,Thurrock,,590
E05002248,West Thurrock and South Stifford,,E06000034,Thurrock,,591
E05014449,All Saints,,E06000035,Medway,,592
E05014450,Chatham Central & Brompton,,E06000035,Medway,,593
E05014451,"Cuxton, Halling & Riverside",,E06000035,Medway,,594
E05014452,Fort Horsted,,E06000035,Medway,,595
E05014453,Fort Pitt,,E06000035,Medway,,596
E05014454,Gillingham North,,E06000035,Medway,,597
E05014455,Gillingham South,,E06000035,Medway,,598
E05014456,Hempstead & Wigmore,,E06000035,Medway,,599
E05014457,Hoo St Werburgh & High Halstow,,E06000035,Medway,,600
E05010283,Clevedon Yeo,,E06000024,North Somerset,,601
E05010284,Congresbury & Puxton,,E06000024,North Somerset,,602
E05010285,Gordano Valley,,E06000024,North Somerset,,603
E05010286,Hutton & Locking,,E06000024,North Somerset,,604
E05010287,Long Ashton,,E06000024,North Somerset,,605
E05010288,Nailsea Golden Valley,,E06000024,North Somerset,,606
E05010289,Nailsea West End,,E06000024,North Somerset,,607
E05010290,Nailsea Yeo,,E06000024,North Somerset,,608
E05010291,Nailsea Youngwood,,E06000024,North Somerset,,609
E05010292,Pill,,E06000024,North Somerset,,610
E05010293,Portishead East,,E06000024,North Somerset,,611
E05010294,Portishead North,,E06000024,North Somerset,,612
E05010295,Portishead South,,E06000024,North Somerset,,613
E05010296,Portishead West,,E06000024,North Somerset,,614
E05010297,Weston-super-Mare South,,E06000024,North Somerset,,615
E05010298,Weston-super-Mare Central,,E06000024,North Somerset,,616
E05010299,Weston-super-Mare Hillside,,E06000024,North Somerset,,617
E05010300,Weston-super-Mare Kewstoke,,E06000024,North Somerset,,618
E05010301,Weston-super-Mare Mid Worle,,E06000024,North Somerset,,619
E05010302,Weston-super-Mare Milton,,E06000024,North Somerset,,620
E05010303,Weston-super-Mare North Worle,,E06000024,North Somerset,,621
E05010304,Weston-super-Mare South Worle,,E06000024,North Somerset,,622
E05010305,Weston-super-Mare Uphill,,E06000024,North Somerset,,623
E05010306,Weston-super-Mare Winterstoke,,E06000024,North Somerset,,624
E05010307,Wick St Lawrence & St Georges,,E06000024,North Somerset,,625
E05010308,Winford,,E06000024,North Somerset,,626
E05010309,Wrington,,E06000024,North Somerset,,627
E05010310,Yatton,,E06000024,North Somerset,,628
E05012104,Bitton & Oldland Common,,E06000025,South Gloucestershire,,629
E05012105,Boyd Valley,,E06000025,South Gloucestershire,,630
E05012106,Bradley Stoke North,,E06000025,South Gloucestershire,,631
E05012107,Bradley Stoke South,,E06000025,South Gloucestershire,,632
E05012108,Charfield,,E06000025,South Gloucestershire,,633
E05012109,Charlton & Cribbs,,E06000025,South Gloucestershire,,634
E05012110,Chipping Sodbury & Cotswold Edge,,E06000025,South Gloucestershire,,635
E05012111,Dodington,,E06000025,South Gloucestershire,,636
E05012112,Emersons Green,,E06000025,South Gloucestershire,,637
E05012113,Filton,,E06000025,South Gloucestershire,,638
E05012114,Frampton Cotterell,,E06000025,South Gloucestershire,,639
E05012115,Frenchay & Downend,,E06000025,South Gloucestershire,,640
E05012116,Hanham,,E06000025,South Gloucestershire,,641
E05012117,Kingswood,,E06000025,South Gloucestershire,,642
E05012118,Longwell Green,,E06000025,South Gloucestershire,,643
E05012119,New Cheltenham,,E06000025,South Gloucestershire,,644
E05012120,Parkwall & Warmley,,E06000025,South Gloucestershire,,645
E05012121,Patchway Coniston,,E06000025,South Gloucestershire,,646
E05012122,Pilning & Severn Beach,,E06000025,South Gloucestershire,,647
E05012123,Severn Vale,,E06000025,South Gloucestershire,,648
E05012124,Staple Hill & Mangotsfield,,E06000025,South Gloucestershire,,649
E05012125,Stoke Gifford,,E06000025,South Gloucestershire,,650
E05014458,Lordswood & Walderslade,,E06000035,Medway,,651
E05014459,Luton,,E06000035,Medway,,652
E05014460,Princes Park,,E06000035,Medway,,653
E05014461,Rainham North,,E06000035,Medway,,654
E05014462,Rainham South East,,E06000035,Medway,,655
E05014463,Rainham South West,,E06000035,Medway,,656
E05014464,Rochester East & Warren Wood,,E06000035,Medway,,657
E05014465,Rochester West & Borstal,,E06000035,Medway,,658
E05014466,St Mary's Island,,E06000035,Medway,,659
E05014467,Strood North & Frindsbury,,E06000035,Medway,,660
E05014468,Strood Rural,,E06000035,Medway,,661
E05014469,Strood West,,E06000035,Medway,,662
E05014470,Twydall,,E06000035,Medway,,663
E05014471,Watling,,E06000035,Medway,,664
E05014472,Wayfield & Weeds Wood,,E06000035,Medway,,665
E05014755,Binfield North & Warfield West,,E06000036,Bracknell Forest,,666
E05014756,Binfield South & Jennett's Park,,E06000036,Bracknell Forest,,667
E05014757,Bullbrook,,E06000036,Bracknell Forest,,668
E05014759,Easthampstead & Wildridings,,E06000036,Bracknell Forest,,669
E05014760,Great Hollands,,E06000036,Bracknell Forest,,670
E05014761,Hanworth,,E06000036,Bracknell Forest,,671
E05014763,Owlsmoor & College Town,,E06000036,Bracknell Forest,,672
E05014764,Priestwood & Garth,,E06000036,Bracknell Forest,,673
E05014767,Town Centre & The Parks,,E06000036,Bracknell Forest,,674
E05015571,Crowthorne,,E06000036,Bracknell Forest,,675
E05015572,Harmans Water & Crown Wood,,E06000036,Bracknell Forest,,676
E05015573,Sandhurst,,E06000036,Bracknell Forest,,677
E05015574,Swinley Forest,,E06000036,Bracknell Forest,,678
E05015575,Whitegrove,,E06000036,Bracknell Forest,,679
E05015576,Winkfield & Warfield East,,E06000036,Bracknell Forest,,680
E05012132,Aldermaston,,E06000037,West Berkshire,,681
E05012133,Basildon,,E06000037,West Berkshire,,682
E05012134,Bradfield,,E06000037,West Berkshire,,683
E05012135,Bucklebury,,E06000037,West Berkshire,,684
E05012136,Burghfield & Mortimer,,E06000037,West Berkshire,,685
E05012137,Chieveley & Cold Ash,,E06000037,West Berkshire,,686
E05012138,Downlands,,E06000037,West Berkshire,,687
E05012139,Hungerford & Kintbury,,E06000037,West Berkshire,,688
E05012140,Lambourn,,E06000037,West Berkshire,,689
E05012141,Newbury Central,,E06000037,West Berkshire,,690
E05012142,Newbury Clay Hill,,E06000037,West Berkshire,,691
E05012143,Newbury Greenham,,E06000037,West Berkshire,,692
E05012144,Newbury Speen,,E06000037,West Berkshire,,693
E05012145,Newbury Wash Common,,E06000037,West Berkshire,,694
E05012146,Pangbourne,,E06000037,West Berkshire,,695
E05012147,Ridgeway,,E06000037,West Berkshire,,696
E05012148,Thatcham Central,,E06000037,West Berkshire,,697
E05012149,Thatcham Colthrop & Crookham,,E06000037,West Berkshire,,698
E05012150,Thatcham North East,,E06000037,West Berkshire,,699
E05012151,Thatcham West,,E06000037,West Berkshire,,700
E05008963,Old Town,,E06000030,Swindon,,701
E05008965,Priory Vale,,E06000030,Swindon,,702
E05008966,Ridgeway,,E06000030,Swindon,,703
E05008967,Rodbourne Cheney,,E06000030,Swindon,,704
E05008968,St Andrews,,E06000030,Swindon,,705
E05008969,St Margaret and South Marston,,E06000030,Swindon,,706
E05008970,Shaw,,E06000030,Swindon,,707
E05008971,Walcot and Park North,,E06000030,Swindon,,708
E05008972,Wroughton and Wichelstowe,,E06000030,Swindon,,709
E05010755,Blunsdon and Highworth,,E06000030,Swindon,,710
E05010756,Haydon Wick,,E06000030,Swindon,,711
E05010757,Penhill and Upper Stratton,,E06000030,Swindon,,712
E05010805,Barnack,,E06000031,Peterborough,,713
E05010806,Bretton,,E06000031,Peterborough,,714
E05010807,Central,,E06000031,Peterborough,,715
E05010808,Dogsthorpe,,E06000031,Peterborough,,716
E05010809,East,,E06000031,Peterborough,,717
E05010810,"Eye, Thorney and Newborough",,E06000031,Peterborough,,718
E05010811,Fletton and Stanground,,E06000031,Peterborough,,719
E05010812,Fletton and Woodston,,E06000031,Peterborough,,720
E05010813,Glinton and Castor,,E06000031,Peterborough,,721
E05010814,Gunthorpe,,E06000031,Peterborough,,722
E05010815,Hampton Vale,,E06000031,Peterborough,,723
E05010816,Hargate and Hempsted,,E06000031,Peterborough,,724
E05010817,North,,E06000031,Peterborough,,725
E05010818,Orton Longueville,,E06000031,Peterborough,,726
E05010819,Orton Waterville,,E06000031,Peterborough,,727
E05010820,Park,,E06000031,Peterborough,,728
E05010821,Paston and Walton,,E06000031,Peterborough,,729
E05010822,Ravensthorpe,,E06000031,Peterborough,,730
E05010823,Stanground South,,E06000031,Peterborough,,731
E05010824,Werrington,,E06000031,Peterborough,,732
E05010825,West,,E06000031,Peterborough,,733
E05010826,Wittering,,E06000031,Peterborough,,734
E05014735,Barnfield,,E06000032,Luton,,735
E05014736,Beech Hill,,E06000032,Luton,,736
E05014737,Biscot,,E06000032,Luton,,737
E05014738,Bramingham,,E06000032,Luton,,738
E05014739,Central,,E06000032,Luton,,739
E05014740,Challney,,E06000032,Luton,,740
E05014741,Dallow,,E06000032,Luton,,741
E05014742,Farley,,E06000032,Luton,,742
E05014743,High Town,,E06000032,Luton,,743
E05014744,Leagrave,,E06000032,Luton,,744
E05014745,Lewsey,,E06000032,Luton,,745
E05014746,Northwell,,E06000032,Luton,,746
E05014747,Poets,,E06000032,Luton,,747
E05014748,Round Green,,E06000032,Luton,,748
E05014749,Saints,,E06000032,Luton,,749
E05014750,South,,E06000032,Luton,,750
E05014563,Bucknall & Eaton Park,,E06000021,Stoke-on-Trent,,751
E05014564,Burslem,,E06000021,Stoke-on-Trent,,752
E05014565,Burslem Park,,E06000021,Stoke-on-Trent,,753
E05014566,Dresden & Florence,,E06000021,Stoke-on-Trent,,754
E05014567,Etruria & Hanley,,E06000021,Stoke-on-Trent,,755
E05014568,Fenton East,,E06000021,Stoke-on-Trent,,756
E05014569,Fenton West & Mount Pleasant,,E06000021,Stoke-on-Trent,,757
E05014570,Ford Green & Smallthorne,,E06000021,Stoke-on-Trent,,758
E05014571,Goldenhill & Sandyford,,E06000021,Stoke-on-Trent,,759
E05014572,Great Chell & Packmoor,,E06000021,Stoke-on-Trent,,760
E05014573,"Hanford, Newstead & Trentham",,E06000021,Stoke-on-Trent,,761
E05014574,"Hanley Park, Joiner's Square & Shelton",,E06000021,Stoke-on-Trent,,762
E05014575,Hartshill Park & Stoke,,E06000021,Stoke-on-Trent,,763
E05014576,Hollybush,,E06000021,Stoke-on-Trent,,764
E05014577,Lightwood North & Normacot,,E06000021,Stoke-on-Trent,,765
E05014578,Little Chell & Stanfield,,E06000021,Stoke-on-Trent,,766
E05014579,Longton & Meir Hay South,,E06000021,Stoke-on-Trent,,767
E05014580,"Meir Hay North, Parkhall & Weston Coyney",,E06000021,Stoke-on-Trent,,768
E05014581,Meir North,,E06000021,Stoke-on-Trent,,769
E05014582,Meir Park,,E06000021,Stoke-on-Trent,,770
E05014583,Meir South,,E06000021,Stoke-on-Trent,,771
E05014584,Moorcroft & Sneyd Green,,E06000021,Stoke-on-Trent,,772
E05014585,Penkhull & Springfields,,E06000021,Stoke-on-Trent,,773
E05014586,Sandford Hill,,E06000021,Stoke-on-Trent,,774
E05014587,Trent Vale & Oak Hill,,E06000021,Stoke-on-Trent,,775
E05014588,Tunstall,,E06000021,Stoke-on-Trent,,776
E05012461,Bathavon North,,E06000022,Bath and North East Somerset,,777
E05012462,Bathavon South,,E06000022,Bath and North East Somerset,,778
E05012463,Bathwick,,E06000022,Bath and North East Somerset,,779
E05012464,Chew Valley,,E06000022,Bath and North East Somerset,,780
E05012465,Clutton & Farmborough,,E06000022,Bath and North East Somerset,,781
E05012466,Combe Down,,E06000022,Bath and North East Somerset,,782
E05012467,High Littleton,,E06000022,Bath and North East Somerset,,783
E05012468,Keynsham East,,E06000022,Bath and North East Somerset,,784
E05012469,Keynsham North,,E06000022,Bath and North East Somerset,,785
E05012470,Keynsham South,,E06000022,Bath and North East Somerset,,786
E05012471,Kingsmead,,E06000022,Bath and North East Somerset,,787
E05012472,Lambridge,,E06000022,Bath and North East Somerset,,788
E05012473,Lansdown,,E06000022,Bath and North East Somerset,,789
E05012474,Mendip,,E06000022,Bath and North East Somerset,,790
E05012475,Midsomer Norton North,,E06000022,Bath and North East Somerset,,791
E05012476,Midsomer Norton Redfield,,E06000022,Bath and North East Somerset,,792
E05012477,Moorlands,,E06000022,Bath and North East Somerset,,793
E05012478,Newbridge,,E06000022,Bath and North East Somerset,,794
E05012479,Odd Down,,E06000022,Bath and North East Somerset,,795
E05012480,Oldfield Park,,E06000022,Bath and North East Somerset,,796
E05012481,Paulton,,E06000022,Bath and North East Somerset,,797
E05012482,Peasedown,,E06000022,Bath and North East Somerset,,798
E05012483,Publow & Whitchurch,,E06000022,Bath and North East Somerset,,799
E05012484,Radstock,,E06000022,Bath and North East Somerset,,800
E05015401,Goldsmid,,E06000043,Brighton and Hove,,801
E05015402,Hangleton & Knoll,,E06000043,Brighton and Hove,,802
E05015403,Hanover & Elm Grove,,E06000043,Brighton and Hove,,803
E05015404,Hollingdean & Fiveways,,E06000043,Brighton and Hove,,804
E05015405,Kemptown,,E06000043,Brighton and Hove,,805
E05015406,Moulsecoomb & Bevendean,,E06000043,Brighton and Hove,,806
E05015407,North Portslade,,E06000043,Brighton and Hove,,807
E05015408,Patcham & Hollingbury,,E06000043,Brighton and Hove,,808
E05015409,Preston Park,,E06000043,Brighton and Hove,,809
E05015410,Queen's Park,,E06000043,Brighton and Hove,,810
E05015411,Regency,,E06000043,Brighton and Hove,,811
E05015412,Rottingdean & West Saltdean,,E06000043,Brighton and Hove,,812
E05015413,Round Hill,,E06000043,Brighton and Hove,,813
E05015414,South Portslade,,E06000043,Brighton and Hove,,814
E05015415,West Hill & North Laine,,E06000043,Brighton and Hove,,815
E05015416,Westbourne & Poets' Corner,,E06000043,Brighton and Hove,,816
E05015417,Westdene & Hove Park,,E06000043,Brighton and Hove,,817
E05015418,Whitehawk & Marina,,E06000043,Brighton and Hove,,818
E05015419,Wish,,E06000043,Brighton and Hove,,819
E05015420,Woodingdean,,E06000043,Brighton and Hove,,820
E05002441,Baffins,,E06000044,Portsmouth,,821
E05002442,Central Southsea,,E06000044,Portsmouth,,822
E05002443,Charles Dickens,,E06000044,Portsmouth,,823
E05002444,Copnor,,E06000044,Portsmouth,,824
E05002445,Cosham,,E06000044,Portsmouth,,825
E05002446,Drayton and Farlington,,E06000044,Portsmouth,,826
E05002447,Eastney and Craneswater,,E06000044,Portsmouth,,827
E05002448,Fratton,,E06000044,Portsmouth,,828
E05002449,Hilsea,,E06000044,Portsmouth,,829
E05002450,Milton,,E06000044,Portsmouth,,830
E05002451,Nelson,,E06000044,Portsmouth,,831
E05002452,Paulsgrove,,E06000044,Portsmouth,,832
E05002453,St Jude,,E06000044,Portsmouth,,833
E05012216,Gowy Rural,,E06000050,Cheshire West and Chester,,834
E05002454,St Thomas,,E06000044,Portsmouth,,835
E05015490,Banister & Polygon,,E06000045,Southampton,,836
E05015491,Bargate,,E06000045,Southampton,,837
E05015492,Bassett,,E06000045,Southampton,,838
E05015493,Bevois,,E06000045,Southampton,,839
E05015494,Bitterne Park,,E06000045,Southampton,,840
E05015495,Coxford,,E06000045,Southampton,,841
E05015496,Freemantle,,E06000045,Southampton,,842
E05012217,Great Boughton,,E06000050,Cheshire West and Chester,,843
E05015497,Harefield,,E06000045,Southampton,,844
E05012218,Handbridge Park,,E06000050,Cheshire West and Chester,,845
E05015498,Millbrook,,E06000045,Southampton,,846
E05012219,Hartford & Greenbank,,E06000050,Cheshire West and Chester,,847
E05015499,Peartree,,E06000045,Southampton,,848
E05012220,Helsby,,E06000050,Cheshire West and Chester,,849
E05015500,Portswood,,E06000045,Southampton,,850
E05012221,Lache,,E06000050,Cheshire West and Chester,,851
E05015501,Redbridge,,E06000045,Southampton,,852
E05012222,Ledsham & Manor,,E06000050,Cheshire West and Chester,,853
E05015502,Shirley,,E06000045,Southampton,,854
E05012223,Little Neston,,E06000050,Cheshire West and Chester,,855
E05015503,Sholing,,E06000045,Southampton,,856
E05012224,Malpas,,E06000050,Cheshire West and Chester,,857
E05015504,Swaythling,,E06000045,Southampton,,858
E05012225,Marbury,,E06000050,Cheshire West and Chester,,859
E05015505,Thornhill,,E06000045,Southampton,,860
E05012226,Neston,,E06000050,Cheshire West and Chester,,861
E05012227,Netherpool,,E06000050,Cheshire West and Chester,,862
E05012228,Newton & Hoole,,E06000050,Cheshire West and Chester,,863
E05012229,Northwich Leftwich,,E06000050,Cheshire West and Chester,,864
E05012230,Northwich Winnington & Castle,,E06000050,Cheshire West and Chester,,865
E05012231,Northwich Witton,,E06000050,Cheshire West and Chester,,866
E05012232,Parkgate,,E06000050,Cheshire West and Chester,,867
E05012233,Rudheath,,E06000050,Cheshire West and Chester,,868
E05012234,Sandstone,,E06000050,Cheshire West and Chester,,869
E05012235,Saughall & Mollington,,E06000050,Cheshire West and Chester,,870
E05012236,Shakerley,,E06000050,Cheshire West and Chester,,871
E05012237,Strawberry,,E06000050,Cheshire West and Chester,,872
E05012238,Sutton Villages,,E06000050,Cheshire West and Chester,,873
E05012239,Tarporley,,E06000050,Cheshire West and Chester,,874
E05012240,Tarvin & Kelsall,,E06000050,Cheshire West and Chester,,875
E05012241,Tattenhall,,E06000050,Cheshire West and Chester,,876
E05012242,Upton,,E06000050,Cheshire West and Chester,,877
E05012243,Weaver & Cuddington,,E06000050,Cheshire West and Chester,,878
E05012244,Westminster,,E06000050,Cheshire West and Chester,,879
E05012245,Whitby Groves,,E06000050,Cheshire West and Chester,,880
E05012246,Whitby Park,,E06000050,Cheshire West and Chester,,881
E05012247,Willaston & Thornton,,E06000050,Cheshire West and Chester,,882
E05012248,Winsford Dene,,E06000050,Cheshire West and Chester,,883
E05012249,Winsford Gravel,,E06000050,Cheshire West and Chester,,884
E05012250,Winsford Over & Verdin,,E06000050,Cheshire West and Chester,,885
E05012251,Winsford Swanlow,,E06000050,Cheshire West and Chester,,886
E05012252,Winsford Wharton,,E06000050,Cheshire West and Chester,,887
E05012253,Wolverham,,E06000050,Cheshire West and Chester,,888
E05016011,Abbey,,E06000051,Shropshire,,889
E05016012,Albrighton,,E06000051,Shropshire,,890
E05016013,Bagley,,E06000051,Shropshire,,891
E05016014,Battlefield,,E06000051,Shropshire,,892
E05016015,Bayston Hill,,E06000051,Shropshire,,893
E05016016,Belle Vue,,E06000051,Shropshire,,894
E05016017,Bicton Heath,,E06000051,Shropshire,,895
E05016018,Bishop's Castle,,E06000051,Shropshire,,896
E05016019,Bridgnorth Castle,,E06000051,Shropshire,,897
E05016020,Bridgnorth East,,E06000051,Shropshire,,898
E05016021,Bridgnorth South & Alveley,,E06000051,Shropshire,,899
E05016022,Bridgnorth West & Tasley,,E06000051,Shropshire,,900
E05012503,"Datchet, Horton & Wraysbury",,E06000040,Windsor and Maidenhead,,901
E05012504,Eton & Castle,,E06000040,Windsor and Maidenhead,,902
E05012505,Furze Platt,,E06000040,Windsor and Maidenhead,,903
E05012506,Hurley & Walthams,,E06000040,Windsor and Maidenhead,,904
E05012507,Old Windsor,,E06000040,Windsor and Maidenhead,,905
E05012508,Oldfield,,E06000040,Windsor and Maidenhead,,906
E05012509,Pinkneys Green,,E06000040,Windsor and Maidenhead,,907
E05012510,Riverside,,E06000040,Windsor and Maidenhead,,908
E05012511,St Mary's,,E06000040,Windsor and Maidenhead,,909
E05012512,Sunningdale & Cheapside,,E06000040,Windsor and Maidenhead,,910
E05015783,Barkham & Arborfield,,E06000041,Wokingham,,911
E05015784,Bulmershe & Coronation,,E06000041,Wokingham,,912
E05015785,Emmbrook,,E06000041,Wokingham,,913
E05015786,Evendons,,E06000041,Wokingham,,914
E05015787,Finchampstead,,E06000041,Wokingham,,915
E05015788,Hawkedon,,E06000041,Wokingham,,916
E05015789,Hillside,,E06000041,Wokingham,,917
E05015790,Loddon,,E06000041,Wokingham,,918
E05015791,Maiden Erlegh & Whitegates,,E06000041,Wokingham,,919
E05015792,Norreys,,E06000041,Wokingham,,920
E05015793,Shinfield,,E06000041,Wokingham,,921
E05015794,South Lake,,E06000041,Wokingham,,922
E05015795,Spencers Wood & Swallowfield,,E06000041,Wokingham,,923
E05015796,Thames,,E06000041,Wokingham,,924
E05015797,"Twyford, Ruscombe & Hurst",,E06000041,Wokingham,,925
E05015798,Wescott,,E06000041,Wokingham,,926
E05015799,Winnersh,,E06000041,Wokingham,,927
E05015800,Wokingham Without,,E06000041,Wokingham,,928
E05009406,Bletchley East,,E06000042,Milton Keynes,,929
E05009407,Bletchley Park,,E06000042,Milton Keynes,,930
E05009408,Bletchley West,,E06000042,Milton Keynes,,931
E05009409,Bradwell,,E06000042,Milton Keynes,,932
E05009410,Broughton,,E06000042,Milton Keynes,,933
E05009411,Campbell Park & Old Woughton,,E06000042,Milton Keynes,,934
E05009412,Central Milton Keynes,,E06000042,Milton Keynes,,935
E05009413,Danesborough & Walton,,E06000042,Milton Keynes,,936
E05009414,Loughton & Shenley,,E06000042,Milton Keynes,,937
E05009415,Monkston,,E06000042,Milton Keynes,,938
E05009416,Newport Pagnell North & Hanslope,,E06000042,Milton Keynes,,939
E05009417,Newport Pagnell South,,E06000042,Milton Keynes,,940
E05009418,Olney,,E06000042,Milton Keynes,,941
E05009419,Shenley Brook End,,E06000042,Milton Keynes,,942
E05009420,Stantonbury,,E06000042,Milton Keynes,,943
E05009421,Stony Stratford,,E06000042,Milton Keynes,,944
E05009422,Tattenhoe,,E06000042,Milton Keynes,,945
E05009423,Wolverton,,E06000042,Milton Keynes,,946
E05009424,Woughton & Fishermead,,E06000042,Milton Keynes,,947
E05015398,Brunswick & Adelaide,,E06000043,Brighton and Hove,,948
E05015399,Central Hove,,E06000043,Brighton and Hove,,949
E05015400,Coldean & Stanmer,,E06000043,Brighton and Hove,,950
E05016162,Castle Eden & Passfield,,E06000047,County Durham,,951
E05016163,Chester-le-Street North,,E06000047,County Durham,,952
E05016164,Chester-le-Street South,,E06000047,County Durham,,953
E05016165,Chilton,,E06000047,County Durham,,954
E05016166,Consett North,,E06000047,County Durham,,955
E05016167,Consett South,,E06000047,County Durham,,956
E05016168,Craghead & South Moor,,E06000047,County Durham,,957
E05016169,Crook,,E06000047,County Durham,,958
E05016170,Dalton & Dawdon,,E06000047,County Durham,,959
E05016171,Deerness,,E06000047,County Durham,,960
E05016172,Delves Lane,,E06000047,County Durham,,961
E05016173,Derwent & Pont Valley,,E06000047,County Durham,,962
E05016174,Easington & Shotton,,E06000047,County Durham,,963
E05016175,"Elvet, Gilesgate & Shincliffe",,E06000047,County Durham,,964
E05016176,Evenwood,,E06000047,County Durham,,965
E05016177,Ferryhill,,E06000047,County Durham,,966
E05016178,Framwellgate & Newton Hall,,E06000047,County Durham,,967
E05016179,Horden & Dene House,,E06000047,County Durham,,968
E05016180,Lanchester & Burnhope,,E06000047,County Durham,,969
E05016181,Langley & Esh,,E06000047,County Durham,,970
E05016182,Lower Teesdale,,E06000047,County Durham,,971
E05016183,Lumley & West Rainton,,E06000047,County Durham,,972
E05016184,Murton,,E06000047,County Durham,,973
E05016185,Neville's Cross,,E06000047,County Durham,,974
E05016186,North Lodge,,E06000047,County Durham,,975
E05016187,Pelton,,E06000047,County Durham,,976
E05016188,Peterlee,,E06000047,County Durham,,977
E05016189,Pittington & Sherburn,,E06000047,County Durham,,978
E05016190,Sacriston & Witton Gilbert,,E06000047,County Durham,,979
E05016191,Seaham,,E06000047,County Durham,,980
E05016192,Sedgefield,,E06000047,County Durham,,981
E05016193,Shildon & Dene Valley,,E06000047,County Durham,,982
E05016194,Spennymoor,,E06000047,County Durham,,983
E05016195,Stanley,,E06000047,County Durham,,984
E05016196,Thornley & Wheatley Hill,,E06000047,County Durham,,985
E05016197,Trimdon & Wingate,,E06000047,County Durham,,986
E05016198,Tudhoe,,E06000047,County Durham,,987
E05016199,Upper Teesdale,,E06000047,County Durham,,988
E05016200,Weardale,,E06000047,County Durham,,989
E05016201,West Auckland,,E06000047,County Durham,,990
E05016202,Willington & Hunwick,,E06000047,County Durham,,991
E05008610,Alderley Edge,,E06000049,Cheshire East,,992
E05008611,Alsager,,E06000049,Cheshire East,,993
E05008612,Audlem,,E06000049,Cheshire East,,994
E05008613,Bollington,,E06000049,Cheshire East,,995
E05008614,Brereton Rural,,E06000049,Cheshire East,,996
E05008615,Broken Cross and Upton,,E06000049,Cheshire East,,997
E05008616,Bunbury,,E06000049,Cheshire East,,998
E05008617,Chelford,,E06000049,Cheshire East,,999
E05008618,Congleton East,,E06000049,Cheshire East,,1000
E05008619,Congleton West,,E06000049,Cheshire East,,1001
E05008620,Crewe Central,,E06000049,Cheshire East,,1002
E05008621,Crewe East,,E06000049,Cheshire East,,1003
E05008622,Crewe North,,E06000049,Cheshire East,,1004
E05008623,Crewe St Barnabas,,E06000049,Cheshire East,,1005
E05008624,Crewe South,,E06000049,Cheshire East,,1006
E05008625,Crewe West,,E06000049,Cheshire East,,1007
E05008626,Dane Valley,,E06000049,Cheshire East,,1008
E05008627,Disley,,E06000049,Cheshire East,,1009
E05008628,Gawsworth,,E06000049,Cheshire East,,1010
E05008629,Handforth,,E06000049,Cheshire East,,1011
E05008630,Haslington,,E06000049,Cheshire East,,1012
E05008631,High Legh,,E06000049,Cheshire East,,1013
E05008632,Knutsford,,E06000049,Cheshire East,,1014
E05008633,Leighton,,E06000049,Cheshire East,,1015
E05008634,Macclesfield Central,,E06000049,Cheshire East,,1016
E05008635,Macclesfield East,,E06000049,Cheshire East,,1017
E05008636,Macclesfield Hurdsfield,,E06000049,Cheshire East,,1018
E05008637,Macclesfield South,,E06000049,Cheshire East,,1019
E05008638,Macclesfield Tytherington,,E06000049,Cheshire East,,1020
E05008639,Macclesfield West and Ivy,,E06000049,Cheshire East,,1021
E05008640,Middlewich,,E06000049,Cheshire East,,1022
E05008641,Mobberley,,E06000049,Cheshire East,,1023
E05008642,Nantwich North and West,,E06000049,Cheshire East,,1024
E05008643,Nantwich South and Stapeley,,E06000049,Cheshire East,,1025
E05008644,Odd Rode,,E06000049,Cheshire East,,1026
E05008645,Poynton East and Pott Shrigley,,E06000049,Cheshire East,,1027
E05008646,Poynton West and Adlington,,E06000049,Cheshire East,,1028
E05008647,Prestbury,,E06000049,Cheshire East,,1029
E05008648,Sandbach Elworth,,E06000049,Cheshire East,,1030
E05008649,Sandbach Ettiley Heath and Wheelock,,E06000049,Cheshire East,,1031
E05008650,Sandbach Heath and East,,E06000049,Cheshire East,,1032
E05008651,Sandbach Town,,E06000049,Cheshire East,,1033
E05008652,Shavington,,E06000049,Cheshire East,,1034
E05008653,Sutton,,E06000049,Cheshire East,,1035
E05008654,Willaston and Rope,,E06000049,Cheshire East,,1036
E05008655,Wilmslow Dean Row,,E06000049,Cheshire East,,1037
E05008656,Wilmslow East,,E06000049,Cheshire East,,1038
E05008657,Wilmslow Lacey Green,,E06000049,Cheshire East,,1039
E05008658,Wilmslow West and Chorley,,E06000049,Cheshire East,,1040
E05008659,Wistaston,,E06000049,Cheshire East,,1041
E05008660,Wrenbury,,E06000049,Cheshire East,,1042
E05008661,Wybunbury,,E06000049,Cheshire East,,1043
E05012209,Blacon,,E06000050,Cheshire West and Chester,,1044
E05012210,Central & Grange,,E06000050,Cheshire West and Chester,,1045
E05012211,Chester City & the Garden Quarter,,E06000050,Cheshire West and Chester,,1046
E05012212,Christleton & Huntington,,E06000050,Cheshire West and Chester,,1047
E05012213,"Davenham, Moulton & Kingsmead",,E06000050,Cheshire West and Chester,,1048
E05012214,Farndon,,E06000050,Cheshire West and Chester,,1049
E05012215,Frodsham,,E06000050,Cheshire West and Chester,,1050
E05012152,Theale,,E06000037,West Berkshire,,1051
E05012153,Tilehurst & Purley,,E06000037,West Berkshire,,1052
E05012154,Tilehurst Birch Copse,,E06000037,West Berkshire,,1053
E05012155,Tilehurst South & Holybrook,,E06000037,West Berkshire,,1054
E05013864,Abbey,,E06000038,Reading,,1055
E05013865,Battle,,E06000038,Reading,,1056
E05013866,Caversham,,E06000038,Reading,,1057
E05013867,Caversham Heights,,E06000038,Reading,,1058
E05013868,Church,,E06000038,Reading,,1059
E05013869,Coley,,E06000038,Reading,,1060
E05013870,Emmer Green,,E06000038,Reading,,1061
E05013871,Katesgrove,,E06000038,Reading,,1062
E05013872,Kentwood,,E06000038,Reading,,1063
E05013873,Norcot,,E06000038,Reading,,1064
E05013874,Park,,E06000038,Reading,,1065
E05013875,Redlands,,E06000038,Reading,,1066
E05013876,Southcote,,E06000038,Reading,,1067
E05013877,Thames,,E06000038,Reading,,1068
E05013878,Tilehurst,,E06000038,Reading,,1069
E05013879,Whitley,,E06000038,Reading,,1070
E05015525,Baylis & Salt Hill,,E06000039,Slough,,1071
E05015526,Britwell,,E06000039,Slough,,1072
E05015527,Chalvey,,E06000039,Slough,,1073
E05015528,Cippenham Green,,E06000039,Slough,,1074
E05015529,Cippenham Manor,,E06000039,Slough,,1075
E05015530,Cippenham Village,,E06000039,Slough,,1076
E05015531,Colnbrook & Poyle,,E06000039,Slough,,1077
E05015532,Elliman,,E06000039,Slough,,1078
E05015533,Farnham,,E06000039,Slough,,1079
E05015534,Haymill,,E06000039,Slough,,1080
E05015535,Herschel Park,,E06000039,Slough,,1081
E05015536,Langley Foxborough,,E06000039,Slough,,1082
E05015537,Langley Marish,,E06000039,Slough,,1083
E05015538,Langley Meads,,E06000039,Slough,,1084
E05015539,Langley St Mary's,,E06000039,Slough,,1085
E05015540,Manor Park & Stoke,,E06000039,Slough,,1086
E05015541,Northborough & Lynch Hill Valley,,E06000039,Slough,,1087
E05015542,Slough Central,,E06000039,Slough,,1088
E05015543,Upton,,E06000039,Slough,,1089
E05015544,Upton Lea,,E06000039,Slough,,1090
E05015545,Wexham Court,,E06000039,Slough,,1091
E05012494,Ascot & Sunninghill,,E06000040,Windsor and Maidenhead,,1092
E05012495,Belmont,,E06000040,Windsor and Maidenhead,,1093
E05012496,Bisham & Cookham,,E06000040,Windsor and Maidenhead,,1094
E05012497,Boyn Hill,,E06000040,Windsor and Maidenhead,,1095
E05012498,Bray,,E06000040,Windsor and Maidenhead,,1096
E05012499,Clewer & Dedworth East,,E06000040,Windsor and Maidenhead,,1097
E05012500,Clewer & Dedworth West,,E06000040,Windsor and Maidenhead,,1098
E05012501,Clewer East,,E06000040,Windsor and Maidenhead,,1099
E05012502,Cox Green,,E06000040,Windsor and Maidenhead,,1100
E05016023,Broseley,,E06000051,Shropshire,,1101
E05016024,Brown Clee,,E06000051,Shropshire,,1102
E05016025,Burnell,,E06000051,Shropshire,,1103
E05016026,Castlefields & Ditherington,,E06000051,Shropshire,,1104
E05016027,Cheswardine,,E06000051,Shropshire,,1105
E05016028,Chirbury & Worthen,,E06000051,Shropshire,,1106
E05016029,Claverley & Worfield,,E06000051,Shropshire,,1107
E05016030,Clee,,E06000051,Shropshire,,1108
E05016031,Cleobury Mortimer,,E06000051,Shropshire,,1109
E05016032,Clun,,E06000051,Shropshire,,1110
E05016033,Column & Sutton,,E06000051,Shropshire,,1111
E05016034,Copthorne,,E06000051,Shropshire,,1112
E05016035,Corvedale,,E06000051,Shropshire,,1113
E05016036,Craven Arms,,E06000051,Shropshire,,1114
E05016037,Ellesmere Urban,,E06000051,Shropshire,,1115
E05016038,Harlescott,,E06000051,Shropshire,,1116
E05016039,Highley,,E06000051,Shropshire,,1117
E05016040,Hodnet,,E06000051,Shropshire,,1118
E05016041,Llanymynech,,E06000051,Shropshire,,1119
E05016042,Longden,,E06000051,Shropshire,,1120
E05016043,Loton,,E06000051,Shropshire,,1121
E05016044,Ludlow East,,E06000051,Shropshire,,1122
E05016045,Ludlow North,,E06000051,Shropshire,,1123
E05016046,Ludlow South,,E06000051,Shropshire,,1124
E05016047,Market Drayton East & Rural,,E06000051,Shropshire,,1125
E05016048,Market Drayton North,,E06000051,Shropshire,,1126
E05016049,Market Drayton South,,E06000051,Shropshire,,1127
E05016050,Meole,,E06000051,Shropshire,,1128
E05016051,Monkmoor,,E06000051,Shropshire,,1129
E05016052,Much Wenlock,,E06000051,Shropshire,,1130
E05016053,Oswestry North,,E06000051,Shropshire,,1131
E05016054,Oswestry North East,,E06000051,Shropshire,,1132
E05016055,Oswestry South,,E06000051,Shropshire,,1133
E05016056,Oswestry South East,,E06000051,Shropshire,,1134
E05016057,Oteley & Reabrook,,E06000051,Shropshire,,1135
E05016058,Porthill,,E06000051,Shropshire,,1136
E05016059,Prees,,E06000051,Shropshire,,1137
E05016060,Quarry & Coton Hill,,E06000051,Shropshire,,1138
E05016061,Radbrook,,E06000051,Shropshire,,1139
E05016062,Rea Valley,,E06000051,Shropshire,,1140
E05016063,Ruyton & Baschurch,,E06000051,Shropshire,,1141
E05016064,Selattyn & Gobowen,,E06000051,Shropshire,,1142
E05016065,Severn Valley,,E06000051,Shropshire,,1143
E05016066,Shawbury,,E06000051,Shropshire,,1144
E05016067,Shifnal North,,E06000051,Shropshire,,1145
E05016068,Shifnal Rural,,E06000051,Shropshire,,1146
E05016069,Shifnal South,,E06000051,Shropshire,,1147
E05016070,St Martin's,,E06000051,Shropshire,,1148
E05016071,St Oswald,,E06000051,Shropshire,,1149
E05016072,"Stottesdon, Kinlet & Hopton Wafers",,E06000051,Shropshire,,1150
E05015506,Woolston,,E06000045,Southampton,,1151
E05013359,Bembridge,,E06000046,Isle of Wight,,1152
E05013360,Binstead & Fishbourne,,E06000046,Isle of Wight,,1153
E05013361,Brading & St Helens,,E06000046,Isle of Wight,,1154
E05013362,"Brighstone, Calbourne & Shalfleet",,E06000046,Isle of Wight,,1155
E05013363,Carisbrooke & Gunville,,E06000046,Isle of Wight,,1156
E05013364,Central Rural,,E06000046,Isle of Wight,,1157
E05013365,"Chale, Niton & Shorwell",,E06000046,Isle of Wight,,1158
E05013366,Cowes Medina,,E06000046,Isle of Wight,,1159
E05013367,Cowes North,,E06000046,Isle of Wight,,1160
E05013368,Cowes South & Northwood,,E06000046,Isle of Wight,,1161
E05013369,Cowes West & Gurnard,,E06000046,Isle of Wight,,1162
E05013370,East Cowes,,E06000046,Isle of Wight,,1163
E05013371,Fairlee & Whippingham,,E06000046,Isle of Wight,,1164
E05013372,Freshwater North & Yarmouth,,E06000046,Isle of Wight,,1165
E05013373,Freshwater South,,E06000046,Isle of Wight,,1166
E05013374,Haylands & Swanmore,,E06000046,Isle of Wight,,1167
E05013375,Lake North,,E06000046,Isle of Wight,,1168
E05013376,Lake South,,E06000046,Isle of Wight,,1169
E05013377,Mountjoy & Shide,,E06000046,Isle of Wight,,1170
E05013378,Nettlestone & Seaview,,E06000046,Isle of Wight,,1171
E05013379,"Newchurch, Havenstreet & Ashey",,E06000046,Isle of Wight,,1172
E05013380,Newport Central,,E06000046,Isle of Wight,,1173
E05013381,Newport West,,E06000046,Isle of Wight,,1174
E05013382,Osborne,,E06000046,Isle of Wight,,1175
E05013383,Pan & Barton,,E06000046,Isle of Wight,,1176
E05013384,Parkhurst & Hunnyhill,,E06000046,Isle of Wight,,1177
E05013385,Ryde Appley & Elmfield,,E06000046,Isle of Wight,,1178
E05013386,Ryde Monktonmead,,E06000046,Isle of Wight,,1179
E05013387,Ryde North West,,E06000046,Isle of Wight,,1180
E05013388,Ryde South East,,E06000046,Isle of Wight,,1181
E05013389,Ryde West,,E06000046,Isle of Wight,,1182
E05013390,Sandown North,,E06000046,Isle of Wight,,1183
E05013391,Sandown South,,E06000046,Isle of Wight,,1184
E05013392,Shanklin Central,,E06000046,Isle of Wight,,1185
E05013393,Shanklin South,,E06000046,Isle of Wight,,1186
E05013394,Totland & Colwell,,E06000046,Isle of Wight,,1187
E05013395,Ventnor & St Lawrence,,E06000046,Isle of Wight,,1188
E05013396,Wootton Bridge,,E06000046,Isle of Wight,,1189
E05013397,"Wroxall, Lowtherville & Bonchurch",,E06000046,Isle of Wight,,1190
E05016152,Annfield Plain & Tanfield,,E06000047,County Durham,,1191
E05016153,Aycliffe North & Middridge,,E06000047,County Durham,,1192
E05016154,Aycliffe South,,E06000047,County Durham,,1193
E05016155,Barnard Castle,,E06000047,County Durham,,1194
E05016156,Belmont,,E06000047,County Durham,,1195
E05016157,Benfieldside,,E06000047,County Durham,,1196
E05016158,Bishop Auckland,,E06000047,County Durham,,1197
E05016159,Blackhalls & Hesledens,,E06000047,County Durham,,1198
E05016160,Bowburn & Coxhoe,,E06000047,County Durham,,1199
E05016161,Brandon,,E06000047,County Durham,,1200
E05011093,St Mary's,,E06000053,Isles of Scilly,,1201
E05011094,Tresco,,E06000053,Isles of Scilly,,1202
E05013398,Aldbourne & Ramsbury,,E06000054,Wiltshire,,1203
E05013399,Alderbury & Whiteparish,,E06000054,Wiltshire,,1204
E05013400,Amesbury East & Bulford,,E06000054,Wiltshire,,1205
E05013401,Amesbury South,,E06000054,Wiltshire,,1206
E05013402,Amesbury West,,E06000054,Wiltshire,,1207
E05013403,Avon Valley,,E06000054,Wiltshire,,1208
E05013405,Box & Colerne,,E06000054,Wiltshire,,1209
E05013410,By Brook,,E06000054,Wiltshire,,1210
E05013416,Chippenham Cepen Park & Derriads,,E06000054,Wiltshire,,1211
E05013417,Chippenham Cepen Park & Hunters Moon,,E06000054,Wiltshire,,1212
E05013418,Chippenham Hardenhuish,,E06000054,Wiltshire,,1213
E05013420,Chippenham Lowden & Rowden,,E06000054,Wiltshire,,1214
E05013421,Chippenham Monkton,,E06000054,Wiltshire,,1215
E05013423,Chippenham Sheldon,,E06000054,Wiltshire,,1216
E05013424,Corsham Ladbrook,,E06000054,Wiltshire,,1217
E05013425,Corsham Pickwick,,E06000054,Wiltshire,,1218
E05013327,Rame Peninsula & St Germans,,E06000052,Cornwall,,1219
E05013426,Corsham Without,,E06000054,Wiltshire,,1220
E05013427,Cricklade & Latton,,E06000054,Wiltshire,,1221
E05013428,Devizes East,,E06000054,Wiltshire,,1222
E05013429,Devizes North,,E06000054,Wiltshire,,1223
E05013430,Devizes Rural West,,E06000054,Wiltshire,,1224
E05013431,Devizes South,,E06000054,Wiltshire,,1225
E05013432,Downton & Ebble Valley,,E06000054,Wiltshire,,1226
E05013329,Redruth North,,E06000052,Cornwall,,1227
E05013433,Durrington,,E06000054,Wiltshire,,1228
E05013330,Redruth South,,E06000052,Cornwall,,1229
E05016073,Sundorne & Old Heath,,E06000051,Shropshire,,1230
E05013435,Fovant & Chalke Valley,,E06000054,Wiltshire,,1231
E05013331,Roche & Bugle,,E06000052,Cornwall,,1232
E05013336,St Blazey,,E06000052,Cornwall,,1233
E05013338,"St Columb Major, St Mawgan & St Wenn",,E06000052,Cornwall,,1234
E05013341,"St Goran, Tregony & the Roseland",,E06000052,Cornwall,,1235
E05013346,St Stephen-in-Brannel,,E06000052,Cornwall,,1236
E05013347,St Teath & Tintagel,,E06000052,Cornwall,,1237
E05013348,Saltash Essa,,E06000052,Cornwall,,1238
E05013349,Saltash Tamar,,E06000052,Cornwall,,1239
E05013350,Saltash Trematon & Landrake,,E06000052,Cornwall,,1240
E05013351,"Stratton, Kilkhampton & Morwenstow",,E06000052,Cornwall,,1241
E05013353,Torpoint,,E06000052,Cornwall,,1242
E05013354,Truro Boscawen & Redannick,,E06000052,Cornwall,,1243
E05013355,Truro Moresk & Trehaverne,,E06000052,Cornwall,,1244
E05013356,Truro Tregolls,,E06000052,Cornwall,,1245
E05013357,Wadebridge East & St Minver,,E06000052,Cornwall,,1246
E05013358,Wadebridge West & St Mabyn,,E06000052,Cornwall,,1247
E05013836,St Austell Poltair & Mount Charles,,E06000052,Cornwall,,1248
E05013837,Altarnun & Stoke Climsland,,E06000052,Cornwall,,1249
E05013838,"Crowan, Sithney & Wendron",,E06000052,Cornwall,,1250
E05013839,Falmouth Boslowick,,E06000052,Cornwall,,1251
E05013840,Falmouth Trescobeas & Budock,,E06000052,Cornwall,,1252
E05013841,Helston North,,E06000052,Cornwall,,1253
E05013842,Illogan & Portreath,,E06000052,Cornwall,,1254
E05013843,"Lanner, Stithians & Gwennap",,E06000052,Cornwall,,1255
E05013844,Launceston North & North Petherwin,,E06000052,Cornwall,,1256
E05013845,"Long Rock, Marazion & St Erth",,E06000052,Cornwall,,1257
E05013846,Mevagissey & St Austell Bay,,E06000052,Cornwall,,1258
E05013847,Newquay Trenance,,E06000052,Cornwall,,1259
E05013848,Penryn,,E06000052,Cornwall,,1260
E05013849,Perranporth,,E06000052,Cornwall,,1261
E05013850,Probus & St Erme,,E06000052,Cornwall,,1262
E05013851,"Redruth Central, Carharrack & St Day",,E06000052,Cornwall,,1263
E05013852,St Agnes,,E06000052,Cornwall,,1264
E05013853,St Austell Bethel & Holmbush,,E06000052,Cornwall,,1265
E05013854,St Austell Central & Gover,,E06000052,Cornwall,,1266
E05013855,St Columb Minor & Colan,,E06000052,Cornwall,,1267
E05013856,St Dennis & St Enoder,,E06000052,Cornwall,,1268
E05013857,"St Ives East, Lelant & Carbis Bay",,E06000052,Cornwall,,1269
E05013858,St Ives West & Towednack,,E06000052,Cornwall,,1270
E05013859,St Mewan & Grampound,,E06000052,Cornwall,,1271
E05013860,"St Newlyn East, Cubert & Goonhavern",,E06000052,Cornwall,,1272
E05013861,Threemilestone & Chacewater,,E06000052,Cornwall,,1273
E05016234,St Cleer & Menheniot,,E06000052,Cornwall,,1274
E05016235,Liskeard Central,,E06000052,Cornwall,,1275
E05011090,Bryher,,E06000053,Isles of Scilly,,1276
E05011091,St Agnes,,E06000053,Isles of Scilly,,1277
E05011092,St Martin's,,E06000053,Isles of Scilly,,1278
E05014491,Biddenham,,E06000055,Bedford,,1279
E05016124,Longhoughton,,E06000057,Northumberland,,1280
E05016125,Lynemouth,,E06000057,Northumberland,,1281
E05014492,Brickhill,,E06000055,Bedford,,1282
E05016126,Morpeth Kirkhill,,E06000057,Northumberland,,1283
E05013436,Hilperton,,E06000054,Wiltshire,,1284
E05016074,Tern,,E06000051,Shropshire,,1285
E05016127,Morpeth North,,E06000057,Northumberland,,1286
E05014493,Bromham,,E06000055,Bedford,,1287
E05013437,Holt,,E06000054,Wiltshire,,1288
E05016075,The Meres,,E06000051,Shropshire,,1289
E05016128,Morpeth Stobhill,,E06000057,Northumberland,,1290
E05014494,Castle & Newnham,,E06000055,Bedford,,1291
E05013439,Laverstock,,E06000054,Wiltshire,,1292
E05016076,The Strettons,,E06000051,Shropshire,,1293
E05016129,Newbiggin-by-the-Sea,,E06000057,Northumberland,,1294
E05016130,Newsham,,E06000057,Northumberland,,1295
E05016131,Norham & Islandshires,,E06000057,Northumberland,,1296
E05016132,Pegswood,,E06000057,Northumberland,,1297
E05016133,Plessey,,E06000057,Northumberland,,1298
E05016134,Ponteland East & Stannington,,E06000057,Northumberland,,1299
E05016135,Ponteland North,,E06000057,Northumberland,,1300
E05016136,Ponteland South with Heddon,,E06000057,Northumberland,,1301
E05016137,Ponteland West,,E06000057,Northumberland,,1302
E05016138,Prudhoe North & Wylam,,E06000057,Northumberland,,1303
E05016139,Prudhoe South,,E06000057,Northumberland,,1304
E05016140,Prudhoe West & Mickley,,E06000057,Northumberland,,1305
E05016141,Rothbury,,E06000057,Northumberland,,1306
E05016142,Seaton with Spital,,E06000057,Northumberland,,1307
E05016143,Seghill with Seaton Delaval,,E06000057,Northumberland,,1308
E05016144,Shilbottle,,E06000057,Northumberland,,1309
E05016145,Sleekburn,,E06000057,Northumberland,,1310
E05016146,South Blyth,,E06000057,Northumberland,,1311
E05016147,South Tynedale,,E06000057,Northumberland,,1312
E05016148,Stakeford,,E06000057,Northumberland,,1313
E05016149,Stocksfield & Bywell,,E06000057,Northumberland,,1314
E05016150,Wensleydale,,E06000057,Northumberland,,1315
E05016151,Wooler,,E06000057,Northumberland,,1316
E05012649,Alderney & Bourne Valley,,E06000058,"Bournemouth, Christchurch and Poole",,1317
E05012650,Bearwood & Merley,,E06000058,"Bournemouth, Christchurch and Poole",,1318
E05012651,Boscombe East & Pokesdown,,E06000058,"Bournemouth, Christchurch and Poole",,1319
E05012652,Boscombe West,,E06000058,"Bournemouth, Christchurch and Poole",,1320
E05012653,Bournemouth Central,,E06000058,"Bournemouth, Christchurch and Poole",,1321
E05012654,Broadstone,,E06000058,"Bournemouth, Christchurch and Poole",,1322
E05012655,Burton & Grange,,E06000058,"Bournemouth, Christchurch and Poole",,1323
E05012656,Canford Cliffs,,E06000058,"Bournemouth, Christchurch and Poole",,1324
E05012657,Canford Heath,,E06000058,"Bournemouth, Christchurch and Poole",,1325
E05012658,Christchurch Town,,E06000058,"Bournemouth, Christchurch and Poole",,1326
E05012659,Commons,,E06000058,"Bournemouth, Christchurch and Poole",,1327
E05012660,Creekmoor,,E06000058,"Bournemouth, Christchurch and Poole",,1328
E05012661,East Cliff & Springbourne,,E06000058,"Bournemouth, Christchurch and Poole",,1329
E05012662,East Southbourne & Tuckton,,E06000058,"Bournemouth, Christchurch and Poole",,1330
E05012663,Hamworthy,,E06000058,"Bournemouth, Christchurch and Poole",,1331
E05012664,Highcliffe & Walkford,,E06000058,"Bournemouth, Christchurch and Poole",,1332
E05012665,Kinson,,E06000058,"Bournemouth, Christchurch and Poole",,1333
E05012666,Littledown & Iford,,E06000058,"Bournemouth, Christchurch and Poole",,1334
E05012667,Moordown,,E06000058,"Bournemouth, Christchurch and Poole",,1335
E05012668,"Mudeford, Stanpit & West Highcliffe",,E06000058,"Bournemouth, Christchurch and Poole",,1336
E05012669,Muscliff & Strouden Park,,E06000058,"Bournemouth, Christchurch and Poole",,1337
E05012670,Newtown & Heatherlands,,E06000058,"Bournemouth, Christchurch and Poole",,1338
E05014495,Cauldwell,,E06000055,Bedford,,1339
E05014496,Clapham & Oakley,,E06000055,Bedford,,1340
E05014497,De Parys,,E06000055,Bedford,,1341
E05014498,Goldington,,E06000055,Bedford,,1342
E05014499,Great Barford,,E06000055,Bedford,,1343
E05013440,Ludgershall North & Rural,,E06000054,Wiltshire,,1344
E05014500,Great Denham,,E06000055,Bedford,,1345
E05016077,Underdale,,E06000051,Shropshire,,1346
E05013441,Lyneham,,E06000054,Wiltshire,,1347
E05013442,Malmesbury,,E06000054,Wiltshire,,1348
E05013443,Marlborough East,,E06000054,Wiltshire,,1349
E05014501,Greyfriars,,E06000055,Bedford,,1350
E05013444,Marlborough West,,E06000054,Wiltshire,,1351
E05016078,Wem,,E06000051,Shropshire,,1352
E05016079,Whitchurch North,,E06000051,Shropshire,,1353
E05014502,Harpur,,E06000055,Bedford,,1354
E05016080,Whitchurch South,,E06000051,Shropshire,,1355
E05013448,Melksham Without North & Shurnhold,,E06000054,Wiltshire,,1356
E05014503,Harrold,,E06000055,Bedford,,1357
E05016081,Whitchurch West,,E06000051,Shropshire,,1358
E05013449,Melksham Without West & Rural,,E06000054,Wiltshire,,1359
E05014504,Kempston Central & East,,E06000055,Bedford,,1360
E05016082,Whittington,,E06000051,Shropshire,,1361
E05013450,Mere,,E06000054,Wiltshire,,1362
E05014505,Kempston North,,E06000055,Bedford,,1363
E05013273,Bodmin St Mary's & St Leonard,,E06000052,Cornwall,,1364
E05013451,Minety,,E06000054,Wiltshire,,1365
E05014506,Kempston South,,E06000055,Bedford,,1366
E05013274,Bodmin St Petroc's,,E06000052,Cornwall,,1367
E05013452,Nadder Valley,,E06000054,Wiltshire,,1368
E05014507,Kempston West,,E06000055,Bedford,,1369
E05013275,Bude,,E06000052,Cornwall,,1370
E05013453,Old Sarum & Lower Bourne Valley,,E06000054,Wiltshire,,1371
E05014508,Kingsbrook,,E06000055,Bedford,,1372
E05013276,Callington & St Dominic,,E06000052,Cornwall,,1373
E05013455,Pewsey Vale East,,E06000054,Wiltshire,,1374
E05014509,Putnoe,,E06000055,Bedford,,1375
E05013277,Calstock,,E06000052,Cornwall,,1376
E05013457,Purton,,E06000054,Wiltshire,,1377
E05014510,Queens Park,,E06000055,Bedford,,1378
E05013278,Camborne Roskear & Tuckingmill,,E06000052,Cornwall,,1379
E05013279,Camborne Trelowarren,,E06000052,Cornwall,,1380
E05013280,Camborne West & Treswithian,,E06000052,Cornwall,,1381
E05013281,Camelford & Boscastle,,E06000052,Cornwall,,1382
E05013282,"Constantine, Mabe & Mawnan",,E06000052,Cornwall,,1383
E05013284,Falmouth Arwenack,,E06000052,Cornwall,,1384
E05013286,Falmouth Penwerris,,E06000052,Cornwall,,1385
E05013288,Feock & Kea,,E06000052,Cornwall,,1386
E05013289,"Four Lanes, Beacon & Troon",,E06000052,Cornwall,,1387
E05013290,"Fowey, Tywardreath & Par",,E06000052,Cornwall,,1388
E05013291,"Gloweth, Malabar & Shortlanesend",,E06000052,Cornwall,,1389
E05013292,Gwinear-Gwithian & Hayle East,,E06000052,Cornwall,,1390
E05013293,Hayle West,,E06000052,Cornwall,,1391
E05013295,Helston South & Meneage,,E06000052,Cornwall,,1392
E05013297,Land's End,,E06000052,Cornwall,,1393
E05013298,"Lanivet, Blisland & Bodmin St Lawrence",,E06000052,Cornwall,,1394
E05013301,Launceston South,,E06000052,Cornwall,,1395
E05013303,Liskeard South & Dobwalls,,E06000052,Cornwall,,1396
E05013305,Looe East & Deviock,,E06000052,Cornwall,,1397
E05013306,"Looe West, Pelynt, Lansallos & Lanteglos",,E06000052,Cornwall,,1398
E05013307,Lostwithiel & Lanreath,,E06000052,Cornwall,,1399
E05013308,"Ludgvan, Madron, Gulval & Heamoor",,E06000052,Cornwall,,1400
E05013309,Lynher,,E06000052,Cornwall,,1401
E05013311,"Mousehole, Newlyn & St Buryan",,E06000052,Cornwall,,1402
E05013312,Mullion & St Keverne,,E06000052,Cornwall,,1403
E05013313,"Mylor, Perranarworthal & Ponsanooth",,E06000052,Cornwall,,1404
E05013314,Newquay Central & Pentire,,E06000052,Cornwall,,1405
E05013315,Newquay Porth & Tretherras,,E06000052,Cornwall,,1406
E05013317,Padstow,,E06000052,Cornwall,,1407
E05013319,Penwithick & Boscoppa,,E06000052,Cornwall,,1408
E05013320,Penzance East,,E06000052,Cornwall,,1409
E05013321,Penzance Promenade,,E06000052,Cornwall,,1410
E05013323,Pool & Tehidy,,E06000052,Cornwall,,1411
E05013324,"Porthleven, Breage & Germoe",,E06000052,Cornwall,,1412
E05013325,Poundstock,,E06000052,Cornwall,,1413
E05013467,Salisbury St Edmund's,,E06000054,Wiltshire,,1414
E05014511,Renhold & Ravensden,,E06000055,Bedford,,1415
E05013469,Salisbury St Paul's,,E06000054,Wiltshire,,1416
E05014512,Riseley,,E06000055,Bedford,,1417
E05013470,Sherston,,E06000054,Wiltshire,,1418
E05013472,The Lavingtons,,E06000054,Wiltshire,,1419
E05014513,Riverfield,,E06000055,Bedford,,1420
E05013473,Tidworth East & Ludgershall South,,E06000054,Wiltshire,,1421
E05014514,Sharnbrook,,E06000055,Bedford,,1422
E05013474,Tidworth North & West,,E06000054,Wiltshire,,1423
E05014515,Shortstown,,E06000055,Bedford,,1424
E05013475,Till Valley,,E06000054,Wiltshire,,1425
E05014516,Wixams & Wilstead,,E06000055,Bedford,,1426
E05013476,Tisbury,,E06000054,Wiltshire,,1427
E05014517,Wootton & Kempston Rural,,E06000055,Bedford,,1428
E05013477,Trowbridge Adcroft,,E06000054,Wiltshire,,1429
E05013458,Redlynch & Landford,,E06000054,Wiltshire,,1430
E05014518,Wyboston,,E06000055,Bedford,,1431
E05013478,Trowbridge Central,,E06000054,Wiltshire,,1432
E05013459,Royal Wootton Bassett East,,E06000054,Wiltshire,,1433
E05014394,Ampthill,,E06000056,Central Bedfordshire,,1434
E05013482,Trowbridge Park,,E06000054,Wiltshire,,1435
E05013460,Royal Wootton Bassett North,,E06000054,Wiltshire,,1436
E05014395,Arlesey & Fairfield,,E06000056,Central Bedfordshire,,1437
E05013483,Trowbridge Paxcroft,,E06000054,Wiltshire,,1438
E05013462,Salisbury Bemerton Heath,,E06000054,Wiltshire,,1439
E05014396,Aspley & Woburn,,E06000056,Central Bedfordshire,,1440
E05013484,Urchfont & Bishops Cannings,,E06000054,Wiltshire,,1441
E05013485,Warminster Broadway,,E06000054,Wiltshire,,1442
E05013486,Warminster East,,E06000054,Wiltshire,,1443
E05013487,Warminster North & Rural,,E06000054,Wiltshire,,1444
E05013488,Warminster West,,E06000054,Wiltshire,,1445
E05013491,Westbury West,,E06000054,Wiltshire,,1446
E05013492,Wilton,,E06000054,Wiltshire,,1447
E05013493,Winsley & Westwood,,E06000054,Wiltshire,,1448
E05013494,Winterslow & Upper Bourne Valley,,E06000054,Wiltshire,,1449
E05013495,Wylye Valley,,E06000054,Wiltshire,,1450
E05013832,Bowerhill,,E06000054,Wiltshire,,1451
E05013833,Melksham East,,E06000054,Wiltshire,,1452
E05013834,Pewsey,,E06000054,Wiltshire,,1453
E05013835,Pewsey Vale West,,E06000054,Wiltshire,,1454
E05016236,"Bromham, Rowde & Roundway",,E06000054,Wiltshire,,1455
E05016237,Calne Central,,E06000054,Wiltshire,,1456
E05016238,Calne North,,E06000054,Wiltshire,,1457
E05016239,Calne Rural,,E06000054,Wiltshire,,1458
E05016240,Calne South,,E06000054,Wiltshire,,1459
E05016241,Ethandune,,E06000054,Wiltshire,,1460
E05016242,Kington,,E06000054,Wiltshire,,1461
E05016243,Westbury East,,E06000054,Wiltshire,,1462
E05016244,Westbury North,,E06000054,Wiltshire,,1463
E05016247,Bradford-on-Avon North,,E06000054,Wiltshire,,1464
E05016248,Bradford-on-Avon South,,E06000054,Wiltshire,,1465
E05016249,Brinkworth,,E06000054,Wiltshire,,1466
E05016250,Calne Chilvester & Abberd,,E06000054,Wiltshire,,1467
E05016251,Chippenham Hardens & Central,,E06000054,Wiltshire,,1468
E05016252,Chippenham Pewsham,,E06000054,Wiltshire,,1469
E05016253,Melksham Forest,,E06000054,Wiltshire,,1470
E05016254,Melksham South,,E06000054,Wiltshire,,1471
E05016255,Royal Wootton Bassett South & West,,E06000054,Wiltshire,,1472
E05016256,Salisbury Milford,,E06000054,Wiltshire,,1473
E05016257,Salisbury St Francis & Stratford,,E06000054,Wiltshire,,1474
E05016258,Southwick,,E06000054,Wiltshire,,1475
E05016259,Trowbridge Drynham,,E06000054,Wiltshire,,1476
E05016260,Trowbridge Grove,,E06000054,Wiltshire,,1477
E05016261,Trowbridge Lambrok,,E06000054,Wiltshire,,1478
E05013463,Salisbury Fisherton & Bemerton Village,,E06000054,Wiltshire,,1479
E05013464,Salisbury Harnham East,,E06000054,Wiltshire,,1480
E05013465,Salisbury Harnham West,,E06000054,Wiltshire,,1481
E05014397,Barton-le-Clay & Silsoe,,E06000056,Central Bedfordshire,,1482
E05014398,Biggleswade East,,E06000056,Central Bedfordshire,,1483
E05014399,Biggleswade West,,E06000056,Central Bedfordshire,,1484
E05014400,Caddington,,E06000056,Central Bedfordshire,,1485
E05014401,"Clifton, Henlow & Langford",,E06000056,Central Bedfordshire,,1486
E05014402,Cranfield & Marston Moretaine,,E06000056,Central Bedfordshire,,1487
E05014403,Dunstable Central,,E06000056,Central Bedfordshire,,1488
E05014404,Dunstable East,,E06000056,Central Bedfordshire,,1489
E05014405,Dunstable North,,E06000056,Central Bedfordshire,,1490
E05014406,Dunstable South,,E06000056,Central Bedfordshire,,1491
E05014407,Dunstable West,,E06000056,Central Bedfordshire,,1492
E05014408,Eaton Bray,,E06000056,Central Bedfordshire,,1493
E05014409,Flitwick,,E06000056,Central Bedfordshire,,1494
E05014410,Heath & Reach,,E06000056,Central Bedfordshire,,1495
E05014411,Houghton Conquest & Haynes,,E06000056,Central Bedfordshire,,1496
E05014412,Houghton Regis East,,E06000056,Central Bedfordshire,,1497
E05014413,Houghton Regis West,,E06000056,Central Bedfordshire,,1498
E05014414,Leighton-Linslade North,,E06000056,Central Bedfordshire,,1499
E05014415,Leighton-Linslade South,,E06000056,Central Bedfordshire,,1500
E05014416,Leighton-Linslade West,,E06000056,Central Bedfordshire,,1501
E05014417,Meppershall & Shillington,,E06000056,Central Bedfordshire,,1502
E05014418,Northill,,E06000056,Central Bedfordshire,,1503
E05014419,Potton,,E06000056,Central Bedfordshire,,1504
E05014420,Sandy,,E06000056,Central Bedfordshire,,1505
E05014421,Shefford,,E06000056,Central Bedfordshire,,1506
E05014422,Stotfold,,E06000056,Central Bedfordshire,,1507
E05014423,Toddington,,E06000056,Central Bedfordshire,,1508
E05014424,"Westoning, Flitton & Greenfield",,E06000056,Central Bedfordshire,,1509
E05016083,Alnwick Castle,,E06000057,Northumberland,,1510
E05016084,Alnwick Hotspur,,E06000057,Northumberland,,1511
E05016085,Amble,,E06000057,Northumberland,,1512
E05016086,Amble West with Warkworth,,E06000057,Northumberland,,1513
E05016087,Ashington Central,,E06000057,Northumberland,,1514
E05016088,Bamburgh,,E06000057,Northumberland,,1515
E05016089,Bebside & Kitty Brewster,,E06000057,Northumberland,,1516
E05016090,Bedlington Central,,E06000057,Northumberland,,1517
E05016091,Bedlington East,,E06000057,Northumberland,,1518
E05016092,Bedlington West,,E06000057,Northumberland,,1519
E05016093,Bellingham,,E06000057,Northumberland,,1520
E05016094,Berwick East,,E06000057,Northumberland,,1521
E05016095,Berwick North,,E06000057,Northumberland,,1522
E05016096,Berwick West with Ord,,E06000057,Northumberland,,1523
E05016097,Bothal,,E06000057,Northumberland,,1524
E05016098,Choppington & Hepscott,,E06000057,Northumberland,,1525
E05016099,College with North Seaton,,E06000057,Northumberland,,1526
E05016100,Corbridge,,E06000057,Northumberland,,1527
E05016101,Cowpen,,E06000057,Northumberland,,1528
E05016102,Cramlington East & Double Row,,E06000057,Northumberland,,1529
E05016103,Cramlington Eastfield,,E06000057,Northumberland,,1530
E05016104,Cramlington North,,E06000057,Northumberland,,1531
E05016105,Cramlington North West,,E06000057,Northumberland,,1532
E05016106,Cramlington South East,,E06000057,Northumberland,,1533
E05016107,Cramlington South West,,E06000057,Northumberland,,1534
E05016108,Cramlington Village,,E06000057,Northumberland,,1535
E05016109,Croft,,E06000057,Northumberland,,1536
E05016110,Druridge Bay,,E06000057,Northumberland,,1537
E05016111,Haltwhistle,,E06000057,Northumberland,,1538
E05016112,Hartley,,E06000057,Northumberland,,1539
E05016113,Haydon,,E06000057,Northumberland,,1540
E05016114,Haydon & Hadrian,,E06000057,Northumberland,,1541
E05016115,Hexham East,,E06000057,Northumberland,,1542
E05016116,Hexham North,,E06000057,Northumberland,,1543
E05016117,Hexham West,,E06000057,Northumberland,,1544
E05016118,Hirst,,E06000057,Northumberland,,1545
E05016119,Holywell,,E06000057,Northumberland,,1546
E05016120,Humshaugh,,E06000057,Northumberland,,1547
E05016121,Isabella,,E06000057,Northumberland,,1548
E05016122,Longhirst,,E06000057,Northumberland,,1549
E05016123,Longhorsley,,E06000057,Northumberland,,1550
E05012671,Oakdale,,E06000058,"Bournemouth, Christchurch and Poole",,1551
E05012672,Parkstone,,E06000058,"Bournemouth, Christchurch and Poole",,1552
E05012673,Penn Hill,,E06000058,"Bournemouth, Christchurch and Poole",,1553
E05012674,Poole Town,,E06000058,"Bournemouth, Christchurch and Poole",,1554
E05012675,Queen's Park,,E06000058,"Bournemouth, Christchurch and Poole",,1555
E05012676,Redhill & Northbourne,,E06000058,"Bournemouth, Christchurch and Poole",,1556
E05012677,Talbot & Branksome Woods,,E06000058,"Bournemouth, Christchurch and Poole",,1557
E05012678,Wallisdown & Winton West,,E06000058,"Bournemouth, Christchurch and Poole",,1558
E05012679,West Southbourne,,E06000058,"Bournemouth, Christchurch and Poole",,1559
E05012680,Westbourne & West Cliff,,E06000058,"Bournemouth, Christchurch and Poole",,1560
E05012681,Winton East,,E06000058,"Bournemouth, Christchurch and Poole",,1561
E05012682,Beacon,,E06000059,Dorset,,1562
E05012683,Beaminster,,E06000059,Dorset,,1563
E05012684,Blackmore Vale,,E06000059,Dorset,,1564
E05012685,Blandford,,E06000059,Dorset,,1565
E05012687,Chalk Valleys,,E06000059,Dorset,,1566
E05012688,Charminster St Mary's,,E06000059,Dorset,,1567
E05012690,Chickerell,,E06000059,Dorset,,1568
E05012691,Colehill & Wimborne Minster East,,E06000059,Dorset,,1569
E05012692,Corfe Mullen,,E06000059,Dorset,,1570
E05012693,Cranborne & Alderholt,,E06000059,Dorset,,1571
E05012694,Cranborne Chase,,E06000059,Dorset,,1572
E05012695,Crossways,,E06000059,Dorset,,1573
E05012696,Dorchester East,,E06000059,Dorset,,1574
E05012697,Dorchester Poundbury,,E06000059,Dorset,,1575
E05012698,Dorchester West,,E06000059,Dorset,,1576
E05012700,Ferndown North,,E06000059,Dorset,,1577
E05012701,Ferndown South,,E06000059,Dorset,,1578
E05012702,Gillingham,,E06000059,Dorset,,1579
E05012703,Hill Forts & Upper Tarrants,,E06000059,Dorset,,1580
E05012704,Littlemoor & Preston,,E06000059,Dorset,,1581
E05012705,Lyme & Charmouth,,E06000059,Dorset,,1582
E05012706,Lytchett Matravers & Upton,,E06000059,Dorset,,1583
E05012708,Melcombe Regis,,E06000059,Dorset,,1584
E05012709,Portland,,E06000059,Dorset,,1585
E05012710,Puddletown & Lower Winterborne,,E06000059,Dorset,,1586
E05012711,Radipole,,E06000059,Dorset,,1587
E05012712,Rodwell & Wyke,,E06000059,Dorset,,1588
E05012713,St Leonards & St Ives,,E06000059,Dorset,,1589
E05012714,Shaftesbury Town,,E06000059,Dorset,,1590
E05012715,Sherborne East,,E06000059,Dorset,,1591
E05012716,Sherborne Rural,,E06000059,Dorset,,1592
E05012717,Sherborne West,,E06000059,Dorset,,1593
E05012718,South East Purbeck,,E06000059,Dorset,,1594
E05012719,Stalbridge & Marnhull,,E06000059,Dorset,,1595
E05012720,Stour & Allen Vale,,E06000059,Dorset,,1596
E05012721,Sturminster Newton,,E06000059,Dorset,,1597
E05012722,Swanage,,E06000059,Dorset,,1598
E05012723,Upwey & Broadwey,,E06000059,Dorset,,1599
E05012724,Verwood,,E06000059,Dorset,,1600
E05015964,Princes Risborough,,E06000060,Buckinghamshire,,1601
E05015965,Quainton,,E06000060,Buckinghamshire,,1602
E05015966,Ridgeway East,,E06000060,Buckinghamshire,,1603
E05015967,Ridgeway West,,E06000060,Buckinghamshire,,1604
E05015968,Sands,,E06000060,Buckinghamshire,,1605
E05015969,Terriers & Amersham Hill,,E06000060,Buckinghamshire,,1606
E05015970,The Missendens,,E06000060,Buckinghamshire,,1607
E05015971,Totteridge & Bowerdean,,E06000060,Buckinghamshire,,1608
E05015972,Waddesdon,,E06000060,Buckinghamshire,,1609
E05015973,"Wendover, Halton & Stoke Mandeville",,E06000060,Buckinghamshire,,1610
E05015974,West Wycombe & Lane End,,E06000060,Buckinghamshire,,1611
E05015975,Winslow,,E06000060,Buckinghamshire,,1612
E05016203,Avondale Grange,,E06000061,North Northamptonshire,,1613
E05016204,Barton Seagrave & Burton Latimer,,E06000061,North Northamptonshire,,1614
E05016205,Brickhill & Queensway,,E06000061,North Northamptonshire,,1615
E05016206,Corby West,,E06000061,North Northamptonshire,,1616
E05016207,Croyland & Swanspool,,E06000061,North Northamptonshire,,1617
E05016208,Desborough,,E06000061,North Northamptonshire,,1618
E05016209,Earls Barton,,E06000061,North Northamptonshire,,1619
E05016210,Finedon,,E06000061,North Northamptonshire,,1620
E05016211,Geddington & Stanion,,E06000061,North Northamptonshire,,1621
E05016212,Gretton & Weldon,,E06000061,North Northamptonshire,,1622
E05016213,Hatton Park,,E06000061,North Northamptonshire,,1623
E05016214,Higham Ferrers,,E06000061,North Northamptonshire,,1624
E05016215,Irchester,,E06000061,North Northamptonshire,,1625
E05016216,Irthlingborough,,E06000061,North Northamptonshire,,1626
E05016217,Ise,,E06000061,North Northamptonshire,,1627
E05016218,Kettering Central,,E06000061,North Northamptonshire,,1628
E05016219,Kettering North,,E06000061,North Northamptonshire,,1629
E05016220,Kingswood,,E06000061,North Northamptonshire,,1630
E05016221,Lloyds & Corby Village,,E06000061,North Northamptonshire,,1631
E05016222,Oakley,,E06000061,North Northamptonshire,,1632
E05016223,Oundle,,E06000061,North Northamptonshire,,1633
E05016224,Pemberton,,E06000061,North Northamptonshire,,1634
E05016225,Pipers Hill,,E06000061,North Northamptonshire,,1635
E05016226,Raunds,,E06000061,North Northamptonshire,,1636
E05016227,Rothwell & Mawsley,,E06000061,North Northamptonshire,,1637
E05016228,Rushden Lakes,,E06000061,North Northamptonshire,,1638
E05016229,Rushden South,,E06000061,North Northamptonshire,,1639
E05016230,St Michael,,E06000061,North Northamptonshire,,1640
E05016231,St Peter,,E06000061,North Northamptonshire,,1641
E05016232,Thrapston,,E06000061,North Northamptonshire,,1642
E05016233,Victoria,,E06000061,North Northamptonshire,,1643
E05015976,Abington & Phippsville,,E06000062,West Northamptonshire,,1644
E05015977,Billing,,E06000062,West Northamptonshire,,1645
E05015978,Blackthorn & Rectory Farm,,E06000062,West Northamptonshire,,1646
E05015979,Brackley,,E06000062,West Northamptonshire,,1647
E05015980,Braunston & Crick,,E06000062,West Northamptonshire,,1648
E05015981,Brixworth,,E06000062,West Northamptonshire,,1649
E05015982,Campion,,E06000062,West Northamptonshire,,1650
E05014193,Harrington,,E06000063,Cumberland,,1651
E05014343,Bridgwater East & Bawdrip,,E06000066,Somerset,,1652
E05014243,Penrith South,,E06000064,Westmorland and Furness,,1653
E05014244,Risedale and Roosecote,,E06000064,Westmorland and Furness,,1654
E05014245,Sedbergh and Kirkby Lonsdale,,E06000064,Westmorland and Furness,,1655
E05014246,Ulverston,,E06000064,Westmorland and Furness,,1656
E05014247,Upper Kent,,E06000064,Westmorland and Furness,,1657
E05014248,Walney Island,,E06000064,Westmorland and Furness,,1658
E05014249,Windermere and Ambleside,,E06000064,Westmorland and Furness,,1659
E05014250,Aire Valley,,E06000065,North Yorkshire,,1660
E05014251,Aiskew & Leeming,,E06000065,North Yorkshire,,1661
E05014252,Amotherby & Ampleforth,,E06000065,North Yorkshire,,1662
E05014253,Appleton Roebuck & Church Fenton,,E06000065,North Yorkshire,,1663
E05014254,Barlby & Riccall,,E06000065,North Yorkshire,,1664
E05014255,Bedale,,E06000065,North Yorkshire,,1665
E05014256,Bentham & Ingleton,,E06000065,North Yorkshire,,1666
E05014257,Bilton Grange & New Park,,E06000065,North Yorkshire,,1667
E05014258,Bilton & Nidd Gorge,,E06000065,North Yorkshire,,1668
E05014259,Boroughbridge & Claro,,E06000065,North Yorkshire,,1669
E05014260,Brayton & Barlow,,E06000065,North Yorkshire,,1670
E05014261,Camblesforth & Carlton,,E06000065,North Yorkshire,,1671
E05014262,Castle,,E06000065,North Yorkshire,,1672
E05014263,Catterick Village & Brompton-on-Swale,,E06000065,North Yorkshire,,1673
E05014264,Cawood & Escrick,,E06000065,North Yorkshire,,1674
E05014265,Cayton,,E06000065,North Yorkshire,,1675
E05014266,Cliffe & North Duffield,,E06000065,North Yorkshire,,1676
E05014267,Coppice Valley & Duchy,,E06000065,North Yorkshire,,1677
E05014268,Danby & Mulgrave,,E06000065,North Yorkshire,,1678
E05014269,Derwent Valley & Moor,,E06000065,North Yorkshire,,1679
E05014270,Easingwold,,E06000065,North Yorkshire,,1680
E05014271,Eastfield,,E06000065,North Yorkshire,,1681
E05014272,Esk Valley & Coast,,E06000065,North Yorkshire,,1682
E05014273,Fairfax & Starbeck,,E06000065,North Yorkshire,,1683
E05014274,Falsgrave & Stepney,,E06000065,North Yorkshire,,1684
E05014275,Filey,,E06000065,North Yorkshire,,1685
E05014276,Great Ayton,,E06000065,North Yorkshire,,1686
E05014277,"Glusburn, Cross Hills & Sutton-in-Craven",,E06000065,North Yorkshire,,1687
E05014278,Harlow & St. Georges,,E06000065,North Yorkshire,,1688
E05014279,High Harrogate & Kingsley,,E06000065,North Yorkshire,,1689
E05014280,Hipswell & Colburn,,E06000065,North Yorkshire,,1690
E05014281,Helmsley & Sinnington,,E06000065,North Yorkshire,,1691
E05014282,Hillside & Raskelf,,E06000065,North Yorkshire,,1692
E05014283,Huby & Tollerton,,E06000065,North Yorkshire,,1693
E05014284,Hunmanby & Sherburn,,E06000065,North Yorkshire,,1694
E05014285,Hutton Rudby & Osmotherley,,E06000065,North Yorkshire,,1695
E05014286,"Killinghall, Hampsthwaite & Saltergate",,E06000065,North Yorkshire,,1696
E05014287,Kirkbymoorside & Dales,,E06000065,North Yorkshire,,1697
E05014288,Knaresborough East,,E06000065,North Yorkshire,,1698
E05014289,Knaresborough West,,E06000065,North Yorkshire,,1699
E05014290,Leyburn & Middleham,,E06000065,North Yorkshire,,1700
E05014291,Malton,,E06000065,North Yorkshire,,1701
E05014292,Masham & Fountains,,E06000065,North Yorkshire,,1702
E05015983,Castle,,E06000062,West Northamptonshire,,1703
E05012725,Wareham,,E06000059,Dorset,,1704
E05014344,Bridgwater North & Central,,E06000066,Somerset,,1705
E05014194,Hillcrest and Hensingham,,E06000063,Cumberland,,1706
E05015984,Cogenhoe & The Houghtons,,E06000062,West Northamptonshire,,1707
E05014195,Houghton and Irthington,,E06000063,Cumberland,,1708
E05015985,Dallington Spencer,,E06000062,West Northamptonshire,,1709
E05015986,Daventry North East,,E06000062,West Northamptonshire,,1710
E05015987,Daventry North West,,E06000062,West Northamptonshire,,1711
E05014196,Howgate,,E06000063,Cumberland,,1712
E05015988,Daventry South,,E06000062,West Northamptonshire,,1713
E05014197,Kells and Sandwith,,E06000063,Cumberland,,1714
E05015989,Deanshanger & Paulerspury,,E06000062,West Northamptonshire,,1715
E05012726,West Moors & Three Legged Cross,,E06000059,Dorset,,1716
E05014198,Keswick,,E06000063,Cumberland,,1717
E05015990,Duston,,E06000062,West Northamptonshire,,1718
E05014345,Bridgwater South,,E06000066,Somerset,,1719
E05012727,West Parley,,E06000059,Dorset,,1720
E05014199,Longtown,,E06000063,Cumberland,,1721
E05015991,"Far Cotton, Delapre & Briar Hill",,E06000062,West Northamptonshire,,1722
E05014346,Bridgwater West,,E06000066,Somerset,,1723
E05012728,West Purbeck,,E06000059,Dorset,,1724
E05014200,Maryport North,,E06000063,Cumberland,,1725
E05015992,Hackleton & Roade,,E06000062,West Northamptonshire,,1726
E05014347,Brympton,,E06000066,Somerset,,1727
E05012729,Westham,,E06000059,Dorset,,1728
E05014201,Maryport South,,E06000063,Cumberland,,1729
E05015993,Headlands,,E06000062,West Northamptonshire,,1730
E05014348,Burnham on Sea North,,E06000066,Somerset,,1731
E05012730,Wimborne Minster,,E06000059,Dorset,,1732
E05014202,Millom,,E06000063,Cumberland,,1733
E05015994,Hunsbury,,E06000062,West Northamptonshire,,1734
E05014349,Cannington,,E06000066,Somerset,,1735
E05012731,Winterborne & Broadmayne,,E06000059,Dorset,,1736
E05014203,Millom Without,,E06000063,Cumberland,,1737
E05015995,Kingsley & Semilong,,E06000062,West Northamptonshire,,1738
E05015996,Kingsthorpe North,,E06000062,West Northamptonshire,,1739
E05015997,Kingsthorpe South,,E06000062,West Northamptonshire,,1740
E05015998,Long Buckby,,E06000062,West Northamptonshire,,1741
E05015999,Middleton Cheney,,E06000062,West Northamptonshire,,1742
E05016000,Moulton,,E06000062,West Northamptonshire,,1743
E05016001,Naseby,,E06000062,West Northamptonshire,,1744
E05016002,Nene Valley,,E06000062,West Northamptonshire,,1745
E05016003,Parklands,,E06000062,West Northamptonshire,,1746
E05016004,Rural North East,,E06000062,West Northamptonshire,,1747
E05016005,Rural South Northamptonshire,,E06000062,West Northamptonshire,,1748
E05016006,Talavera,,E06000062,West Northamptonshire,,1749
E05016007,Towcester,,E06000062,West Northamptonshire,,1750
E05016008,Upton,,E06000062,West Northamptonshire,,1751
E05016009,Weston Favell & Abington Vale,,E06000062,West Northamptonshire,,1752
E05016010,Woodford & Weedon,,E06000062,West Northamptonshire,,1753
E05014171,Aspatria,,E06000063,Cumberland,,1754
E05014172,Belah,,E06000063,Cumberland,,1755
E05014173,Belle Vue,,E06000063,Cumberland,,1756
E05014174,Botcherby,,E06000063,Cumberland,,1757
E05014175,Bothel and Wharrels,,E06000063,Cumberland,,1758
E05014176,Brampton,,E06000063,Cumberland,,1759
E05014177,Bransty,,E06000063,Cumberland,,1760
E05014178,Castle,,E06000063,Cumberland,,1761
E05014179,Cleator Moor East and Frizington,,E06000063,Cumberland,,1762
E05014180,Cleator Moor West,,E06000063,Cumberland,,1763
E05014181,Cockermouth North,,E06000063,Cumberland,,1764
E05014182,Cockermouth South,,E06000063,Cumberland,,1765
E05014183,Corby and Hayton,,E06000063,Cumberland,,1766
E05014184,Currock,,E06000063,Cumberland,,1767
E05014185,Dalston and Burgh,,E06000063,Cumberland,,1768
E05014186,Dearham and Broughton,,E06000063,Cumberland,,1769
E05014187,Denton Holme,,E06000063,Cumberland,,1770
E05014188,Egremont,,E06000063,Cumberland,,1771
E05014189,Egremont North and St Bees,,E06000063,Cumberland,,1772
E05014190,Gosforth,,E06000063,Cumberland,,1773
E05014191,Harraby North,,E06000063,Cumberland,,1774
E05014192,Harraby South,,E06000063,Cumberland,,1775
E05014293,Monk Fryston & South Milford,,E06000065,North Yorkshire,,1776
E05014204,Mirehouse,,E06000063,Cumberland,,1777
E05014205,Morton,,E06000063,Cumberland,,1778
E05014206,Moss Bay and Moorclose,,E06000063,Cumberland,,1779
E05014207,St John's and Great Clifton,,E06000063,Cumberland,,1780
E05014208,St Michael's,,E06000063,Cumberland,,1781
E05014209,Seaton,,E06000063,Cumberland,,1782
E05014210,Solway Coast,,E06000063,Cumberland,,1783
E05014211,Stanwix Urban,,E06000063,Cumberland,,1784
E05014212,Thursby,,E06000063,Cumberland,,1785
E05014294,Mid Craven,,E06000065,North Yorkshire,,1786
E05014213,Upperby,,E06000063,Cumberland,,1787
E05012732,Winterborne North,,E06000059,Dorset,,1788
E05014295,Morton-on-Swale & Appleton Wiske,,E06000065,North Yorkshire,,1789
E05014214,Wetheral,,E06000063,Cumberland,,1790
E05012733,Yetminster,,E06000059,Dorset,,1791
E05014350,Castle Cary,,E06000066,Somerset,,1792
E05014296,Newby,,E06000065,North Yorkshire,,1793
E05014215,Wigton,,E06000063,Cumberland,,1794
E05015779,Bridport,,E06000059,Dorset,,1795
E05014351,Chard North,,E06000066,Somerset,,1796
E05014297,North Richmondshire,,E06000065,North Yorkshire,,1797
E05014216,Yewdale,,E06000063,Cumberland,,1798
E05015780,Chesil Bank,,E06000059,Dorset,,1799
E05014352,Chard South,,E06000066,Somerset,,1800
E05014298,Northallerton North & Brompton,,E06000065,North Yorkshire,,1801
E05014299,Northallerton South,,E06000065,North Yorkshire,,1802
E05014300,Norton,,E06000065,North Yorkshire,,1803
E05014301,Northstead,,E06000065,North Yorkshire,,1804
E05014302,Oatlands & Pannal,,E06000065,North Yorkshire,,1805
E05014303,Osgoldcross,,E06000065,North Yorkshire,,1806
E05014304,Ouseburn,,E06000065,North Yorkshire,,1807
E05014305,Pateley Bridge & Nidderdale,,E06000065,North Yorkshire,,1808
E05014306,Pickering,,E06000065,North Yorkshire,,1809
E05014307,Richmond,,E06000065,North Yorkshire,,1810
E05014308,Ripon Minster & Moorside,,E06000065,North Yorkshire,,1811
E05014309,Ripon Ure Bank & Spa,,E06000065,North Yorkshire,,1812
E05014310,Romanby,,E06000065,North Yorkshire,,1813
E05014311,Scalby & the Coast,,E06000065,North Yorkshire,,1814
E05014312,Scotton & Lower Wensleydale,,E06000065,North Yorkshire,,1815
E05014313,Seamer,,E06000065,North Yorkshire,,1816
E05014314,Selby East,,E06000065,North Yorkshire,,1817
E05014315,Selby West,,E06000065,North Yorkshire,,1818
E05014316,Settle & Penyghent,,E06000065,North Yorkshire,,1819
E05014317,Sherburn in Elmet,,E06000065,North Yorkshire,,1820
E05014318,Sheriff Hutton & Derwent,,E06000065,North Yorkshire,,1821
E05014319,Skipton East & South,,E06000065,North Yorkshire,,1822
E05014320,Skipton North & Embsay-with-Eastby,,E06000065,North Yorkshire,,1823
E05014321,Skipton West & West Craven,,E06000065,North Yorkshire,,1824
E05014322,Sowerby & Topcliffe,,E06000065,North Yorkshire,,1825
E05014323,Spofforth with Lower Wharfedale & Tockwith,,E06000065,North Yorkshire,,1826
E05014324,"Stray, Woodlands & Hookstone",,E06000065,North Yorkshire,,1827
E05014325,Stokesley,,E06000065,North Yorkshire,,1828
E05014326,Tadcaster,,E06000065,North Yorkshire,,1829
E05014327,Thirsk,,E06000065,North Yorkshire,,1830
E05014328,Thornton Dale & Wolds,,E06000065,North Yorkshire,,1831
E05014329,Thorpe Willoughby & Hambleton,,E06000065,North Yorkshire,,1832
E05014330,Upper Dales,,E06000065,North Yorkshire,,1833
E05014331,Valley Gardens & Central Harrogate,,E06000065,North Yorkshire,,1834
E05014332,Washburn & Birstwith,,E06000065,North Yorkshire,,1835
E05014333,Wathvale & Bishop Monkton,,E06000065,North Yorkshire,,1836
E05014334,Weaponness & Ramshill,,E06000065,North Yorkshire,,1837
E05014335,Wharfedale,,E06000065,North Yorkshire,,1838
E05014336,Whitby Streonshalh,,E06000065,North Yorkshire,,1839
E05014337,Whitby West,,E06000065,North Yorkshire,,1840
E05014338,Woodlands,,E06000065,North Yorkshire,,1841
E05014339,Bishop's Hull & Taunton West,,E06000066,Somerset,,1842
E05014340,Blackdown & Neroche,,E06000066,Somerset,,1843
E05014341,Blackmoor Vale,,E06000066,Somerset,,1844
E05014342,Brent,,E06000066,Somerset,,1845
E05014353,Cheddar,,E06000066,Somerset,,1846
E05014354,Coker,,E06000066,Somerset,,1847
E05014355,Comeytrowe & Trull,,E06000066,Somerset,,1848
E05014356,Crewkerne,,E06000066,Somerset,,1849
E05014357,Curry Rivel & Langport,,E06000066,Somerset,,1850
E05014358,Dulverton & Exmoor,,E06000066,Somerset,,1851
E05014359,Dunster,,E06000066,Somerset,,1852
E05014360,Frome East,,E06000066,Somerset,,1853
E05014361,Frome North,,E06000066,Somerset,,1854
E05014362,Frome West,,E06000066,Somerset,,1855
E05014363,Glastonbury,,E06000066,Somerset,,1856
E05014364,Highbridge & Burnham South,,E06000066,Somerset,,1857
E05014365,Huntspill,,E06000066,Somerset,,1858
E05014366,Ilminster,,E06000066,Somerset,,1859
E05014367,King Alfred,,E06000066,Somerset,,1860
E05014368,Lydeard,,E06000066,Somerset,,1861
E05014369,Martock,,E06000066,Somerset,,1862
E05014370,Mendip Central and East,,E06000066,Somerset,,1863
E05014371,Mendip Hills,,E06000066,Somerset,,1864
E05014372,Mendip South,,E06000066,Somerset,,1865
E05014373,Mendip West,,E06000066,Somerset,,1866
E05014374,Minehead,,E06000066,Somerset,,1867
E05014375,Monkton & North Curry,,E06000066,Somerset,,1868
E05014376,North Petherton,,E06000066,Somerset,,1869
E05014377,Rowbarton & Staplegrove,,E06000066,Somerset,,1870
E05014378,Shepton Mallet,,E06000066,Somerset,,1871
E05014379,Somerton,,E06000066,Somerset,,1872
E05014380,South Petherton & Islemoor,,E06000066,Somerset,,1873
E05014381,Street,,E06000066,Somerset,,1874
E05014382,Taunton East,,E06000066,Somerset,,1875
E05014383,Taunton North,,E06000066,Somerset,,1876
E05014384,Taunton South,,E06000066,Somerset,,1877
E05014385,Upper Tone,,E06000066,Somerset,,1878
E05014386,Watchet & Stogursey,,E06000066,Somerset,,1879
E05014387,Wellington,,E06000066,Somerset,,1880
E05014388,Wells,,E06000066,Somerset,,1881
E05014389,Wincanton & Bruton,,E06000066,Somerset,,1882
E05014390,Yeovil Central,,E06000066,Somerset,,1883
E05014391,Yeovil East,,E06000066,Somerset,,1884
E05014392,Yeovil South,,E06000066,Somerset,,1885
E05015781,Eggardon,,E06000059,Dorset,,1886
E05015782,Marshwood Vale,,E06000059,Dorset,,1887
E05015927,Abbey,,E06000060,Buckinghamshire,,1888
E05015928,Amersham & Chesham Bois,,E06000060,Buckinghamshire,,1889
E05015929,Aston Clinton & Weston Turville,,E06000060,Buckinghamshire,,1890
E05015930,Aylesbury East,,E06000060,Buckinghamshire,,1891
E05015931,Aylesbury North,,E06000060,Buckinghamshire,,1892
E05015932,Aylesbury North West,,E06000060,Buckinghamshire,,1893
E05015933,Aylesbury South East,,E06000060,Buckinghamshire,,1894
E05015934,Aylesbury South West,,E06000060,Buckinghamshire,,1895
E05015935,Aylesbury West,,E06000060,Buckinghamshire,,1896
E05015936,Beaconsfield,,E06000060,Buckinghamshire,,1897
E05015937,"Berryfields, Buckingham Park & Watermead",,E06000060,Buckinghamshire,,1898
E05015938,"Bierton, Kingsbrook & Wing",,E06000060,Buckinghamshire,,1899
E05015939,Booker & Cressex,,E06000060,Buckinghamshire,,1900
E05015940,Buckingham,,E06000060,Buckinghamshire,,1901
E05015941,Burnham,,E06000060,Buckinghamshire,,1902
E05015942,Castlefield & Oakridge,,E06000060,Buckinghamshire,,1903
E05015943,Chalfont St Giles & Little Chalfont,,E06000060,Buckinghamshire,,1904
E05015944,Chalfont St Peter,,E06000060,Buckinghamshire,,1905
E05015945,Chesham North,,E06000060,Buckinghamshire,,1906
E05015946,Chesham South,,E06000060,Buckinghamshire,,1907
E05015947,Chiltern Villages,,E06000060,Buckinghamshire,,1908
E05015948,Disraeli,,E06000060,Buckinghamshire,,1909
E05015949,Downley,,E06000060,Buckinghamshire,,1910
E05015950,Farnhams & Stoke Poges,,E06000060,Buckinghamshire,,1911
E05015951,Flackwell Heath & The Wooburns,,E06000060,Buckinghamshire,,1912
E05015952,Gerrards Cross & Denham,,E06000060,Buckinghamshire,,1913
E05015953,Grendon Underwood & The Claydons,,E06000060,Buckinghamshire,,1914
E05015954,Haddenham & Stone,,E06000060,Buckinghamshire,,1915
E05015955,Hazlemere,,E06000060,Buckinghamshire,,1916
E05015956,Horwood,,E06000060,Buckinghamshire,,1917
E05015957,Iver,,E06000060,Buckinghamshire,,1918
E05015958,Ivinghoe,,E06000060,Buckinghamshire,,1919
E05015959,Long Crendon,,E06000060,Buckinghamshire,,1920
E05015960,Marlow,,E06000060,Buckinghamshire,,1921
E05015961,Marsh & Micklefield,,E06000060,Buckinghamshire,,1922
E05015962,Newton Longville,,E06000060,Buckinghamshire,,1923
E05015963,"Penn, Tylers Green & Loudwater",,E06000060,Buckinghamshire,,1924
E05014217,Alston and Fellside,,E06000064,Westmorland and Furness,,1925
E05014218,Appleby and Brough,,E06000064,Westmorland and Furness,,1926
E05014219,Bowness and Lyth,,E06000064,Westmorland and Furness,,1927
E05014220,Burton and Holme,,E06000064,Westmorland and Furness,,1928
E05014221,Coniston and Hawkshead,,E06000064,Westmorland and Furness,,1929
E05014222,Dalton North,,E06000064,Westmorland and Furness,,1930
E05014223,Dalton South,,E06000064,Westmorland and Furness,,1931
E05014224,Eamont and Shap,,E06000064,Westmorland and Furness,,1932
E05014225,Eden and Lyvennet Vale,,E06000064,Westmorland and Furness,,1933
E05014226,Grange and Cartmel,,E06000064,Westmorland and Furness,,1934
E05014227,Greystoke and Ullswater,,E06000064,Westmorland and Furness,,1935
E05014228,Hawcoat and Newbarns,,E06000064,Westmorland and Furness,,1936
E05014229,Hesket and Lazonby,,E06000064,Westmorland and Furness,,1937
E05014230,High Furness,,E06000064,Westmorland and Furness,,1938
E05014231,Kendal Castle,,E06000064,Westmorland and Furness,,1939
E05014232,Kendal Highgate,,E06000064,Westmorland and Furness,,1940
E05014233,Kendal Nether,,E06000064,Westmorland and Furness,,1941
E05014234,Kendal South,,E06000064,Westmorland and Furness,,1942
E05014235,Kendal Strickland and Fell,,E06000064,Westmorland and Furness,,1943
E05014236,Kent Estuary,,E06000064,Westmorland and Furness,,1944
E05014237,Kirkby Stephen and Tebay,,E06000064,Westmorland and Furness,,1945
E05014238,Levens and Crooklands,,E06000064,Westmorland and Furness,,1946
E05014239,Low Furness,,E06000064,Westmorland and Furness,,1947
E05014240,Old Barrow and Hindpool,,E06000064,Westmorland and Furness,,1948
E05014241,Ormsgill and Parkside,,E06000064,Westmorland and Furness,,1949
E05014242,Penrith North,,E06000064,Westmorland and Furness,,1950
E05014393,Yeovil West,,E06000066,Somerset,,1951
E05013050,Abbey,,E07000008,Cambridge,,1952
E05013051,Arbury,,E07000008,Cambridge,,1953
E05013052,Castle,,E07000008,Cambridge,,1954
E05013053,Cherry Hinton,,E07000008,Cambridge,,1955
E05013054,Coleridge,,E07000008,Cambridge,,1956
E05013055,East Chesterton,,E07000008,Cambridge,,1957
E05013056,King's Hedges,,E07000008,Cambridge,,1958
E05013057,Market,,E07000008,Cambridge,,1959
E05013058,Newnham,,E07000008,Cambridge,,1960
E05013059,Petersfield,,E07000008,Cambridge,,1961
E05013060,Queen Edith's,,E07000008,Cambridge,,1962
E05013061,Romsey,,E07000008,Cambridge,,1963
E05013062,Trumpington,,E07000008,Cambridge,,1964
E05013063,West Chesterton,,E07000008,Cambridge,,1965
E05011561,Burwell,,E07000009,East Cambridgeshire,,1966
E05011562,Downham Villages,,E07000009,East Cambridgeshire,,1967
E05011563,Ely East,,E07000009,East Cambridgeshire,,1968
E05011564,Ely North,,E07000009,East Cambridgeshire,,1969
E05011565,Ely West,,E07000009,East Cambridgeshire,,1970
E05011566,Fordham & Isleham,,E07000009,East Cambridgeshire,,1971
E05011567,Haddenham,,E07000009,East Cambridgeshire,,1972
E05011568,Littleport,,E07000009,East Cambridgeshire,,1973
E05011569,Soham North,,E07000009,East Cambridgeshire,,1974
E05011570,Soham South,,E07000009,East Cambridgeshire,,1975
E05011571,Stretham,,E07000009,East Cambridgeshire,,1976
E05011572,Sutton,,E07000009,East Cambridgeshire,,1977
E05015488,Bottisham,,E07000009,East Cambridgeshire,,1978
E05015489,Woodditton,,E07000009,East Cambridgeshire,,1979
E05015421,Chatteris North & Manea,,E07000010,Fenland,,1980
E05015422,Chatteris South,,E07000010,Fenland,,1981
E05015423,Doddington & Wimblington,,E07000010,Fenland,,1982
E05015424,Elm & Christchurch,,E07000010,Fenland,,1983
E05015425,Leverington & Wisbech Rural,,E07000010,Fenland,,1984
E05015426,March East,,E07000010,Fenland,,1985
E05015427,March North,,E07000010,Fenland,,1986
E05015428,March South,,E07000010,Fenland,,1987
E05015429,March West & Benwick,,E07000010,Fenland,,1988
E05015430,Parson Drove & Wisbech St Mary,,E07000010,Fenland,,1989
E05015431,Whittlesey East & Villages,,E07000010,Fenland,,1990
E05015432,Whittlesey Lattersey,,E07000010,Fenland,,1991
E05015433,Whittlesey North West,,E07000010,Fenland,,1992
E05015434,Whittlesey South,,E07000010,Fenland,,1993
E05015435,Wisbech North,,E07000010,Fenland,,1994
E05015436,Wisbech Riverside,,E07000010,Fenland,,1995
E05015437,Wisbech South,,E07000010,Fenland,,1996
E05015438,Wisbech Walsoken & Waterlees,,E07000010,Fenland,,1997
E05011256,Alconbury,,E07000011,Huntingdonshire,,1998
E05011257,Brampton,,E07000011,Huntingdonshire,,1999
E05011258,Buckden,,E07000011,Huntingdonshire,,2000
E05010633,Hadfield North,,E07000037,High Peak,,2001
E05010634,Hadfield South,,E07000037,High Peak,,2002
E05010635,Hayfield,,E07000037,High Peak,,2003
E05010636,Hope Valley,,E07000037,High Peak,,2004
E05010637,Howard Town,,E07000037,High Peak,,2005
E05010638,Limestone Peak,,E07000037,High Peak,,2006
E05010639,New Mills East,,E07000037,High Peak,,2007
E05010640,New Mills West,,E07000037,High Peak,,2008
E05010641,Old Glossop,,E07000037,High Peak,,2009
E05010642,Padfield,,E07000037,High Peak,,2010
E05010643,St John's,,E07000037,High Peak,,2011
E05010644,Sett,,E07000037,High Peak,,2012
E05010645,Simmondley,,E07000037,High Peak,,2013
E05010646,Stone Bench,,E07000037,High Peak,,2014
E05010647,Temple,,E07000037,High Peak,,2015
E05010648,Tintwistle,,E07000037,High Peak,,2016
E05010649,Whaley Bridge,,E07000037,High Peak,,2017
E05010650,Whitfield,,E07000037,High Peak,,2018
E05012040,Ashover,,E07000038,North East Derbyshire,,2019
E05012041,Barlow & Holmesfield,,E07000038,North East Derbyshire,,2020
E05012042,Brampton & Walton,,E07000038,North East Derbyshire,,2021
E05012043,Clay Cross North,,E07000038,North East Derbyshire,,2022
E05012044,Clay Cross South,,E07000038,North East Derbyshire,,2023
E05012045,Coal Aston,,E07000038,North East Derbyshire,,2024
E05012046,Dronfield North,,E07000038,North East Derbyshire,,2025
E05012047,Dronfield South,,E07000038,North East Derbyshire,,2026
E05012048,Dronfield Woodhouse,,E07000038,North East Derbyshire,,2027
E05012049,Eckington North,,E07000038,North East Derbyshire,,2028
E05012050,Eckington South & Renishaw,,E07000038,North East Derbyshire,,2029
E05012051,Gosforth Valley,,E07000038,North East Derbyshire,,2030
E05012052,Grassmoor,,E07000038,North East Derbyshire,,2031
E05012053,Holmewood & Heath,,E07000038,North East Derbyshire,,2032
E05012054,Killamarsh East,,E07000038,North East Derbyshire,,2033
E05012055,Killamarsh West,,E07000038,North East Derbyshire,,2034
E05012056,North Wingfield Central,,E07000038,North East Derbyshire,,2035
E05012057,Pilsley & Morton,,E07000038,North East Derbyshire,,2036
E05012058,Ridgeway & Marsh Lane,,E07000038,North East Derbyshire,,2037
E05012059,Shirland,,E07000038,North East Derbyshire,,2038
E05012060,Sutton,,E07000038,North East Derbyshire,,2039
E05012061,Tupton,,E07000038,North East Derbyshire,,2040
E05012062,Unstone,,E07000038,North East Derbyshire,,2041
E05012063,Wingerworth,,E07000038,North East Derbyshire,,2042
E05008809,Aston,,E07000039,South Derbyshire,,2043
E05008810,Church Gresley,,E07000039,South Derbyshire,,2044
E05008811,Etwall,,E07000039,South Derbyshire,,2045
E05008812,Hatton,,E07000039,South Derbyshire,,2046
E05008813,Hilton,,E07000039,South Derbyshire,,2047
E05008814,Linton,,E07000039,South Derbyshire,,2048
E05008815,Melbourne,,E07000039,South Derbyshire,,2049
E05008816,Midway,,E07000039,South Derbyshire,,2050
E05011259,Fenstanton,,E07000011,Huntingdonshire,,2051
E05014691,Alport & South West Parishes,,E07000032,Amber Valley,,2052
E05010131,Charterlands,,E07000044,South Hams,,2053
E05014589,Ashbourne North,,E07000035,Derbyshire Dales,,2054
E05014590,Ashbourne South,,E07000035,Derbyshire Dales,,2055
E05014796,Bradninch,,E07000042,Mid Devon,,2056
E05014692,Belper East,,E07000032,Amber Valley,,2057
E05010132,Dartington & Staverton,,E07000044,South Hams,,2058
E05011260,Godmanchester & Hemingford Abbots,,E07000011,Huntingdonshire,,2059
E05008817,Newhall and Stanton,,E07000039,South Derbyshire,,2060
E05014591,Bakewell,,E07000035,Derbyshire Dales,,2061
E05014797,Cadbury,,E07000042,Mid Devon,,2062
E05014693,Belper North,,E07000032,Amber Valley,,2063
E05010133,Dartmouth & East Dart,,E07000044,South Hams,,2064
E05011261,Great Paxton,,E07000011,Huntingdonshire,,2065
E05008818,Repton,,E07000039,South Derbyshire,,2066
E05014592,Bonsall & Winster,,E07000035,Derbyshire Dales,,2067
E05014798,Canonsleigh,,E07000042,Mid Devon,,2068
E05014694,Belper South,,E07000032,Amber Valley,,2069
E05010134,Ermington & Ugborough,,E07000044,South Hams,,2070
E05011262,Great Staughton,,E07000011,Huntingdonshire,,2071
E05008819,Seales,,E07000039,South Derbyshire,,2072
E05014593,Bradwell,,E07000035,Derbyshire Dales,,2073
E05014799,Clare & Shuttern,,E07000042,Mid Devon,,2074
E05014695,"Codnor, Langley Mill & Aldercar",,E07000032,Amber Valley,,2075
E05010135,Ivybridge East,,E07000044,South Hams,,2076
E05011263,Hemingford Grey & Houghton,,E07000011,Huntingdonshire,,2077
E05008820,Stenson,,E07000039,South Derbyshire,,2078
E05014594,Brailsford,,E07000035,Derbyshire Dales,,2079
E05014800,Crediton Boniface,,E07000042,Mid Devon,,2080
E05014696,Crich & South Wingfield,,E07000032,Amber Valley,,2081
E05010136,Ivybridge West,,E07000044,South Hams,,2082
E05011264,Holywell-cum-Needingworth,,E07000011,Huntingdonshire,,2083
E05008821,Swadlincote,,E07000039,South Derbyshire,,2084
E05014595,Calver & Longstone,,E07000035,Derbyshire Dales,,2085
E05014801,Crediton Lawrence,,E07000042,Mid Devon,,2086
E05014697,Duffield & Quarndon,,E07000032,Amber Valley,,2087
E05010137,Kingsbridge,,E07000044,South Hams,,2088
E05011265,Huntingdon East,,E07000011,Huntingdonshire,,2089
E05008822,Willington and Findern,,E07000039,South Derbyshire,,2090
E05014596,Chatsworth,,E07000035,Derbyshire Dales,,2091
E05014802,Cullompton Padbrook,,E07000042,Mid Devon,,2092
E05014698,Heage & Ambergate,,E07000032,Amber Valley,,2093
E05010138,Loddiswell & Aveton Gifford,,E07000044,South Hams,,2094
E05011266,Huntingdon North,,E07000011,Huntingdonshire,,2095
E05008823,Woodville,,E07000039,South Derbyshire,,2096
E05014597,Cromford & Matlock Bath,,E07000035,Derbyshire Dales,,2097
E05014803,Cullompton St Andrews,,E07000042,Mid Devon,,2098
E05014699,Heanor East,,E07000032,Amber Valley,,2099
E05010139,Marldon & Littlehempston,,E07000044,South Hams,,2100
E05011267,Kimbolton,,E07000011,Huntingdonshire,,2101
E05011782,Axminster,,E07000040,East Devon,,2102
E05014598,Darley Dale,,E07000035,Derbyshire Dales,,2103
E05014804,Cullompton Vale,,E07000042,Mid Devon,,2104
E05014700,Heanor West & Loscoe,,E07000032,Amber Valley,,2105
E05010140,Newton & Yealmpton,,E07000044,South Hams,,2106
E05011268,Ramsey,,E07000011,Huntingdonshire,,2107
E05011783,Beer & Branscombe,,E07000040,East Devon,,2108
E05014599,"Dovedale, Parwich & Brassington",,E07000035,Derbyshire Dales,,2109
E05014600,Doveridge & Sudbury,,E07000035,Derbyshire Dales,,2110
E05014601,Hartington & Taddington,,E07000035,Derbyshire Dales,,2111
E05014602,Hathersage,,E07000035,Derbyshire Dales,,2112
E05014603,Hulland,,E07000035,Derbyshire Dales,,2113
E05014604,Matlock East & Tansley,,E07000035,Derbyshire Dales,,2114
E05014605,Matlock West,,E07000035,Derbyshire Dales,,2115
E05014606,Norbury,,E07000035,Derbyshire Dales,,2116
E05014607,Tideswell,,E07000035,Derbyshire Dales,,2117
E05014608,Wirksworth,,E07000035,Derbyshire Dales,,2118
E05014609,Youlgrave,,E07000035,Derbyshire Dales,,2119
E05010604,Awsworth Road,,E07000036,Erewash,,2120
E05010605,Breaston,,E07000036,Erewash,,2121
E05010606,Cotmanhay,,E07000036,Erewash,,2122
E05010607,Derby Road East,,E07000036,Erewash,,2123
E05010608,Derby Road West,,E07000036,Erewash,,2124
E05010609,Draycott & Risley,,E07000036,Erewash,,2125
E05010610,Hallam Fields,,E07000036,Erewash,,2126
E05010611,Kirk Hallam & Stanton-by-Dale,,E07000036,Erewash,,2127
E05010612,Larklands,,E07000036,Erewash,,2128
E05010613,Little Eaton & Stanley,,E07000036,Erewash,,2129
E05010614,Little Hallam,,E07000036,Erewash,,2130
E05010615,Long Eaton Central,,E07000036,Erewash,,2131
E05010616,Nottingham Road,,E07000036,Erewash,,2132
E05010617,Ockbrook & Borrowash,,E07000036,Erewash,,2133
E05010618,Sandiacre,,E07000036,Erewash,,2134
E05010619,Sawley,,E07000036,Erewash,,2135
E05010620,Shipley View,,E07000036,Erewash,,2136
E05010621,West Hallam & Dale Abbey,,E07000036,Erewash,,2137
E05010622,Wilsthorpe,,E07000036,Erewash,,2138
E05010623,Barms,,E07000037,High Peak,,2139
E05010624,Blackbrook,,E07000037,High Peak,,2140
E05010625,Burbage,,E07000037,High Peak,,2141
E05010626,Buxton Central,,E07000037,High Peak,,2142
E05010627,Chapel East,,E07000037,High Peak,,2143
E05010628,Chapel West,,E07000037,High Peak,,2144
E05010629,Corbar,,E07000037,High Peak,,2145
E05010630,Cote Heath,,E07000037,High Peak,,2146
E05010631,Dinting,,E07000037,High Peak,,2147
E05010632,Gamesley,,E07000037,High Peak,,2148
E05014701,Ironville & Riddings,,E07000032,Amber Valley,,2149
E05011269,St Ives East,,E07000011,Huntingdonshire,,2150
E05011784,Broadclyst,,E07000040,East Devon,,2151
E05010141,Salcombe & Thurlestone,,E07000044,South Hams,,2152
E05014702,"Kilburn, Denby, Holbrook & Horsley",,E07000032,Amber Valley,,2153
E05014805,Halberton,,E07000042,Mid Devon,,2154
E05011270,St Ives South,,E07000011,Huntingdonshire,,2155
E05011785,Budleigh & Raleigh,,E07000040,East Devon,,2156
E05010142,South Brent,,E07000044,South Hams,,2157
E05014703,Ripley,,E07000032,Amber Valley,,2158
E05014806,Lower Culm,,E07000042,Mid Devon,,2159
E05011271,St Ives West,,E07000011,Huntingdonshire,,2160
E05011786,Clyst Valley,,E07000040,East Devon,,2161
E05010143,Stokenham,,E07000044,South Hams,,2162
E05014704,Ripley & Marehay,,E07000032,Amber Valley,,2163
E05014807,Sandford & Creedy,,E07000042,Mid Devon,,2164
E05011272,St Neots East,,E07000011,Huntingdonshire,,2165
E05011787,Coly Valley,,E07000040,East Devon,,2166
E05010144,Totnes,,E07000044,South Hams,,2167
E05014705,"Smalley, Shipley & Horsley Woodhouse",,E07000032,Amber Valley,,2168
E05014808,Silverton,,E07000042,Mid Devon,,2169
E05011273,St Neots Eatons,,E07000011,Huntingdonshire,,2170
E05011788,Cranbrook,,E07000040,East Devon,,2171
E05010145,Wembury & Brixton,,E07000044,South Hams,,2172
E05014706,Somercotes,,E07000032,Amber Valley,,2173
E05014707,Swanwick,,E07000032,Amber Valley,,2174
E05011983,Ault Hucknall,,E07000033,Bolsover,,2175
E05011984,Barlborough,,E07000033,Bolsover,,2176
E05011985,Blackwell,,E07000033,Bolsover,,2177
E05011986,Bolsover East,,E07000033,Bolsover,,2178
E05011987,Bolsover North & Shuttlewood,,E07000033,Bolsover,,2179
E05011988,Bolsover South,,E07000033,Bolsover,,2180
E05011989,Clowne East,,E07000033,Bolsover,,2181
E05011990,Clowne West,,E07000033,Bolsover,,2182
E05011991,Elmton-with-Creswell,,E07000033,Bolsover,,2183
E05011992,Langwith,,E07000033,Bolsover,,2184
E05011993,Pinxton,,E07000033,Bolsover,,2185
E05011994,Shirebrook North,,E07000033,Bolsover,,2186
E05011995,Shirebrook South,,E07000033,Bolsover,,2187
E05011996,South Normanton East,,E07000033,Bolsover,,2188
E05011997,South Normanton West,,E07000033,Bolsover,,2189
E05011998,Tibshelf,,E07000033,Bolsover,,2190
E05011999,Whitwell,,E07000033,Bolsover,,2191
E05015170,Brampton East & Boythorpe,,E07000034,Chesterfield,,2192
E05015171,Brampton West & Loundsley Green,,E07000034,Chesterfield,,2193
E05015172,Brimington North,,E07000034,Chesterfield,,2194
E05015173,Brimington South,,E07000034,Chesterfield,,2195
E05015174,Brockwell,,E07000034,Chesterfield,,2196
E05015175,Dunston,,E07000034,Chesterfield,,2197
E05015176,Hasland,,E07000034,Chesterfield,,2198
E05015177,Linacre,,E07000034,Chesterfield,,2199
E05015178,Rother,,E07000034,Chesterfield,,2200
E05015179,Spire,,E07000034,Chesterfield,,2201
E05015180,Staveley Central,,E07000034,Chesterfield,,2202
E05015181,Staveley North,,E07000034,Chesterfield,,2203
E05015182,Staveley South,,E07000034,Chesterfield,,2204
E05015183,Walton,,E07000034,Chesterfield,,2205
E05015184,Whittington,,E07000034,Chesterfield,,2206
E05015185,Whittington Moor,,E07000034,Chesterfield,,2207
E05010146,West Dart,,E07000044,South Hams,,2208
E05011789,Dunkeswell & Otterhead,,E07000040,East Devon,,2209
E05010147,Woolwell,,E07000044,South Hams,,2210
E05011274,St Neots Eynesbury,,E07000011,Huntingdonshire,,2211
E05011790,Exe Valley,,E07000040,East Devon,,2212
E05011892,Ambrook,,E07000045,Teignbridge,,2213
E05014809,Taw Vale,,E07000042,Mid Devon,,2214
E05011275,St Neots Priory Park & Little Paxton,,E07000011,Huntingdonshire,,2215
E05011791,Exmouth Brixington,,E07000040,East Devon,,2216
E05011893,Ashburton & Buckfastleigh,,E07000045,Teignbridge,,2217
E05014810,Tiverton Castle,,E07000042,Mid Devon,,2218
E05011276,Sawtry,,E07000011,Huntingdonshire,,2219
E05011792,Exmouth Halsdon,,E07000040,East Devon,,2220
E05011894,Bishopsteignton,,E07000045,Teignbridge,,2221
E05014811,Tiverton Cranmore,,E07000042,Mid Devon,,2222
E05011277,Somersham,,E07000011,Huntingdonshire,,2223
E05011793,Exmouth Littleham,,E07000040,East Devon,,2224
E05011895,Bovey,,E07000045,Teignbridge,,2225
E05014812,Tiverton Lowman,,E07000042,Mid Devon,,2226
E05011278,"Stilton, Folksworth & Washingley",,E07000011,Huntingdonshire,,2227
E05011794,Exmouth Town,,E07000040,East Devon,,2228
E05011896,Bradley,,E07000045,Teignbridge,,2229
E05014813,Tiverton Westexe,,E07000042,Mid Devon,,2230
E05011279,The Stukeleys,,E07000011,Huntingdonshire,,2231
E05011795,Exmouth Withycombe Raleigh,,E07000040,East Devon,,2232
E05011897,Buckland & Milber,,E07000045,Teignbridge,,2233
E05014814,Upper Culm,,E07000042,Mid Devon,,2234
E05011280,Warboys,,E07000011,Huntingdonshire,,2235
E05011898,Bushell,,E07000045,Teignbridge,,2236
E05011796,Feniton,,E07000040,East Devon,,2237
E05011899,Chudleigh,,E07000045,Teignbridge,,2238
E05011281,Yaxley,,E07000011,Huntingdonshire,,2239
E05011797,Honiton St Michael's,,E07000040,East Devon,,2240
E05011900,College,,E07000045,Teignbridge,,2241
E05014815,Upper Yeo & Taw,,E07000042,Mid Devon,,2242
E05011798,Honiton St Paul's,,E07000040,East Devon,,2243
E05011901,Dawlish North East,,E07000045,Teignbridge,,2244
E05014816,Way,,E07000042,Mid Devon,,2245
E05011282,Balsham,,E07000012,South Cambridgeshire,,2246
E05011799,Newbridges,,E07000040,East Devon,,2247
E05011902,Dawlish South West,,E07000045,Teignbridge,,2248
E05014817,Yeo,,E07000042,Mid Devon,,2249
E05011283,Bar Hill,,E07000012,South Cambridgeshire,,2250
E05011800,Newton Poppleford & Harpford,,E07000040,East Devon,,2251
E05011903,Haytor,,E07000045,Teignbridge,,2252
E05012412,Barnstaple Central,,E07000043,North Devon,,2253
E05011284,Barrington,,E07000012,South Cambridgeshire,,2254
E05011801,Ottery St Mary,,E07000040,East Devon,,2255
E05011904,Ipplepen,,E07000045,Teignbridge,,2256
E05012413,Barnstaple with Pilton,,E07000043,North Devon,,2257
E05011285,Bassingbourn,,E07000012,South Cambridgeshire,,2258
E05011802,Seaton,,E07000040,East Devon,,2259
E05011905,Kenn Valley,,E07000045,Teignbridge,,2260
E05012414,Barnstaple with Westacott,,E07000043,North Devon,,2261
E05011286,Caldecote,,E07000012,South Cambridgeshire,,2262
E05011803,Sidmouth Rural,,E07000040,East Devon,,2263
E05011906,Kenton & Starcross,,E07000045,Teignbridge,,2264
E05012415,Bickington,,E07000043,North Devon,,2265
E05011289,Cottenham,,E07000012,South Cambridgeshire,,2266
E05011804,Sidmouth Sidford,,E07000040,East Devon,,2267
E05011907,Kerswell-with-Combe,,E07000045,Teignbridge,,2268
E05012416,Bishop's Nympton,,E07000043,North Devon,,2269
E05011291,Fen Ditton & Fulbourn,,E07000012,South Cambridgeshire,,2270
E05011805,Sidmouth Town,,E07000040,East Devon,,2271
E05011908,Kingsteignton East,,E07000045,Teignbridge,,2272
E05012417,Bratton Fleming,,E07000043,North Devon,,2273
E05011292,Foxton,,E07000012,South Cambridgeshire,,2274
E05011806,Tale Vale,,E07000040,East Devon,,2275
E05011909,Kingsteignton West,,E07000045,Teignbridge,,2276
E05012418,Braunton East,,E07000043,North Devon,,2277
E05011293,Gamlingay,,E07000012,South Cambridgeshire,,2278
E05011807,Trinity,,E07000040,East Devon,,2279
E05011910,Moretonhampstead,,E07000045,Teignbridge,,2280
E05012419,Braunton West & Georgeham,,E07000043,North Devon,,2281
E05011294,Girton,,E07000012,South Cambridgeshire,,2282
E05011808,West Hill & Aylesbeare,,E07000040,East Devon,,2283
E05011911,Shaldon & Stokeinteignhead,,E07000045,Teignbridge,,2284
E05012420,Chittlehampton,,E07000043,North Devon,,2285
E05011295,Hardwick,,E07000012,South Cambridgeshire,,2286
E05011809,Whimple & Rockbeare,,E07000040,East Devon,,2287
E05011912,Teign Valley,,E07000045,Teignbridge,,2288
E05012421,Chulmleigh,,E07000043,North Devon,,2289
E05011296,Harston & Comberton,,E07000012,South Cambridgeshire,,2290
E05011810,Woodbury & Lympstone,,E07000040,East Devon,,2291
E05011913,Teignmouth Central,,E07000045,Teignbridge,,2292
E05012422,Combe Martin,,E07000043,North Devon,,2293
E05011297,Histon & Impington,,E07000012,South Cambridgeshire,,2294
E05011811,Yarty,,E07000040,East Devon,,2295
E05011914,Teignmouth East,,E07000045,Teignbridge,,2296
E05012423,Fremington,,E07000043,North Devon,,2297
E05011298,Linton,,E07000012,South Cambridgeshire,,2298
E05011300,Melbourn,,E07000012,South Cambridgeshire,,2299
E05011301,Milton & Waterbeach,,E07000012,South Cambridgeshire,,2300
E05011304,Shelford,,E07000012,South Cambridgeshire,,2301
E05011305,Swavesey,,E07000012,South Cambridgeshire,,2302
E05011306,The Mordens,,E07000012,South Cambridgeshire,,2303
E05011307,Whittlesford,,E07000012,South Cambridgeshire,,2304
E05013880,Longstanton,,E07000012,South Cambridgeshire,,2305
E05013881,Over & Willingham,,E07000012,South Cambridgeshire,,2306
E05014031,Cambourne,,E07000012,South Cambridgeshire,,2307
E05014032,Caxton & Papworth,,E07000012,South Cambridgeshire,,2308
E05014169,Duxford,,E07000012,South Cambridgeshire,,2309
E05014170,Sawston,,E07000012,South Cambridgeshire,,2310
E05014690,Alfreton,,E07000032,Amber Valley,,2311
E05011011,Alphington,,E07000041,Exeter,,2312
E05012424,Heanton Punchardon,,E07000043,North Devon,,2313
E05011012,Duryard and St James,,E07000041,Exeter,,2314
E05012425,Ilfracombe East,,E07000043,North Devon,,2315
E05011013,Exwick,,E07000041,Exeter,,2316
E05012426,Ilfracombe West,,E07000043,North Devon,,2317
E05011014,Heavitree,,E07000041,Exeter,,2318
E05012427,Instow,,E07000043,North Devon,,2319
E05011015,Mincinglake and Whipton,,E07000041,Exeter,,2320
E05012428,Landkey,,E07000043,North Devon,,2321
E05011016,Newtown and St Leonard's,,E07000041,Exeter,,2322
E05012429,Lynton & Lynmouth,,E07000043,North Devon,,2323
E05011017,Pennsylvania,,E07000041,Exeter,,2324
E05012430,Marwood,,E07000043,North Devon,,2325
E05011018,Pinhoe,,E07000041,Exeter,,2326
E05012431,Mortehoe,,E07000043,North Devon,,2327
E05011019,Priory,,E07000041,Exeter,,2328
E05012432,Newport,,E07000043,North Devon,,2329
E05011915,Teignmouth West,,E07000045,Teignbridge,,2330
E05011020,St David's,,E07000041,Exeter,,2331
E05012433,North Molton,,E07000043,North Devon,,2332
E05011916,Appledore,,E07000046,Torridge,,2333
E05011021,St Loyes,,E07000041,Exeter,,2334
E05012434,Roundswell,,E07000043,North Devon,,2335
E05011917,Bideford East,,E07000046,Torridge,,2336
E05011022,St Thomas,,E07000041,Exeter,,2337
E05012435,South Molton,,E07000043,North Devon,,2338
E05011918,Bideford North,,E07000046,Torridge,,2339
E05011023,Topsham,,E07000041,Exeter,,2340
E05012436,Witheridge,,E07000043,North Devon,,2341
E05011919,Bideford South,,E07000046,Torridge,,2342
E05010128,Allington & Strete,,E07000044,South Hams,,2343
E05011920,Bideford West,,E07000046,Torridge,,2344
E05010129,Bickleigh & Cornwood,,E07000044,South Hams,,2345
E05011921,Broadheath,,E07000046,Torridge,,2346
E05010130,Blackawton & Stoke Fleming,,E07000044,South Hams,,2347
E05011922,Great Torrington,,E07000046,Torridge,,2348
E05011923,Hartland,,E07000046,Torridge,,2349
E05011924,Holsworthy,,E07000046,Torridge,,2350
E05011925,Milton & Tamarside,,E07000046,Torridge,,2351
E05011926,Monkleigh & Putford,,E07000046,Torridge,,2352
E05011927,Northam,,E07000046,Torridge,,2353
E05011928,Shebbear & Langtree,,E07000046,Torridge,,2354
E05011929,Two Rivers & Three Moors,,E07000046,Torridge,,2355
E05011930,Westward Ho!,,E07000046,Torridge,,2356
E05011931,Winkleigh,,E07000046,Torridge,,2357
E05010550,Bere Ferrers,,E07000047,West Devon,,2358
E05010551,Bridestowe,,E07000047,West Devon,,2359
E05010552,Buckland Monachorum,,E07000047,West Devon,,2360
E05010553,Burrator,,E07000047,West Devon,,2361
E05010554,Chagford,,E07000047,West Devon,,2362
E05010555,Dartmoor,,E07000047,West Devon,,2363
E05010556,Drewsteignton,,E07000047,West Devon,,2364
E05010557,Exbourne,,E07000047,West Devon,,2365
E05010558,Hatherleigh,,E07000047,West Devon,,2366
E05010559,Mary Tavy,,E07000047,West Devon,,2367
E05010560,Milton Ford,,E07000047,West Devon,,2368
E05010561,Okehampton North,,E07000047,West Devon,,2369
E05010562,Okehampton South,,E07000047,West Devon,,2370
E05010563,South Tawton,,E07000047,West Devon,,2371
E05010564,Tamarside,,E07000047,West Devon,,2372
E05010565,Tavistock North,,E07000047,West Devon,,2373
E05010566,Tavistock South East,,E07000047,West Devon,,2374
E05010567,Tavistock South West,,E07000047,West Devon,,2375
E05011574,Devonshire,,E07000061,Eastbourne,,2376
E05011575,Hampden Park,,E07000061,Eastbourne,,2377
E05011576,Langney,,E07000061,Eastbourne,,2378
E05011577,Meads,,E07000061,Eastbourne,,2379
E05011578,Old Town,,E07000061,Eastbourne,,2380
E05011579,Ratton,,E07000061,Eastbourne,,2381
E05011580,St Anthony's,,E07000061,Eastbourne,,2382
E05011581,Sovereign,,E07000061,Eastbourne,,2383
E05011582,Upperton,,E07000061,Eastbourne,,2384
E05011201,Ashdown,,E07000062,Hastings,,2385
E05011202,Baird,,E07000062,Hastings,,2386
E05011203,Braybrooke,,E07000062,Hastings,,2387
E05011204,Castle,,E07000062,Hastings,,2388
E05011205,Central St Leonards,,E07000062,Hastings,,2389
E05011206,Conquest,,E07000062,Hastings,,2390
E05011207,Gensing,,E07000062,Hastings,,2391
E05011208,Hollington,,E07000062,Hastings,,2392
E05011209,Maze Hill,,E07000062,Hastings,,2393
E05011210,Old Hastings,,E07000062,Hastings,,2394
E05011211,Ore,,E07000062,Hastings,,2395
E05011212,St Helens,,E07000062,Hastings,,2396
E05011213,Silverhill,,E07000062,Hastings,,2397
E05011214,Tressell,,E07000062,Hastings,,2398
E05011215,West St Leonards,,E07000062,Hastings,,2399
E05011216,Wishing Tree,,E07000062,Hastings,,2400
E05011583,"Chailey, Barcombe & Hamsey",,E07000063,Lewes,,2401
E05011584,Ditchling & Westmeston,,E07000063,Lewes,,2402
E05011585,East Saltdean & Telscombe Cliffs,,E07000063,Lewes,,2403
E05011586,Kingston,,E07000063,Lewes,,2404
E05011587,Lewes Bridge,,E07000063,Lewes,,2405
E05011588,Lewes Castle,,E07000063,Lewes,,2406
E05011589,Lewes Priory,,E07000063,Lewes,,2407
E05011590,Newhaven North,,E07000063,Lewes,,2408
E05011591,Newhaven South,,E07000063,Lewes,,2409
E05011592,Newick,,E07000063,Lewes,,2410
E05011593,Ouse Valley & Ringmer,,E07000063,Lewes,,2411
E05011594,Peacehaven East,,E07000063,Lewes,,2412
E05011595,Peacehaven North,,E07000063,Lewes,,2413
E05011596,Peacehaven West,,E07000063,Lewes,,2414
E05011597,"Plumpton, Streat, East Chiltington & St John",,E07000063,Lewes,,2415
E05011598,Seaford Central,,E07000063,Lewes,,2416
E05011599,Seaford East,,E07000063,Lewes,,2417
E05011600,Seaford North,,E07000063,Lewes,,2418
E05011601,Seaford South,,E07000063,Lewes,,2419
E05011602,Seaford West,,E07000063,Lewes,,2420
E05011603,Wivelsfield,,E07000063,Lewes,,2421
E05011604,Bexhill Central,,E07000064,Rother,,2422
E05011605,Bexhill Collington,,E07000064,Rother,,2423
E05011606,Bexhill Kewhurst,,E07000064,Rother,,2424
E05011607,Bexhill Old Town & Worsham,,E07000064,Rother,,2425
E05011608,Bexhill Pebsham & St Michaels,,E07000064,Rother,,2426
E05011609,Bexhill Sackville,,E07000064,Rother,,2427
E05011610,Bexhill Sidley,,E07000064,Rother,,2428
E05011611,Bexhill St Marks,,E07000064,Rother,,2429
E05004097,Boreham and The Leighs,,E07000070,Chelmsford,,2430
E05011933,Ardleigh & Little Bromley,,E07000076,Tendring,,2431
E05011612,Bexhill St Stephens,,E07000064,Rother,,2432
E05011613,Brede & Udimore,,E07000064,Rother,,2433
E05011614,Burwash & the Weald,,E07000064,Rother,,2434
E05011615,Catsfield & Crowhurst,,E07000064,Rother,,2435
E05011616,Eastern Rother,,E07000064,Rother,,2436
E05011617,Hurst Green & Ticehurst,,E07000064,Rother,,2437
E05011618,"North Battle, Netherfield & Whatlington",,E07000064,Rother,,2438
E05011619,Northern Rother,,E07000064,Rother,,2439
E05011620,Robertsbridge,,E07000064,Rother,,2440
E05011621,Rye & Winchelsea,,E07000064,Rother,,2441
E05011622,Sedlescombe & Westfield,,E07000064,Rother,,2442
E05011623,South Battle & Telham,,E07000064,Rother,,2443
E05011624,Southern Rother,,E07000064,Rother,,2444
E05011625,Arlington,,E07000065,Wealden,,2445
E05011626,Buxted,,E07000065,Wealden,,2446
E05011627,"Chiddingly, East Hoathly & Waldron",,E07000065,Wealden,,2447
E05011628,Crowborough Central,,E07000065,Wealden,,2448
E05011629,Crowborough Jarvis Brook,,E07000065,Wealden,,2449
E05011630,Crowborough North,,E07000065,Wealden,,2450
E05011631,Crowborough South East,,E07000065,Wealden,,2451
E05011632,Crowborough South West,,E07000065,Wealden,,2452
E05011633,Crowborough St Johns,,E07000065,Wealden,,2453
E05009931,The Sampfords,,E07000077,Uttlesford,,2454
E05010368,Braintree Central & Beckers Green,,E07000067,Braintree,,2455
E05010369,Braintree South,,E07000067,Braintree,,2456
E05010370,Braintree West,,E07000067,Braintree,,2457
E05010371,Bumpstead,,E07000067,Braintree,,2458
E05010372,Coggeshall,,E07000067,Braintree,,2459
E05010374,Great Notley & Black Notley,,E07000067,Braintree,,2460
E05010378,Hedingham,,E07000067,Braintree,,2461
E05010379,Kelvedon & Feering,,E07000067,Braintree,,2462
E05010380,Rayne,,E07000067,Braintree,,2463
E05010382,Stour Valley North,,E07000067,Braintree,,2464
E05010383,Stour Valley South,,E07000067,Braintree,,2465
E05010384,The Colnes,,E07000067,Braintree,,2466
E05010385,Three Fields,,E07000067,Braintree,,2467
E05010388,Witham South,,E07000067,Braintree,,2468
E05010389,Witham West,,E07000067,Braintree,,2469
E05010390,Yeldham,,E07000067,Braintree,,2470
E05012961,Gosfield & Greenstead Green,,E07000067,Braintree,,2471
E05012962,Halstead St Andrew's,,E07000067,Braintree,,2472
E05012963,Halstead Trinity,,E07000067,Braintree,,2473
E05012964,Hatfield Peverel & Terling,,E07000067,Braintree,,2474
E05012965,Silver End & Cressing,,E07000067,Braintree,,2475
E05012966,Witham Central,,E07000067,Braintree,,2476
E05012967,Witham North,,E07000067,Braintree,,2477
E05015651,Blackmore & Doddinghurst,,E07000068,Brentwood,,2478
E05015652,Brentwood North,,E07000068,Brentwood,,2479
E05015653,Brentwood South,,E07000068,Brentwood,,2480
E05015654,Brentwood West,,E07000068,Brentwood,,2481
E05015655,"Brizes, Stondon Massey & South Weald",,E07000068,Brentwood,,2482
E05015656,"Herongate, Ingrave & West Horndon",,E07000068,Brentwood,,2483
E05015657,Hutton East,,E07000068,Brentwood,,2484
E05014489,Great Dunmow North,,E07000077,Uttlesford,,2485
E05015658,Hutton North,,E07000068,Brentwood,,2486
E05004098,Broomfield and The Walthams,,E07000070,Chelmsford,,2487
E05014490,Thaxted & the Eastons,,E07000077,Uttlesford,,2488
E05015659,Hutton South,,E07000068,Brentwood,,2489
E05011634,Danehill & Fletching,,E07000065,Wealden,,2490
E05004099,Chelmer Village and Beaulieu Park,,E07000070,Chelmsford,,2491
E05015704,All Saints,,E07000078,Cheltenham,,2492
E05015660,"Ingatestone, Fryerning & Mountnessing",,E07000068,Brentwood,,2493
E05011635,Forest Row,,E07000065,Wealden,,2494
E05004100,Chelmsford Rural West,,E07000070,Chelmsford,,2495
E05015705,Battledown,,E07000078,Cheltenham,,2496
E05015734,North Weald Bassett,,E07000072,Epping Forest,,2497
E05015661,Pilgrims Hatch,,E07000068,Brentwood,,2498
E05015662,Shenfield,,E07000068,Brentwood,,2499
E05015663,Warley,,E07000068,Brentwood,,2500
E05015691,Appleton,,E07000069,Castle Point,,2501
E05015692,Canvey Island Central,,E07000069,Castle Point,,2502
E05015693,Canvey Island East,,E07000069,Castle Point,,2503
E05015694,Canvey Island North,,E07000069,Castle Point,,2504
E05015695,Canvey Island South,,E07000069,Castle Point,,2505
E05015696,Canvey Island Winter Gardens,,E07000069,Castle Point,,2506
E05015697,Hadleigh St James,,E07000069,Castle Point,,2507
E05015698,St George's,,E07000069,Castle Point,,2508
E05015699,St Mary's,,E07000069,Castle Point,,2509
E05015700,St Michael's,,E07000069,Castle Point,,2510
E05015701,Tarpots,,E07000069,Castle Point,,2511
E05015702,Thundersley North,,E07000069,Castle Point,,2512
E05015703,Thundersley South,,E07000069,Castle Point,,2513
E05004096,Bicknacre and East and West Hanningfield,,E07000070,Chelmsford,,2514
E05011934,Bluehouse,,E07000076,Tendring,,2515
E05010727,Watermoor,,E07000079,Cotswold,,2516
E05015735,Ongar,,E07000072,Epping Forest,,2517
E05015554,Chedworth & Churn Valley,,E07000079,Cotswold,,2518
E05015736,Roydon & Lower Nazeing,,E07000072,Epping Forest,,2519
E05015555,Ermin,,E07000079,Cotswold,,2520
E05015737,Rural East,,E07000072,Epping Forest,,2521
E05015556,Sandywell,,E07000079,Cotswold,,2522
E05011935,Brightlingsea,,E07000076,Tendring,,2523
E05015738,Theydon Bois with Passingford,,E07000072,Epping Forest,,2524
E05015706,"Benhall, the Reddings & Fiddler's Green",,E07000078,Cheltenham,,2525
E05011636,Framfield & Cross-in-Hand,,E07000065,Wealden,,2526
E05015557,Stratton,,E07000079,Cotswold,,2527
E05004101,Galleywood,,E07000070,Chelmsford,,2528
E05011936,Burrsville,,E07000076,Tendring,,2529
E05015739,Waltham Abbey North,,E07000072,Epping Forest,,2530
E05015707,Charlton Kings,,E07000078,Cheltenham,,2531
E05011637,Frant & Wadhurst,,E07000065,Wealden,,2532
E05012156,Berry Hill,,E07000080,Forest of Dean,,2533
E05004105,"Little Baddow, Danbury and Sandon",,E07000070,Chelmsford,,2534
E05011937,Cann Hall,,E07000076,Tendring,,2535
E05015740,Waltham Abbey South & Rural,,E07000072,Epping Forest,,2536
E05015708,Charlton Park,,E07000078,Cheltenham,,2537
E05011638,Hadlow Down & Rotherfield,,E07000065,Wealden,,2538
E05012157,Bream,,E07000080,Forest of Dean,,2539
E05004106,Marconi,,E07000070,Chelmsford,,2540
E05011938,Coppins,,E07000076,Tendring,,2541
E05015741,Waltham Abbey West,,E07000072,Epping Forest,,2542
E05015709,College,,E07000078,Cheltenham,,2543
E05011639,Hailsham Central,,E07000065,Wealden,,2544
E05012158,Cinderford East,,E07000080,Forest of Dean,,2545
E05004108,Moulsham Lodge,,E07000070,Chelmsford,,2546
E05011939,Dovercourt All Saints,,E07000076,Tendring,,2547
E05015680,Bush Fair,,E07000073,Harlow,,2548
E05015710,Hesters Way,,E07000078,Cheltenham,,2549
E05011640,Hailsham East,,E07000065,Wealden,,2550
E05012159,Cinderford West,,E07000080,Forest of Dean,,2551
E05004109,Patching Hall,,E07000070,Chelmsford,,2552
E05011940,Dovercourt Bay,,E07000076,Tendring,,2553
E05015681,Church Langley North & Newhall,,E07000073,Harlow,,2554
E05015711,Lansdown,,E07000078,Cheltenham,,2555
E05011641,Hailsham North,,E07000065,Wealden,,2556
E05012160,Coleford,,E07000080,Forest of Dean,,2557
E05004110,Rettendon and Runwell,,E07000070,Chelmsford,,2558
E05011941,Dovercourt Tollgate,,E07000076,Tendring,,2559
E05015682,Church Langley South & Potter Street,,E07000073,Harlow,,2560
E05015712,Leckhampton,,E07000078,Cheltenham,,2561
E05011642,Hailsham North West,,E07000065,Wealden,,2562
E05012161,Dymock,,E07000080,Forest of Dean,,2563
E05012162,Hartpury & Redmarley,,E07000080,Forest of Dean,,2564
E05012163,Longhope & Huntley,,E07000080,Forest of Dean,,2565
E05012164,Lydbrook,,E07000080,Forest of Dean,,2566
E05012165,Lydney East,,E07000080,Forest of Dean,,2567
E05012166,Lydney North,,E07000080,Forest of Dean,,2568
E05012167,Lydney West & Aylburton,,E07000080,Forest of Dean,,2569
E05012168,"Mitcheldean, Ruardean & Drybrook",,E07000080,Forest of Dean,,2570
E05012169,Newent & Taynton,,E07000080,Forest of Dean,,2571
E05012170,Newland & Sling,,E07000080,Forest of Dean,,2572
E05012171,Newnham,,E07000080,Forest of Dean,,2573
E05012172,Pillowell,,E07000080,Forest of Dean,,2574
E05012173,Ruspidge,,E07000080,Forest of Dean,,2575
E05012174,St. Briavels,,E07000080,Forest of Dean,,2576
E05012175,Tidenham,,E07000080,Forest of Dean,,2577
E05012176,Westbury-on-Severn,,E07000080,Forest of Dean,,2578
E05010950,Abbeydale,,E07000081,Gloucester,,2579
E05010951,Abbeymead,,E07000081,Gloucester,,2580
E05010952,Barnwood,,E07000081,Gloucester,,2581
E05010953,Barton and Tredworth,,E07000081,Gloucester,,2582
E05010954,Coney Hill,,E07000081,Gloucester,,2583
E05010955,Elmbridge,,E07000081,Gloucester,,2584
E05010956,Grange,,E07000081,Gloucester,,2585
E05010957,Hucclecote,,E07000081,Gloucester,,2586
E05010958,Kingsholm and Wotton,,E07000081,Gloucester,,2587
E05010959,Kingsway,,E07000081,Gloucester,,2588
E05010960,Longlevens,,E07000081,Gloucester,,2589
E05010961,"Matson, Robinswood and White City",,E07000081,Gloucester,,2590
E05010962,Moreland,,E07000081,Gloucester,,2591
E05010963,Podsmead,,E07000081,Gloucester,,2592
E05010964,Quedgeley Fieldcourt,,E07000081,Gloucester,,2593
E05010965,Quedgeley Severn Vale,,E07000081,Gloucester,,2594
E05010966,Tuffley,,E07000081,Gloucester,,2595
E05010967,Westgate,,E07000081,Gloucester,,2596
E05010969,Berkeley Vale,,E07000082,Stroud,,2597
E05010972,Cam East,,E07000082,Stroud,,2598
E05010973,Cam West,,E07000082,Stroud,,2599
E05010975,Coaley and Uley,,E07000082,Stroud,,2600
E05010976,Dursley,,E07000082,Stroud,,2601
E05010981,Painswick and Upton,,E07000082,Stroud,,2602
E05004111,St Andrews,,E07000070,Chelmsford,,2603
E05015683,Great Parndon,,E07000073,Harlow,,2604
E05011942,Dovercourt Vines & Parkeston,,E07000076,Tendring,,2605
E05004112,"South Hanningfield, Stock and Margaretting",,E07000070,Chelmsford,,2606
E05011643,Hailsham South,,E07000065,Wealden,,2607
E05015713,Oakley,,E07000078,Cheltenham,,2608
E05015684,Latton Bush & Stewards,,E07000073,Harlow,,2609
E05011943,Eastcliff,,E07000076,Tendring,,2610
E05004113,South Woodham-Chetwood and Collingwood,,E07000070,Chelmsford,,2611
E05011644,Hailsham West,,E07000065,Wealden,,2612
E05015714,Park,,E07000078,Cheltenham,,2613
E05015685,Little Parndon & Town Centre,,E07000073,Harlow,,2614
E05011944,Frinton,,E07000076,Tendring,,2615
E05004114,South Woodham-Elmwood and Woodville,,E07000070,Chelmsford,,2616
E05011645,Hartfield,,E07000065,Wealden,,2617
E05015715,Pittville,,E07000078,Cheltenham,,2618
E05015686,Mark Hall,,E07000073,Harlow,,2619
E05011945,Harwich & Kingsway,,E07000076,Tendring,,2620
E05004115,Springfield North,,E07000070,Chelmsford,,2621
E05011646,Heathfield North,,E07000065,Wealden,,2622
E05015716,Prestbury,,E07000078,Cheltenham,,2623
E05015687,Netteswell,,E07000073,Harlow,,2624
E05011946,Homelands,,E07000076,Tendring,,2625
E05011647,Heathfield South,,E07000065,Wealden,,2626
E05004116,The Lawns,,E07000070,Chelmsford,,2627
E05011648,Hellingly,,E07000065,Wealden,,2628
E05004117,Trinity,,E07000070,Chelmsford,,2629
E05015688,Old Harlow,,E07000073,Harlow,,2630
E05011649,Herstmonceux & Pevensey Levels,,E07000065,Wealden,,2631
E05004118,Waterhouse Farm,,E07000070,Chelmsford,,2632
E05015717,Springbank,,E07000078,Cheltenham,,2633
E05011947,Kirby Cross,,E07000076,Tendring,,2634
E05015718,St Mark's,,E07000078,Cheltenham,,2635
E05004119,Writtle,,E07000070,Chelmsford,,2636
E05011650,Horam & Punnetts Town,,E07000065,Wealden,,2637
E05011948,Kirby-le-Soken & Hamford,,E07000076,Tendring,,2638
E05015689,Passmores,,E07000073,Harlow,,2639
E05015719,St Paul's,,E07000078,Cheltenham,,2640
E05015470,Goat Hall,,E07000070,Chelmsford,,2641
E05011651,Lower Willingdon,,E07000065,Wealden,,2642
E05011949,"Lawford, Manningtree & Mistley",,E07000076,Tendring,,2643
E05015690,Sumners & Kingsmoor,,E07000073,Harlow,,2644
E05015720,St Peter's,,E07000078,Cheltenham,,2645
E05015471,Great Baddow East,,E07000070,Chelmsford,,2646
E05011652,Maresfield,,E07000065,Wealden,,2647
E05011950,Little Clacton,,E07000076,Tendring,,2648
E05004190,Althorne,,E07000074,Maldon,,2649
E05015721,Swindon Village,,E07000078,Cheltenham,,2650
E05015472,Great Baddow West,,E07000070,Chelmsford,,2651
E05011653,Mayfield & Five Ashes,,E07000065,Wealden,,2652
E05011951,Pier,,E07000076,Tendring,,2653
E05004191,Burnham-on-Crouch North,,E07000074,Maldon,,2654
E05015722,Up Hatherley,,E07000078,Cheltenham,,2655
E05015473,Moulsham and Central,,E07000070,Chelmsford,,2656
E05011654,Pevensey Bay,,E07000065,Wealden,,2657
E05011952,St Bartholomew's,,E07000076,Tendring,,2658
E05004192,Burnham-on-Crouch South,,E07000074,Maldon,,2659
E05015723,Warden Hill,,E07000078,Cheltenham,,2660
E05010827,Berechurch,,E07000071,Colchester,,2661
E05011655,Polegate Central,,E07000065,Wealden,,2662
E05011953,St James,,E07000076,Tendring,,2663
E05004193,Great Totham,,E07000074,Maldon,,2664
E05010696,Abbey,,E07000079,Cotswold,,2665
E05010828,Castle,,E07000071,Colchester,,2666
E05011656,Polegate North,,E07000065,Wealden,,2667
E05011954,St John's,,E07000076,Tendring,,2668
E05004194,Heybridge East,,E07000074,Maldon,,2669
E05010697,Blockley,,E07000079,Cotswold,,2670
E05010829,Greenstead,,E07000071,Colchester,,2671
E05011657,Polegate South & Willingdon Watermill,,E07000065,Wealden,,2672
E05011955,St Osyth,,E07000076,Tendring,,2673
E05004195,Heybridge West,,E07000074,Maldon,,2674
E05010698,Bourton Vale,,E07000079,Cotswold,,2675
E05010830,Highwoods,,E07000071,Colchester,,2676
E05011658,South Downs,,E07000065,Wealden,,2677
E05011956,St Paul's,,E07000076,Tendring,,2678
E05004196,Maldon East,,E07000074,Maldon,,2679
E05010699,Bourton Village,,E07000079,Cotswold,,2680
E05010831,Lexden and Braiswick,,E07000071,Colchester,,2681
E05011659,Stone Cross,,E07000065,Wealden,,2682
E05011957,Stour Valley,,E07000076,Tendring,,2683
E05004197,Maldon North,,E07000074,Maldon,,2684
E05010700,Campden & Vale,,E07000079,Cotswold,,2685
E05010832,Marks Tey and Layer,,E07000071,Colchester,,2686
E05011660,Uckfield East,,E07000065,Wealden,,2687
E05011958,The Bentleys & Frating,,E07000076,Tendring,,2688
E05004198,Maldon South,,E07000074,Maldon,,2689
E05010702,Chesterton,,E07000079,Cotswold,,2690
E05010833,Mersea and Pyefleet,,E07000071,Colchester,,2691
E05011661,Uckfield New Town,,E07000065,Wealden,,2692
E05011662,Uckfield North,,E07000065,Wealden,,2693
E05011959,The Oakleys & Wix,,E07000076,Tendring,,2694
E05010703,Coln Valley,,E07000079,Cotswold,,2695
E05004199,Maldon West,,E07000074,Maldon,,2696
E05010834,Mile End,,E07000071,Colchester,,2697
E05010705,Fairford North,,E07000079,Cotswold,,2698
E05011960,"Thorpe, Beaumont & Great Holland",,E07000076,Tendring,,2699
E05004200,Mayland,,E07000074,Maldon,,2700
E05011663,Uckfield Ridgewood & Little Horsted,,E07000065,Wealden,,2701
E05010835,New Town and Christ Church,,E07000071,Colchester,,2702
E05010706,Fosseridge,,E07000079,Cotswold,,2703
E05011961,Walton,,E07000076,Tendring,,2704
E05004201,Purleigh,,E07000074,Maldon,,2705
E05011664,Upper Willingdon,,E07000065,Wealden,,2706
E05010836,Old Heath and The Hythe,,E07000071,Colchester,,2707
E05010707,Four Acres,,E07000079,Cotswold,,2708
E05011962,Weeley & Tendring,,E07000076,Tendring,,2709
E05004202,Southminster,,E07000074,Maldon,,2710
E05011665,Withyham,,E07000065,Wealden,,2711
E05010837,Prettygate,,E07000071,Colchester,,2712
E05010708,Grumbolds Ash with Avening,,E07000079,Cotswold,,2713
E05011963,West Clacton & Jaywick Sands,,E07000076,Tendring,,2714
E05004203,Tillingham,,E07000074,Maldon,,2715
E05015637,Billericay East,,E07000066,Basildon,,2716
E05010838,Rural North,,E07000071,Colchester,,2717
E05010709,Kemble,,E07000079,Cotswold,,2718
E05009910,Ashdon,,E07000077,Uttlesford,,2719
E05004204,Tollesbury,,E07000074,Maldon,,2720
E05015638,Billericay West,,E07000066,Basildon,,2721
E05010839,St Anne's and St John's,,E07000071,Colchester,,2722
E05010710,"Lechlade, Kempsford & Fairford South",,E07000079,Cotswold,,2723
E05009911,Broad Oak & the Hallingburys,,E07000077,Uttlesford,,2724
E05004205,Tolleshunt D'Arcy,,E07000074,Maldon,,2725
E05015639,Burstead,,E07000066,Basildon,,2726
E05010840,Shrub End,,E07000071,Colchester,,2727
E05010711,Moreton East,,E07000079,Cotswold,,2728
E05009912,Clavering,,E07000077,Uttlesford,,2729
E05004206,Wickham Bishops and Woodham,,E07000074,Maldon,,2730
E05015640,Castledon & Crouch,,E07000066,Basildon,,2731
E05010841,Stanway,,E07000071,Colchester,,2732
E05010712,Moreton West,,E07000079,Cotswold,,2733
E05009913,Debden & Wimbish,,E07000077,Uttlesford,,2734
E05010844,Downhall and Rawreth,,E07000075,Rochford,,2735
E05015641,Fryerns,,E07000066,Basildon,,2736
E05010842,Tiptree,,E07000071,Colchester,,2737
E05010713,New Mills,,E07000079,Cotswold,,2738
E05009914,Elsenham & Henham,,E07000077,Uttlesford,,2739
E05010845,Foulness and The Wakerings,,E07000075,Rochford,,2740
E05015642,Laindon Park,,E07000066,Basildon,,2741
E05010843,Wivenhoe,,E07000071,Colchester,,2742
E05010714,Northleach,,E07000079,Cotswold,,2743
E05009915,Felsted & Stebbing,,E07000077,Uttlesford,,2744
E05010846,Hawkwell East,,E07000075,Rochford,,2745
E05015643,Langdon Hills,,E07000066,Basildon,,2746
E05015724,Buckhurst Hill East & Whitebridge,,E07000072,Epping Forest,,2747
E05010715,St Michael's,,E07000079,Cotswold,,2748
E05009916,Flitch Green & Little Dunmow,,E07000077,Uttlesford,,2749
E05010847,Hawkwell West,,E07000075,Rochford,,2750
E05015644,Lee Chapel North,,E07000066,Basildon,,2751
E05015725,Buckhurst Hill West,,E07000072,Epping Forest,,2752
E05010717,Siddington & Cerney Rural,,E07000079,Cotswold,,2753
E05009918,Great Dunmow South & Barnston,,E07000077,Uttlesford,,2754
E05010848,Hockley,,E07000075,Rochford,,2755
E05015645,Nethermayne,,E07000066,Basildon,,2756
E05015726,Chigwell with Lambourne,,E07000072,Epping Forest,,2757
E05010849,Hockley and Ashingdon,,E07000075,Rochford,,2758
E05010718,South Cerney Village,,E07000079,Cotswold,,2759
E05010850,Hullbridge,,E07000075,Rochford,,2760
E05009919,Hatfield Heath,,E07000077,Uttlesford,,2761
E05015727,Epping East,,E07000072,Epping Forest,,2762
E05010719,Stow,,E07000079,Cotswold,,2763
E05009920,High Easter & the Rodings,,E07000077,Uttlesford,,2764
E05010851,Lodge,,E07000075,Rochford,,2765
E05015646,Pitsea North West,,E07000066,Basildon,,2766
E05015728,Epping West & Rural,,E07000072,Epping Forest,,2767
E05010852,Roche North and Rural,,E07000075,Rochford,,2768
E05009921,"Littlebury, Chesterford & Wenden Lofts",,E07000077,Uttlesford,,2769
E05015647,Pitsea South East,,E07000066,Basildon,,2770
E05010721,Tetbury East & Rural,,E07000079,Cotswold,,2771
E05015729,Grange Hill,,E07000072,Epping Forest,,2772
E05010853,Roche South,,E07000075,Rochford,,2773
E05009922,Newport,,E07000077,Uttlesford,,2774
E05015648,St Martin's,,E07000066,Basildon,,2775
E05010722,Tetbury Town,,E07000079,Cotswold,,2776
E05015730,Loughton Fairmead,,E07000072,Epping Forest,,2777
E05010854,Sweyne Park and Grange,,E07000075,Rochford,,2778
E05009923,Saffron Walden Audley,,E07000077,Uttlesford,,2779
E05015649,Wickford North,,E07000066,Basildon,,2780
E05010723,Tetbury with Upton,,E07000079,Cotswold,,2781
E05015731,Loughton Forest,,E07000072,Epping Forest,,2782
E05010855,Trinity,,E07000075,Rochford,,2783
E05009924,Saffron Walden Castle,,E07000077,Uttlesford,,2784
E05015650,Wickford Park,,E07000066,Basildon,,2785
E05010724,The Ampneys & Hampton,,E07000079,Cotswold,,2786
E05015732,Loughton Roding,,E07000072,Epping Forest,,2787
E05010856,Wheatley,,E07000075,Rochford,,2788
E05009925,Saffron Walden Shire,,E07000077,Uttlesford,,2789
E05010365,Bocking Blackwater,,E07000067,Braintree,,2790
E05010725,The Beeches,,E07000079,Cotswold,,2791
E05015733,Loughton St John's,,E07000072,Epping Forest,,2792
E05011932,Alresford & Elmstead,,E07000076,Tendring,,2793
E05009926,Stansted North,,E07000077,Uttlesford,,2794
E05010366,Bocking North,,E07000067,Braintree,,2795
E05010726,The Rissingtons,,E07000079,Cotswold,,2796
E05009927,Stansted South & Birchanger,,E07000077,Uttlesford,,2797
E05010367,Bocking South,,E07000067,Braintree,,2798
E05009928,Stort Valley,,E07000077,Uttlesford,,2799
E05009929,Takeley,,E07000077,Uttlesford,,2800
E05013087,Norden,,E07000084,Basingstoke and Deane,,2801
E05013088,Oakley & The Candovers,,E07000084,Basingstoke and Deane,,2802
E05013089,Popley,,E07000084,Basingstoke and Deane,,2803
E05013090,Sherborne St John & Rooksdown,,E07000084,Basingstoke and Deane,,2804
E05013091,South Ham,,E07000084,Basingstoke and Deane,,2805
E05013092,Tadley & Pamber,,E07000084,Basingstoke and Deane,,2806
E05013093,"Tadley North, Kingsclere & Baughurst",,E07000084,Basingstoke and Deane,,2807
E05013094,"Whitchurch, Overton & Laverstoke",,E07000084,Basingstoke and Deane,,2808
E05013095,Winklebury & Manydown,,E07000084,Basingstoke and Deane,,2809
E05012290,Alton Amery,,E07000085,East Hampshire,,2810
E05012291,Alton Ashdell,,E07000085,East Hampshire,,2811
E05012292,Alton Eastbrooke,,E07000085,East Hampshire,,2812
E05012293,Alton Holybourne,,E07000085,East Hampshire,,2813
E05012098,Mid Test,,E07000093,Test Valley,,2814
E05015771,Letchworth South East ,,E07000099,North Hertfordshire,,2815
E05012294,Alton Westbrooke,,E07000085,East Hampshire,,2816
E05012295,Alton Whitedown,,E07000085,East Hampshire,,2817
E05012296,Alton Wooteys,,E07000085,East Hampshire,,2818
E05012297,Bentworth & Froyle,,E07000085,East Hampshire,,2819
E05012298,"Binsted, Bentley & Selborne",,E07000085,East Hampshire,,2820
E05012299,Bramshott & Liphook,,E07000085,East Hampshire,,2821
E05012300,Buriton & East Meon,,E07000085,East Hampshire,,2822
E05012301,Clanfield,,E07000085,East Hampshire,,2823
E05012302,Four Marks & Medstead,,E07000085,East Hampshire,,2824
E05012303,"Froxfield, Sheet & Steep",,E07000085,East Hampshire,,2825
E05012304,Grayshott,,E07000085,East Hampshire,,2826
E05012305,Headley,,E07000085,East Hampshire,,2827
E05012306,Horndean Catherington,,E07000085,East Hampshire,,2828
E05012307,Horndean Downs,,E07000085,East Hampshire,,2829
E05012308,Horndean Kings & Blendworth,,E07000085,East Hampshire,,2830
E05012309,Horndean Murray,,E07000085,East Hampshire,,2831
E05012310,Lindford,,E07000085,East Hampshire,,2832
E05012311,Liss,,E07000085,East Hampshire,,2833
E05012312,Petersfield Bell Hill,,E07000085,East Hampshire,,2834
E05012313,Petersfield Causeway,,E07000085,East Hampshire,,2835
E05012314,Petersfield Heath,,E07000085,East Hampshire,,2836
E05012315,Petersfield St Peter's,,E07000085,East Hampshire,,2837
E05012316,"Ropley, Hawkley & Hangers",,E07000085,East Hampshire,,2838
E05012317,Rowlands Castle,,E07000085,East Hampshire,,2839
E05012318,Whitehill Chase,,E07000085,East Hampshire,,2840
E05012319,Whitehill Hogmoor & Greatham,,E07000085,East Hampshire,,2841
E05012320,Whitehill Pinewood,,E07000085,East Hampshire,,2842
E05011187,Bishopstoke,,E07000086,Eastleigh,,2843
E05011188,Botley,,E07000086,Eastleigh,,2844
E05011189,Bursledon & Hound North,,E07000086,Eastleigh,,2845
E05011190,Chandler's Ford,,E07000086,Eastleigh,,2846
E05011191,Eastleigh Central,,E07000086,Eastleigh,,2847
E05011192,Eastleigh North,,E07000086,Eastleigh,,2848
E05011193,Eastleigh South,,E07000086,Eastleigh,,2849
E05011194,Fair Oak & Horton Heath,,E07000086,Eastleigh,,2850
E05011195,Hamble & Netley,,E07000086,Eastleigh,,2851
E05011196,Hedge End North,,E07000086,Eastleigh,,2852
E05015586,Hayling East,,E07000090,Havant,,2853
E05015587,Hayling West,,E07000090,Havant,,2854
E05015588,Leigh Park Central & West Leigh,,E07000090,Havant,,2855
E05015589,Leigh Park Hermitage,,E07000090,Havant,,2856
E05015590,Purbrook,,E07000090,Havant,,2857
E05015591,Stakes,,E07000090,Havant,,2858
E05015592,Waterloo,,E07000090,Havant,,2859
E05014770,"Ashley, Bashley & Fernhill",,E07000091,New Forest,,2860
E05014771,"Ashurst, Bramshaw, Copythorne & Netley Marsh",,E07000091,New Forest,,2861
E05014772,Ballard,,E07000091,New Forest,,2862
E05014773,Barton & Becton,,E07000091,New Forest,,2863
E05014774,"Bransgore, Burley, Sopley & Ringwood East",,E07000091,New Forest,,2864
E05014775,Brockenhurst & Denny Lodge,,E07000091,New Forest,,2865
E05014776,Dibden & Dibden Purlieu,,E07000091,New Forest,,2866
E05014777,Downlands & Forest North,,E07000091,New Forest,,2867
E05014778,"Fawley, Blackfield, Calshot & Langley",,E07000091,New Forest,,2868
E05014779,"Fordingbridge, Godshill & Hyde",,E07000091,New Forest,,2869
E05014780,Forest & Solent,,E07000091,New Forest,,2870
E05014781,"Hardley, Holbury & North Blackfield",,E07000091,New Forest,,2871
E05014782,Hythe Central,,E07000091,New Forest,,2872
E05014783,Hythe South,,E07000091,New Forest,,2873
E05014784,Lymington,,E07000091,New Forest,,2874
E05014785,Lyndhurst & Minstead,,E07000091,New Forest,,2875
E05010982,"Randwick, Whiteshill and Ruscombe",,E07000082,Stroud,,2876
E05004699,Berkhamsted West,,E07000096,Dacorum,,2877
E05011197,Hedge End South,,E07000086,Eastleigh,,2878
E05011762,Park Farm North,,E07000105,Ashford,,2879
E05014786,Marchwood & Eling,,E07000091,New Forest,,2880
E05014787,Milford & Hordle,,E07000091,New Forest,,2881
E05014788,Milton,,E07000091,New Forest,,2882
E05014789,Pennington,,E07000091,New Forest,,2883
E05014790,Ringwood North & Ellingham,,E07000091,New Forest,,2884
E05014791,Ringwood South,,E07000091,New Forest,,2885
E05014792,Sway,,E07000091,New Forest,,2886
E05014793,Totton Central,,E07000091,New Forest,,2887
E05014794,Totton North,,E07000091,New Forest,,2888
E05014795,Totton South,,E07000091,New Forest,,2889
E05008989,Aldershot Park,,E07000092,Rushmoor,,2890
E05008990,Cherrywood,,E07000092,Rushmoor,,2891
E05008991,Cove and Southwood,,E07000092,Rushmoor,,2892
E05008992,Empress,,E07000092,Rushmoor,,2893
E05008993,Fernhill,,E07000092,Rushmoor,,2894
E05008994,Knellwood,,E07000092,Rushmoor,,2895
E05008995,Manor Park,,E07000092,Rushmoor,,2896
E05008996,North Town,,E07000092,Rushmoor,,2897
E05008997,Rowhill,,E07000092,Rushmoor,,2898
E05008998,St John's,,E07000092,Rushmoor,,2899
E05008999,St Mark's,,E07000092,Rushmoor,,2900
E05009000,Wellington,,E07000092,Rushmoor,,2901
E05009001,West Heath,,E07000092,Rushmoor,,2902
E05012085,Andover Downlands,,E07000093,Test Valley,,2903
E05012088,Andover Romans,,E07000093,Test Valley,,2904
E05012093,Blackwater,,E07000093,Test Valley,,2905
E05012097,Harewood,,E07000093,Test Valley,,2906
E05015772,Letchworth South West,,E07000099,North Hertfordshire,,2907
E05012100,Romsey Abbey,,E07000093,Test Valley,,2908
E05011763,Park Farm South,,E07000105,Ashford,,2909
E05010986,Stroud Central,,E07000082,Stroud,,2910
E05012102,Romsey Tadburn,,E07000093,Test Valley,,2911
E05004700,"Bovingdon, Flaunden and Chipperfield",,E07000096,Dacorum,,2912
E05011198,Hiltingbury,,E07000086,Eastleigh,,2913
E05011764,Repton,,E07000105,Ashford,,2914
E05015773,Letchworth Wilbury,,E07000099,North Hertfordshire,,2915
E05010987,Stroud Farmhill and Paganhill,,E07000082,Stroud,,2916
E05012927,Ampfield & Braishfield,,E07000093,Test Valley,,2917
E05004701,Boxmoor,,E07000096,Dacorum,,2918
E05011199,West End North,,E07000086,Eastleigh,,2919
E05011765,Rolvenden & Tenterden West,,E07000105,Ashford,,2920
E05015774,Offa,,E07000099,North Hertfordshire,,2921
E05010988,Stroud Slade,,E07000082,Stroud,,2922
E05012928,Andover Harroway,,E07000093,Test Valley,,2923
E05004702,Chaulden and Warners End,,E07000096,Dacorum,,2924
E05011200,West End South,,E07000086,Eastleigh,,2925
E05011766,Roman,,E07000105,Ashford,,2926
E05015775,Royston Heath,,E07000099,North Hertfordshire,,2927
E05010990,Stroud Uplands,,E07000082,Stroud,,2928
E05012929,Andover Millway,,E07000093,Test Valley,,2929
E05004703,Gadebridge,,E07000096,Dacorum,,2930
E05015664,Avenue,,E07000087,Fareham,,2931
E05011767,Saxon Shore,,E07000105,Ashford,,2932
E05015776,Royston Meridian,,E07000099,North Hertfordshire,,2933
E05010991,Stroud Valley,,E07000082,Stroud,,2934
E05012930,Andover St Mary's,,E07000093,Test Valley,,2935
E05004704,Grovehill,,E07000096,Dacorum,,2936
E05015665,Fareham Park,,E07000087,Fareham,,2937
E05011768,Singleton East,,E07000105,Ashford,,2938
E05015777,Royston Palace,,E07000099,North Hertfordshire,,2939
E05010992,The Stanleys,,E07000082,Stroud,,2940
E05012931,Andover Winton,,E07000093,Test Valley,,2941
E05004705,Hemel Hempstead Town,,E07000096,Dacorum,,2942
E05015666,Fareham Town,,E07000087,Fareham,,2943
E05011769,Singleton West,,E07000105,Ashford,,2944
E05015778,Weston & Sandon,,E07000099,North Hertfordshire,,2945
E05013187,Amberley and Woodchester,,E07000082,Stroud,,2946
E05012932,Anna,,E07000093,Test Valley,,2947
E05012933,Bellinger,,E07000093,Test Valley,,2948
E05012934,Bourne Valley,,E07000093,Test Valley,,2949
E05012935,Charlton & the Pentons,,E07000093,Test Valley,,2950
E05012936,"Chilworth, Nursling & Rownhams",,E07000093,Test Valley,,2951
E05012937,North Baddesley,,E07000093,Test Valley,,2952
E05012938,Romsey Cupernham,,E07000093,Test Valley,,2953
E05012939,Valley Park,,E07000093,Test Valley,,2954
E05010995,Alresford and Itchen Valley,,E07000094,Winchester,,2955
E05010996,Badger Farm and Oliver's Battery,,E07000094,Winchester,,2956
E05010997,Bishop's Waltham,,E07000094,Winchester,,2957
E05010998,Central Meon Valley,,E07000094,Winchester,,2958
E05010999,Colden Common and Twyford,,E07000094,Winchester,,2959
E05011000,Denmead,,E07000094,Winchester,,2960
E05011001,St Barnabas,,E07000094,Winchester,,2961
E05011002,St Bartholomew,,E07000094,Winchester,,2962
E05011003,St Luke,,E07000094,Winchester,,2963
E05011004,St Michael,,E07000094,Winchester,,2964
E05011005,St Paul,,E07000094,Winchester,,2965
E05011006,Southwick and Wickham,,E07000094,Winchester,,2966
E05011007,The Worthys,,E07000094,Winchester,,2967
E05011008,Upper Meon Valley,,E07000094,Winchester,,2968
E05011009,Whiteley and Shedfield,,E07000094,Winchester,,2969
E05011010,Wonston and Micheldever,,E07000094,Winchester,,2970
E05009002,Broxbourne and Hoddesdon South,,E07000095,Broxbourne,,2971
E05009003,Cheshunt North,,E07000095,Broxbourne,,2972
E05009004,Cheshunt South and Theobalds,,E07000095,Broxbourne,,2973
E05009005,Flamstead End,,E07000095,Broxbourne,,2974
E05009006,Goffs Oak,,E07000095,Broxbourne,,2975
E05009007,Hoddesdon North,,E07000095,Broxbourne,,2976
E05009008,Hoddesdon Town and Rye Park,,E07000095,Broxbourne,,2977
E05009009,Rosedale and Bury Green,,E07000095,Broxbourne,,2978
E05009010,Waltham Cross,,E07000095,Broxbourne,,2979
E05009011,Wormley and Turnford,,E07000095,Broxbourne,,2980
E05004691,Adeyfield East,,E07000096,Dacorum,,2981
E05004692,Adeyfield West,,E07000096,Dacorum,,2982
E05004693,Aldbury and Wigginton,,E07000096,Dacorum,,2983
E05004694,Apsley and Corner Hall,,E07000096,Dacorum,,2984
E05004695,Ashridge,,E07000096,Dacorum,,2985
E05004696,Bennetts End,,E07000096,Dacorum,,2986
E05004697,Berkhamsted Castle,,E07000096,Dacorum,,2987
E05004698,Berkhamsted East,,E07000096,Dacorum,,2988
E05004706,Highfield,,E07000096,Dacorum,,2989
E05009425,Abbots Langley & Bedmond,,E07000102,Three Rivers,,2990
E05011770,Stanhope,,E07000105,Ashford,,2991
E05004707,Kings Langley,,E07000096,Dacorum,,2992
E05013188,Bisley,,E07000082,Stroud,,2993
E05009426,Carpenders Park,,E07000102,Three Rivers,,2994
E05011771,Tenterden North,,E07000105,Ashford,,2995
E05004708,Leverstock Green,,E07000096,Dacorum,,2996
E05015667,Fort Fareham,,E07000087,Fareham,,2997
E05013189,Chalford,,E07000082,Stroud,,2998
E05009427,Chorleywood North & Sarratt,,E07000102,Three Rivers,,2999
E05011772,Tenterden South,,E07000105,Ashford,,3000
E05004709,Nash Mills,,E07000096,Dacorum,,3001
E05015668,Hill Head,,E07000087,Fareham,,3002
E05009428,Chorleywood South & Maple Cross,,E07000102,Three Rivers,,3003
E05013191,Kingswood,,E07000082,Stroud,,3004
E05011773,Tenterden St Michael's,,E07000105,Ashford,,3005
E05004710,Northchurch,,E07000096,Dacorum,,3006
E05009429,Dickinsons,,E07000102,Three Rivers,,3007
E05015669,Hook-with-Warsash,,E07000087,Fareham,,3008
E05013192,Minchinhampton,,E07000082,Stroud,,3009
E05011774,Upper Weald,,E07000105,Ashford,,3010
E05011775,Victoria,,E07000105,Ashford,,3011
E05011776,Washford,,E07000105,Ashford,,3012
E05011777,Weald Central,,E07000105,Ashford,,3013
E05011778,Weald North,,E07000105,Ashford,,3014
E05011779,Weald South,,E07000105,Ashford,,3015
E05011780,Willesborough,,E07000105,Ashford,,3016
E05011781,Wye with Hinxhill,,E07000105,Ashford,,3017
E05015478,Downs West,,E07000105,Ashford,,3018
E05015479,Goat Lees,,E07000105,Ashford,,3019
E05010392,Beltinge,,E07000106,Canterbury,,3020
E05010393,Blean Forest,,E07000106,Canterbury,,3021
E05010395,Chestfield,,E07000106,Canterbury,,3022
E05010396,Gorrell,,E07000106,Canterbury,,3023
E05010397,Greenhill,,E07000106,Canterbury,,3024
E05010398,Herne & Broomfield,,E07000106,Canterbury,,3025
E05010399,Heron,,E07000106,Canterbury,,3026
E05010402,Northgate,,E07000106,Canterbury,,3027
E05010404,Seasalter,,E07000106,Canterbury,,3028
E05010405,St Stephen's,,E07000106,Canterbury,,3029
E05010407,Swalecliffe,,E07000106,Canterbury,,3030
E05010408,Tankerton,,E07000106,Canterbury,,3031
E05010409,West Bay,,E07000106,Canterbury,,3032
E05010410,Westgate,,E07000106,Canterbury,,3033
E05010411,Wincheap,,E07000106,Canterbury,,3034
E05012953,Little Stour & Adisham,,E07000106,Canterbury,,3035
E05012954,Nailbourne,,E07000106,Canterbury,,3036
E05012955,Reculver,,E07000106,Canterbury,,3037
E05012956,Sturry,,E07000106,Canterbury,,3038
E05012990,Barton,,E07000106,Canterbury,,3039
E05012991,Chartham & Stone Street,,E07000106,Canterbury,,3040
E05012392,Bean & Village Park,,E07000107,Dartford,,3041
E05012393,Brent,,E07000107,Dartford,,3042
E05012394,Bridge,,E07000107,Dartford,,3043
E05012395,Burnham,,E07000107,Dartford,,3044
E05012396,Darenth,,E07000107,Dartford,,3045
E05012398,Greenhithe & Knockhall,,E07000107,Dartford,,3046
E05012399,Heath,,E07000107,Dartford,,3047
E05004711,Tring Central,,E07000096,Dacorum,,3048
E05015670,Locks Heath,,E07000087,Fareham,,3049
E05004712,Tring East,,E07000096,Dacorum,,3050
E05013193,Nailsworth,,E07000082,Stroud,,3051
E05015671,Park Gate,,E07000087,Fareham,,3052
E05004713,Tring West and Rural,,E07000096,Dacorum,,3053
E05013194,Rodborough,,E07000082,Stroud,,3054
E05015672,Portchester Castle,,E07000087,Fareham,,3055
E05009430,Durrants,,E07000102,Three Rivers,,3056
E05004714,Watling,,E07000096,Dacorum,,3057
E05013197,Stroud Trinity,,E07000082,Stroud,,3058
E05015673,Portchester Wicor,,E07000087,Fareham,,3059
E05009431,Gade Valley,,E07000102,Three Rivers,,3060
E05004715,Woodhall Farm,,E07000096,Dacorum,,3061
E05013198,Thrupp,,E07000082,Stroud,,3062
E05015674,Sarisbury & Whiteley,,E07000087,Fareham,,3063
E05009432,Leavesden,,E07000102,Three Rivers,,3064
E05012177,Aldenham East,,E07000098,Hertsmere,,3065
E05013199,Wotton-under-Edge,,E07000082,Stroud,,3066
E05015675,Stubbington,,E07000087,Fareham,,3067
E05009433,Moor Park & Eastbury,,E07000102,Three Rivers,,3068
E05012178,Aldenham West,,E07000098,Hertsmere,,3069
E05013212,Cainscross,,E07000082,Stroud,,3070
E05015676,Titchfield,,E07000087,Fareham,,3071
E05009434,Oxhey Hall & Hayling,,E07000102,Three Rivers,,3072
E05012179,Bentley Heath & The Royds,,E07000098,Hertsmere,,3073
E05015846,Hardwicke,,E07000082,Stroud,,3074
E05015677,Titchfield Common,,E07000087,Fareham,,3075
E05009435,Penn & Mill End,,E07000102,Three Rivers,,3076
E05012180,Borehamwood Brookmeadow,,E07000098,Hertsmere,,3077
E05015847,Severn,,E07000082,Stroud,,3078
E05015678,Uplands & Funtley,,E07000087,Fareham,,3079
E05015679,Wallington & Downend,,E07000087,Fareham,,3080
E05014138,Alverstoke,,E07000088,Gosport,,3081
E05014139,Anglesey,,E07000088,Gosport,,3082
E05014140,Bridgemary,,E07000088,Gosport,,3083
E05014141,Brockhurst & Privett,,E07000088,Gosport,,3084
E05014142,Elson,,E07000088,Gosport,,3085
E05014143,Forton,,E07000088,Gosport,,3086
E05014144,Grange & Alver Valley,,E07000088,Gosport,,3087
E05014145,Harbourside & Town,,E07000088,Gosport,,3088
E05014146,Hardway,,E07000088,Gosport,,3089
E05014147,Lee East,,E07000088,Gosport,,3090
E05014148,Lee West,,E07000088,Gosport,,3091
E05014149,Leesland & Newtown,,E07000088,Gosport,,3092
E05014150,Peel Common,,E07000088,Gosport,,3093
E05014151,Rowner & Holbrook,,E07000088,Gosport,,3094
E05009352,Blackwater and Hawley,,E07000089,Hart,,3095
E05009353,Crookham East,,E07000089,Hart,,3096
E05009354,Crookham West and Ewshot,,E07000089,Hart,,3097
E05009355,Fleet Central,,E07000089,Hart,,3098
E05009356,Fleet East,,E07000089,Hart,,3099
E05009357,Fleet West,,E07000089,Hart,,3100
E05009358,Hartley Wintney,,E07000089,Hart,,3101
E05009359,Hook,,E07000089,Hart,,3102
E05009360,Odiham,,E07000089,Hart,,3103
E05009361,Yateley East,,E07000089,Hart,,3104
E05009362,Yateley West,,E07000089,Hart,,3105
E05015581,Bedhampton,,E07000090,Havant,,3106
E05015582,Cowplain,,E07000090,Havant,,3107
E05015583,Emsworth,,E07000090,Havant,,3108
E05015584,Hart Plain,,E07000090,Havant,,3109
E05015585,Havant St Faith's,,E07000090,Havant,,3110
E05009436,Rickmansworth Town,,E07000102,Three Rivers,,3111
E05015848,Stonehouse,,E07000082,Stroud,,3112
E05009437,South Oxhey,,E07000102,Three Rivers,,3113
E05012065,Brockworth East,,E07000083,North Gloucestershire,,3114
E05011046,Callowland,,E07000103,Watford,,3115
E05012066,Brockworth West,,E07000083,North Gloucestershire,,3116
E05011047,Central,,E07000103,Watford,,3117
E05012181,Borehamwood Cowley Hill,,E07000098,Hertsmere,,3118
E05012071,Cleeve St Michael's,,E07000083,North Gloucestershire,,3119
E05011048,Holywell,,E07000103,Watford,,3120
E05012182,Borehamwood Hillside,,E07000098,Hertsmere,,3121
E05012072,Cleeve West,,E07000083,North Gloucestershire,,3122
E05011049,Leggatts,,E07000103,Watford,,3123
E05012183,Borehamwood Kenilworth,,E07000098,Hertsmere,,3124
E05012073,Highnam with Haw Bridge,,E07000083,North Gloucestershire,,3125
E05011050,Meriden,,E07000103,Watford,,3126
E05012184,Bushey Heath,,E07000098,Hertsmere,,3127
E05012076,Northway,,E07000083,North Gloucestershire,,3128
E05011051,Nascot,,E07000103,Watford,,3129
E05012185,Bushey North,,E07000098,Hertsmere,,3130
E05012077,Severn Vale North,,E07000083,North Gloucestershire,,3131
E05011052,Oxhey,,E07000103,Watford,,3132
E05012186,Bushey Park,,E07000098,Hertsmere,,3133
E05012078,Severn Vale South,,E07000083,North Gloucestershire,,3134
E05011053,Park,,E07000103,Watford,,3135
E05012187,Bushey St James,,E07000098,Hertsmere,,3136
E05012079,Shurdington,,E07000083,North Gloucestershire,,3137
E05011054,Stanborough,,E07000103,Watford,,3138
E05012188,Elstree,,E07000098,Hertsmere,,3139
E05012081,Tewkesbury North & Twyning,,E07000083,North Gloucestershire,,3140
E05011055,Tudor,,E07000103,Watford,,3141
E05012189,Potters Bar Furzefield,,E07000098,Hertsmere,,3142
E05012082,Tewkesbury South,,E07000083,North Gloucestershire,,3143
E05011056,Vicarage,,E07000103,Watford,,3144
E05012190,Potters Bar Oakmere,,E07000098,Hertsmere,,3145
E05012083,Winchcombe,,E07000083,North Gloucestershire,,3146
E05015480,Badgeworth,,E07000083,North Gloucestershire,,3147
E05015481,Churchdown Brookfield with Hucclecote,,E07000083,North Gloucestershire,,3148
E05015482,Churchdown St John's,,E07000083,North Gloucestershire,,3149
E05015483,Cleeve Grange,,E07000083,North Gloucestershire,,3150
E05015484,Cleeve Hill,,E07000083,North Gloucestershire,,3151
E05015485,Innsworth,,E07000083,North Gloucestershire,,3152
E05015486,Isbourne,,E07000083,North Gloucestershire,,3153
E05015487,Tewkesbury East,,E07000083,North Gloucestershire,,3154
E05013078,Basing & Upton Grey,,E07000084,Basingstoke and Deane,,3155
E05013079,Bramley,,E07000084,Basingstoke and Deane,,3156
E05013080,Brighton Hill,,E07000084,Basingstoke and Deane,,3157
E05013081,Brookvale & Kings Furlong,,E07000084,Basingstoke and Deane,,3158
E05013082,Chineham,,E07000084,Basingstoke and Deane,,3159
E05013083,Eastrop & Grove,,E07000084,Basingstoke and Deane,,3160
E05013084,Evingar,,E07000084,Basingstoke and Deane,,3161
E05013085,Hatch Warren & Beggarwood,,E07000084,Basingstoke and Deane,,3162
E05013086,Kempshott & Buckskin,,E07000084,Basingstoke and Deane,,3163
E05011057,Woodside,,E07000103,Watford,,3164
E05011743,Aylesford & East Stour,,E07000105,Ashford,,3165
E05011744,Beaver,,E07000105,Ashford,,3166
E05011745,Biddenden,,E07000105,Ashford,,3167
E05011746,Bircholt,,E07000105,Ashford,,3168
E05011747,Bockhanger,,E07000105,Ashford,,3169
E05011748,Bybrook,,E07000105,Ashford,,3170
E05011749,Charing,,E07000105,Ashford,,3171
E05011750,Conningbrook & Little Burton Farm,,E07000105,Ashford,,3172
E05011751,Downs North,,E07000105,Ashford,,3173
E05011753,Furley,,E07000105,Ashford,,3174
E05011755,Godinton,,E07000105,Ashford,,3175
E05011756,Highfield,,E07000105,Ashford,,3176
E05011757,Isle of Oxney,,E07000105,Ashford,,3177
E05011758,Kennington,,E07000105,Ashford,,3178
E05011759,Kingsnorth Village & Bridgefield,,E07000105,Ashford,,3179
E05011760,"Mersham, Sevington South with Finberry",,E07000105,Ashford,,3180
E05011761,Norman,,E07000105,Ashford,,3181
E05012191,Potters Bar Parkfield,,E07000098,Hertsmere,,3182
E05012192,Shenley,,E07000098,Hertsmere,,3183
E05015754,Arbury,,E07000099,North Hertfordshire,,3184
E05015755,Baldock East,,E07000099,North Hertfordshire,,3185
E05015756,Baldock West,,E07000099,North Hertfordshire,,3186
E05015757,Cadwell,,E07000099,North Hertfordshire,,3187
E05015758,Codicote & Kimpton,,E07000099,North Hertfordshire,,3188
E05015759,Ermine,,E07000099,North Hertfordshire,,3189
E05015760,"Graveley, St Ippolyts & Wymondley",,E07000099,North Hertfordshire,,3190
E05015761,Great Ashby,,E07000099,North Hertfordshire,,3191
E05015762,Hitchin Bearton,,E07000099,North Hertfordshire,,3192
E05015763,Hitchin Highbury,,E07000099,North Hertfordshire,,3193
E05015764,Hitchin Oughton,,E07000099,North Hertfordshire,,3194
E05015765,Hitchin Priory,,E07000099,North Hertfordshire,,3195
E05015766,Hitchin Walsworth,,E07000099,North Hertfordshire,,3196
E05015767,Hitchwood,,E07000099,North Hertfordshire,,3197
E05015768,Knebworth,,E07000099,North Hertfordshire,,3198
E05015769,Letchworth Grange,,E07000099,North Hertfordshire,,3199
E05015770,Letchworth Norton,,E07000099,North Hertfordshire,,3200
E05012400,Joyden's Wood,,E07000107,Dartford,,3201
E05012401,"Longfield, New Barn & Southfleet",,E07000107,Dartford,,3202
E05012402,Maypole & Leyton Cross,,E07000107,Dartford,,3203
E05005162,Rosehill with Burnley Wood,,E07000117,Burnley,,3204
E05012403,Newtown,,E07000107,Dartford,,3205
E05012404,Princes,,E07000107,Dartford,,3206
E05012405,Stone Castle,,E07000107,Dartford,,3207
E05012406,Stone House,,E07000107,Dartford,,3208
E05012408,Temple Hill,,E07000107,Dartford,,3209
E05012409,Town,,E07000107,Dartford,,3210
E05012410,West Hill,,E07000107,Dartford,,3211
E05012411,"Wilmington, Sutton-at-Hone & Hawley",,E07000107,Dartford,,3212
E05015466,Ebbsfleet,,E07000107,Dartford,,3213
E05015467,Swanscombe,,E07000107,Dartford,,3214
E05012855,Alkham & Capel-le-Ferne,,E07000108,Dover,,3215
E05012856,"Aylesham, Eythorne & Shepherdswell",,E07000108,Dover,,3216
E05012857,Buckland,,E07000108,Dover,,3217
E05012858,Dover Downs & River,,E07000108,Dover,,3218
E05012859,Eastry Rural,,E07000108,Dover,,3219
E05012860,"Guston, Kingsdown & St Margaret's-at-Cliffe",,E07000108,Dover,,3220
E05012861,Little Stour & Ashstone,,E07000108,Dover,,3221
E05012862,Maxton & Elms Vale,,E07000108,Dover,,3222
E05012863,Middle Deal,,E07000108,Dover,,3223
E05012864,Mill Hill,,E07000108,Dover,,3224
E05012865,North Deal,,E07000108,Dover,,3225
E05012866,St Radigunds,,E07000108,Dover,,3226
E05012867,Sandwich,,E07000108,Dover,,3227
E05012868,Tower Hamlets,,E07000108,Dover,,3228
E05012869,Town & Castle,,E07000108,Dover,,3229
E05012870,Walmer,,E07000108,Dover,,3230
E05012871,Whitfield,,E07000108,Dover,,3231
E05014912,Chalk,,E07000109,Gravesham,,3232
E05014913,Coldharbour & Perry Street,,E07000109,Gravesham,,3233
E05014914,Denton,,E07000109,Gravesham,,3234
E05014915,Higham & Shorne,,E07000109,Gravesham,,3235
E05014916,"Istead Rise, Cobham & Luddesdown",,E07000109,Gravesham,,3236
E05014917,Meopham North,,E07000109,Gravesham,,3237
E05014918,Meopham South & Vigo,,E07000109,Gravesham,,3238
E05014919,Northfleet & Springhead,,E07000109,Gravesham,,3239
E05014920,Painters Ash,,E07000109,Gravesham,,3240
E05014921,Pelham,,E07000109,Gravesham,,3241
E05014922,Riverview Park,,E07000109,Gravesham,,3242
E05014923,Rosherville,,E07000109,Gravesham,,3243
E05014924,Singlewell,,E07000109,Gravesham,,3244
E05014925,Town,,E07000109,Gravesham,,3245
E05014926,Westcourt,,E07000109,Gravesham,,3246
E05014927,Whitehill & Windmill Hill,,E07000109,Gravesham,,3247
E05014928,Woodlands,,E07000109,Gravesham,,3248
E05015593,Allington & Bridge,,E07000110,Maidstone,,3249
E05015594,Barming Heath & Teston,,E07000110,Maidstone,,3250
E05015595,Bearsted & Downswood,,E07000110,Maidstone,,3251
E05005099,Sir Moses Montefiore,,E07000114,Thanet,,3252
E05010223,Farington West,,E07000126,South Ribble,,3253
E05010020,Hythe,,E07000112,Folkestone and Hythe,,3254
E05014885,Bare,,E07000121,Lancaster,,3255
E05010021,Hythe Rural,,E07000112,Folkestone and Hythe,,3256
E05014886,Bolton & Slyne,,E07000121,Lancaster,,3257
E05010022,New Romney,,E07000112,Folkestone and Hythe,,3258
E05010224,Hoole,,E07000126,South Ribble,,3259
E05014887,Bowerham,,E07000121,Lancaster,,3260
E05010023,North Downs East,,E07000112,Folkestone and Hythe,,3261
E05015596,Boughton Monchelsea & Chart Sutton,,E07000110,Maidstone,,3262
E05010225,Howick & Priory,,E07000126,South Ribble,,3263
E05005163,Trinity,,E07000117,Burnley,,3264
E05014888,Bulk,,E07000121,Lancaster,,3265
E05010024,North Downs West,,E07000112,Folkestone and Hythe,,3266
E05015597,Boxley Downs,,E07000110,Maidstone,,3267
E05010226,Leyland Central,,E07000126,South Ribble,,3268
E05005164,Whittlefield with Ightenhill,,E07000117,Burnley,,3269
E05014889,Carnforth & Millhead,,E07000121,Lancaster,,3270
E05010025,Romney Marsh,,E07000112,Folkestone and Hythe,,3271
E05015598,Coxheath & Farleigh,,E07000110,Maidstone,,3272
E05010227,Longton & Hutton West,,E07000126,South Ribble,,3273
E05013064,Adlington & Anderton,,E07000118,Chorley,,3274
E05012204,Preston Rural East,,E07000123,Preston,,3275
E05014890,Castle,,E07000121,Lancaster,,3276
E05014891,Ellel,,E07000121,Lancaster,,3277
E05014892,Halton-with-Aughton & Kellet,,E07000121,Lancaster,,3278
E05014893,Heysham Central,,E07000121,Lancaster,,3279
E05014894,Heysham North,,E07000121,Lancaster,,3280
E05014895,Heysham South,,E07000121,Lancaster,,3281
E05014896,John O'Gaunt,,E07000121,Lancaster,,3282
E05014897,Lower Lune Valley,,E07000121,Lancaster,,3283
E05014898,Marsh,,E07000121,Lancaster,,3284
E05014899,Overton,,E07000121,Lancaster,,3285
E05014900,Poulton,,E07000121,Lancaster,,3286
E05014901,Scale Hall,,E07000121,Lancaster,,3287
E05014902,Scotforth East,,E07000121,Lancaster,,3288
E05014903,Scotforth West,,E07000121,Lancaster,,3289
E05014904,Silverdale,,E07000121,Lancaster,,3290
E05014905,Skerton,,E07000121,Lancaster,,3291
E05014906,Torrisholme,,E07000121,Lancaster,,3292
E05014907,University,,E07000121,Lancaster,,3293
E05014908,Upper Lune Valley,,E07000121,Lancaster,,3294
E05014909,Warton,,E07000121,Lancaster,,3295
E05014910,West End,,E07000121,Lancaster,,3296
E05014911,Westgate,,E07000121,Lancaster,,3297
E05013201,Barrowford & Pendleside,,E07000122,Pendle,,3298
E05013202,Boulsworth & Foulridge,,E07000122,Pendle,,3299
E05013203,Bradley,,E07000122,Pendle,,3300
E05013204,Brierfield East & Clover Hill,,E07000122,Pendle,,3301
E05013205,Brierfield West & Reedley,,E07000122,Pendle,,3302
E05013207,Fence & Higham,,E07000122,Pendle,,3303
E05013208,Marsden & Southfield,,E07000122,Pendle,,3304
E05013209,Vivary Bridge,,E07000122,Pendle,,3305
E05013210,Waterside & Horsfield,,E07000122,Pendle,,3306
E05013211,Whitefield & Walverden,,E07000122,Pendle,,3307
E05015546,Barnoldswick,,E07000122,Pendle,,3308
E05015547,Earby & Coates,,E07000122,Pendle,,3309
E05012193,Ashton,,E07000123,Preston,,3310
E05012194,Brookfield,,E07000123,Preston,,3311
E05012195,Cadley,,E07000123,Preston,,3312
E05012196,City Centre,,E07000123,Preston,,3313
E05012197,Deepdale,,E07000123,Preston,,3314
E05012198,Fishwick & Frenchwood,,E07000123,Preston,,3315
E05012199,Garrison,,E07000123,Preston,,3316
E05012200,Greyfriars,,E07000123,Preston,,3317
E05012201,Ingol & Cottam,,E07000123,Preston,,3318
E05012202,Lea & Larches,,E07000123,Preston,,3319
E05012203,Plungington,,E07000123,Preston,,3320
E05005100,Thanet Villages,,E07000114,Thanet,,3321
E05013065,Buckshaw & Whittle,,E07000118,Chorley,,3322
E05012205,Preston Rural North,,E07000123,Preston,,3323
E05015599,Fant & Oakwood,,E07000110,Maidstone,,3324
E05005101,Viking,,E07000114,Thanet,,3325
E05013066,Chorley East,,E07000118,Chorley,,3326
E05010026,Sandgate & West Folkestone,,E07000112,Folkestone and Hythe,,3327
E05010228,Lostock Hall,,E07000126,South Ribble,,3328
E05012206,Ribbleton,,E07000123,Preston,,3329
E05015600,Grove Green & Vinters Park,,E07000110,Maidstone,,3330
E05005102,Westbrook,,E07000114,Thanet,,3331
E05013067,Chorley North East,,E07000118,Chorley,,3332
E05010027,Walland & Denge Marsh,,E07000112,Folkestone and Hythe,,3333
E05010229,Middleforth,,E07000126,South Ribble,,3334
E05012207,St Matthew's,,E07000123,Preston,,3335
E05015601,"Harrietsham, Lenham & North Downs",,E07000110,Maidstone,,3336
E05005103,Westgate-on-Sea,,E07000114,Thanet,,3337
E05013068,Chorley North West,,E07000118,Chorley,,3338
E05009544,Abbey,,E07000113,Swale,,3339
E05010230,Moss Side,,E07000126,South Ribble,,3340
E05012208,Sharoe Green,,E07000123,Preston,,3341
E05015602,Headcorn & Sutton Valence,,E07000110,Maidstone,,3342
E05015035,Aylesford North & North Downs,,E07000115,Tonbridge and Malling,,3343
E05013069,Chorley North & Astley,,E07000118,Chorley,,3344
E05009545,"Bobbing, Iwade and Lower Halstow",,E07000113,Swale,,3345
E05010231,New Longton & Hutton East,,E07000126,South Ribble,,3346
E05015603,High Street,,E07000110,Maidstone,,3347
E05015036,Aylesford South & Ditton,,E07000115,Tonbridge and Malling,,3348
E05010232,St Ambrose,,E07000126,South Ribble,,3349
E05009546,Borden and Grove Park,,E07000113,Swale,,3350
E05013070,Chorley South East & Heath Charnock,,E07000118,Chorley,,3351
E05012000,Alston & Hothersall,,E07000124,Ribble Valley,,3352
E05015604,Leeds & Langley,,E07000110,Maidstone,,3353
E05013071,Chorley South West,,E07000118,Chorley,,3354
E05012001,Billington & Langho,,E07000124,Ribble Valley,,3355
E05009547,Boughton and Courtenay,,E07000113,Swale,,3356
E05010233,Samlesbury & Walton,,E07000126,South Ribble,,3357
E05015037,"Birling, Leybourne & Ryarsh",,E07000115,Tonbridge and Malling,,3358
E05015605,Loose & Linton,,E07000110,Maidstone,,3359
E05013072,"Clayton East, Brindle & Hoghton",,E07000118,Chorley,,3360
E05012002,Bowland,,E07000124,Ribble Valley,,3361
E05009548,Chalkwell,,E07000113,Swale,,3362
E05010234,Seven Stars,,E07000126,South Ribble,,3363
E05015038,Borough Green & Platt,,E07000115,Tonbridge and Malling,,3364
E05015606,Marden & Yalding,,E07000110,Maidstone,,3365
E05013073,Clayton West & Cuerden,,E07000118,Chorley,,3366
E05012003,Brockhall & Dinckley,,E07000124,Ribble Valley,,3367
E05009549,East Downs,,E07000113,Swale,,3368
E05010235,Walton-le-Dale East,,E07000126,South Ribble,,3369
E05015039,Bourne,,E07000115,Tonbridge and Malling,,3370
E05015607,Palace Wood,,E07000110,Maidstone,,3371
E05013074,Coppull,,E07000118,Chorley,,3372
E05012004,Chatburn,,E07000124,Ribble Valley,,3373
E05009550,"Hartlip, Newington and Upchurch",,E07000113,Swale,,3374
E05010236,Walton-le-Dale West,,E07000126,South Ribble,,3375
E05015040,Cage Green & Angel,,E07000115,Tonbridge and Malling,,3376
E05015608,Park Wood & Mangravet,,E07000110,Maidstone,,3377
E05013075,"Croston, Mawdesley & Euxton South",,E07000118,Chorley,,3378
E05012005,Chipping,,E07000124,Ribble Valley,,3379
E05009551,Homewood,,E07000113,Swale,,3380
E05014929,Aughton & Holborn,,E07000127,West Lancashire,,3381
E05015041,"East and West Peckham, Mereworth & Wateringbury",,E07000115,Tonbridge and Malling,,3382
E05015609,Penenden Heath,,E07000110,Maidstone,,3383
E05013076,"Eccleston, Heskin & Charnock Richard",,E07000118,Chorley,,3384
E05012006,Clayton-le-Dale & Salesbury,,E07000124,Ribble Valley,,3385
E05009552,Kemsley,,E07000113,Swale,,3386
E05014930,Burscough Bridge & Rufford,,E07000127,West Lancashire,,3387
E05015042,"East Malling, West Malling & Offham",,E07000115,Tonbridge and Malling,,3388
E05015610,Ringlestone,,E07000110,Maidstone,,3389
E05013077,Euxton,,E07000118,Chorley,,3390
E05012007,Derby & Thornley,,E07000124,Ribble Valley,,3391
E05009553,Milton Regis,,E07000113,Swale,,3392
E05014931,Burscough Town,,E07000127,West Lancashire,,3393
E05015043,Higham,,E07000115,Tonbridge and Malling,,3394
E05015611,Senacre,,E07000110,Maidstone,,3395
E05014538,Ansdell & Fairhaven,,E07000119,Fylde,,3396
E05012008,Dilworth,,E07000124,Ribble Valley,,3397
E05009554,Minster Cliffs,,E07000113,Swale,,3398
E05014932,North Meols & Hesketh Bank,,E07000127,West Lancashire,,3399
E05015044,Hildenborough,,E07000115,Tonbridge and Malling,,3400
E05015612,Shepway,,E07000110,Maidstone,,3401
E05014539,Ashton,,E07000119,Fylde,,3402
E05012009,"East Whalley, Read & Simonstone",,E07000124,Ribble Valley,,3403
E05009555,Murston,,E07000113,Swale,,3404
E05009556,Priory,,E07000113,Swale,,3405
E05009557,Queenborough and Halfway,,E07000113,Swale,,3406
E05009558,Roman,,E07000113,Swale,,3407
E05009559,St Ann's,,E07000113,Swale,,3408
E05009560,Sheerness,,E07000113,Swale,,3409
E05009561,Sheppey Central,,E07000113,Swale,,3410
E05009562,Sheppey East,,E07000113,Swale,,3411
E05009563,Teynham and Lynsted,,E07000113,Swale,,3412
E05009564,The Meads,,E07000113,Swale,,3413
E05009565,Watling,,E07000113,Swale,,3414
E05009566,West Downs,,E07000113,Swale,,3415
E05009567,Woodstock,,E07000113,Swale,,3416
E05005081,Beacon Road,,E07000114,Thanet,,3417
E05005082,Birchington North,,E07000114,Thanet,,3418
E05005083,Birchington South,,E07000114,Thanet,,3419
E05005084,Bradstowe,,E07000114,Thanet,,3420
E05005085,Central Harbour,,E07000114,Thanet,,3421
E05005086,Cliffsend and Pegwell,,E07000114,Thanet,,3422
E05005087,Cliftonville East,,E07000114,Thanet,,3423
E05005088,Cliftonville West,,E07000114,Thanet,,3424
E05005089,Dane Valley,,E07000114,Thanet,,3425
E05005090,Eastcliff,,E07000114,Thanet,,3426
E05005091,Garlinge,,E07000114,Thanet,,3427
E05005092,Kingsgate,,E07000114,Thanet,,3428
E05005093,Margate Central,,E07000114,Thanet,,3429
E05005094,Nethercourt,,E07000114,Thanet,,3430
E05005095,Newington,,E07000114,Thanet,,3431
E05005096,Northwood,,E07000114,Thanet,,3432
E05005097,St Peters,,E07000114,Thanet,,3433
E05005098,Salmestone,,E07000114,Thanet,,3434
E05015045,Judd,,E07000115,Tonbridge and Malling,,3435
E05015613,Staplehurst,,E07000110,Maidstone,,3436
E05015046,Kings Hill,,E07000115,Tonbridge and Malling,,3437
E05012010,Edisford & Low Moor,,E07000124,Ribble Valley,,3438
E05015614,Tovil,,E07000110,Maidstone,,3439
E05015047,Larkfield,,E07000115,Tonbridge and Malling,,3440
E05012011,Gisburn & Rimington,,E07000124,Ribble Valley,,3441
E05014933,Old Skelmersdale,,E07000127,West Lancashire,,3442
E05014540,Carnegie,,E07000119,Fylde,,3443
E05005010,Cowden and Hever,,E07000111,Sevenoaks,,3444
E05015048,Pilgrims with Ightham,,E07000115,Tonbridge and Malling,,3445
E05012012,Hurst Green & Whitewell,,E07000124,Ribble Valley,,3446
E05014934,Ormskirk East,,E07000127,West Lancashire,,3447
E05014541,Freckleton Village,,E07000119,Fylde,,3448
E05005011,Crockenhill and Well Hill,,E07000111,Sevenoaks,,3449
E05015049,Snodland East & Ham Hill,,E07000115,Tonbridge and Malling,,3450
E05012013,Littlemoor,,E07000124,Ribble Valley,,3451
E05014935,Ormskirk West,,E07000127,West Lancashire,,3452
E05014542,Heyhouses,,E07000119,Fylde,,3453
E05005012,Dunton Green and Riverhead,,E07000111,Sevenoaks,,3454
E05015050,Snodland West & Holborough Lakes,,E07000115,Tonbridge and Malling,,3455
E05012014,Mellor,,E07000124,Ribble Valley,,3456
E05014936,Rural North East,,E07000127,West Lancashire,,3457
E05014543,Kilgrimol,,E07000119,Fylde,,3458
E05005013,Edenbridge North and East,,E07000111,Sevenoaks,,3459
E05015051,Trench,,E07000115,Tonbridge and Malling,,3460
E05012015,Primrose,,E07000124,Ribble Valley,,3461
E05014937,Rural South,,E07000127,West Lancashire,,3462
E05014544,Kilnhouse,,E07000119,Fylde,,3463
E05005014,Edenbridge South and West,,E07000111,Sevenoaks,,3464
E05015052,Vauxhall,,E07000115,Tonbridge and Malling,,3465
E05012016,Ribchester,,E07000124,Ribble Valley,,3466
E05014938,Rural West,,E07000127,West Lancashire,,3467
E05014545,Kirkham,,E07000119,Fylde,,3468
E05015053,Walderslade,,E07000115,Tonbridge and Malling,,3469
E05005016,"Farningham, Horton Kirby and South Darenth",,E07000111,Sevenoaks,,3470
E05005017,Fawkham and West Kingsdown,,E07000111,Sevenoaks,,3471
E05015803,"Cranbrook, Sissinghurst & Frittenden",,E07000116,Tunbridge Wells,,3472
E05014939,Skelmersdale North,,E07000127,West Lancashire,,3473
E05014546,Lytham East,,E07000119,Fylde,,3474
E05005018,"Halstead, Knockholt and Badgers Mount",,E07000111,Sevenoaks,,3475
E05015804,Culverden,,E07000116,Tunbridge Wells,,3476
E05014940,Skelmersdale South,,E07000127,West Lancashire,,3477
E05012017,Sabden,,E07000124,Ribble Valley,,3478
E05014547,Lytham West,,E07000119,Fylde,,3479
E05005021,Kemsing,,E07000111,Sevenoaks,,3480
E05012018,St Mary's,,E07000124,Ribble Valley,,3481
E05015805,Rural Tunbridge Wells,,E07000116,Tunbridge Wells,,3482
E05014548,Medlar-with-Wesham,,E07000119,Fylde,,3483
E05014941,Tanhouse & Skelmersdale Town Centre,,E07000127,West Lancashire,,3484
E05005026,Sevenoaks Eastern,,E07000111,Sevenoaks,,3485
E05012019,Salthill,,E07000124,Ribble Valley,,3486
E05015806,"Hawkhurst, Sandhurst & Benenden",,E07000116,Tunbridge Wells,,3487
E05014549,Park,,E07000119,Fylde,,3488
E05014942,Tarleton Village,,E07000127,West Lancashire,,3489
E05005027,Sevenoaks Kippington,,E07000111,Sevenoaks,,3490
E05012020,"Waddington, Bashall Eaves & Mitton",,E07000124,Ribble Valley,,3491
E05015807,High Brooms,,E07000116,Tunbridge Wells,,3492
E05014550,Rural East Fylde,,E07000119,Fylde,,3493
E05014943,Up Holland,,E07000127,West Lancashire,,3494
E05005028,Sevenoaks Northern,,E07000111,Sevenoaks,,3495
E05012021,West Bradford & Grindleton,,E07000124,Ribble Valley,,3496
E05015808,Paddock Wood,,E07000116,Tunbridge Wells,,3497
E05014551,Rural North Fylde,,E07000119,Fylde,,3498
E05009932,Bourne,,E07000128,Wyre,,3499
E05005029,Sevenoaks Town and St John's,,E07000111,Sevenoaks,,3500
E05012022,Whalley & Painter Wood,,E07000124,Ribble Valley,,3501
E05015809,Pantiles,,E07000116,Tunbridge Wells,,3502
E05014552,Staining,,E07000119,Fylde,,3503
E05009933,Breck,,E07000128,Wyre,,3504
E05005031,Swanley St Mary's,,E07000111,Sevenoaks,,3505
E05012023,Whalley Nethertown,,E07000124,Ribble Valley,,3506
E05015810,Park,,E07000116,Tunbridge Wells,,3507
E05014553,Warton,,E07000119,Fylde,,3508
E05009934,Brock with Catterall,,E07000128,Wyre,,3509
E05005032,Swanley White Oak,,E07000111,Sevenoaks,,3510
E05012024,Wilpshire & Ramsgreave,,E07000124,Ribble Valley,,3511
E05015811,Pembury & Capel,,E07000116,Tunbridge Wells,,3512
E05014554,Wrea Green with Westby,,E07000119,Fylde,,3513
E05009935,Calder,,E07000128,Wyre,,3514
E05009956,Ash and New Ash Green,,E07000111,Sevenoaks,,3515
E05012025,Wiswell & Barrow,,E07000124,Ribble Valley,,3516
E05015812,Rusthall & Speldhurst,,E07000116,Tunbridge Wells,,3517
E05005206,Altham,,E07000120,Hyndburn,,3518
E05009936,Carleton,,E07000128,Wyre,,3519
E05009958,Eynsford,,E07000111,Sevenoaks,,3520
E05015817,Bacup,,E07000125,Rossendale,,3521
E05015813,Sherwood,,E07000116,Tunbridge Wells,,3522
E05005207,Barnfield,,E07000120,Hyndburn,,3523
E05009937,Cleveleys Park,,E07000128,Wyre,,3524
E05009959,Hartley and Hodsoll Street,,E07000111,Sevenoaks,,3525
E05015818,Britannia & Lee Mill,,E07000125,Rossendale,,3526
E05015814,Southborough & Bidborough,,E07000116,Tunbridge Wells,,3527
E05005208,Baxenden,,E07000120,Hyndburn,,3528
E05009938,Garstang,,E07000128,Wyre,,3529
E05009960,Hextable,,E07000111,Sevenoaks,,3530
E05015819,Goodshaw & Cribden,,E07000125,Rossendale,,3531
E05015820,Greenfield & Eden,,E07000125,Rossendale,,3532
E05015821,Hareholme & Waterfoot,,E07000125,Rossendale,,3533
E05015822,Haslingden,,E07000125,Rossendale,,3534
E05015823,Helmshore,,E07000125,Rossendale,,3535
E05015824,Longholme,,E07000125,Rossendale,,3536
E05015825,Whitewell & Stacksteads,,E07000125,Rossendale,,3537
E05015826,Whitworth,,E07000125,Rossendale,,3538
E05010214,Bamber Bridge East,,E07000126,South Ribble,,3539
E05010215,Bamber Bridge West,,E07000126,South Ribble,,3540
E05010216,Broad Oak,,E07000126,South Ribble,,3541
E05010217,Broadfield,,E07000126,South Ribble,,3542
E05010218,Buckshaw & Worden,,E07000126,South Ribble,,3543
E05010219,Charnock,,E07000126,South Ribble,,3544
E05010220,Coupe Green & Gregson Lane,,E07000126,South Ribble,,3545
E05010221,Earnshaw Bridge,,E07000126,South Ribble,,3546
E05010222,Farington East,,E07000126,South Ribble,,3547
E05009961,Leigh and Chiddingstone Causeway,,E07000111,Sevenoaks,,3548
E05009939,Great Eccleston,,E07000128,Wyre,,3549
E05005209,Central,,E07000120,Hyndburn,,3550
E05009962,Otford and Shoreham,,E07000111,Sevenoaks,,3551
E05009940,Hambleton & Stalmine,,E07000128,Wyre,,3552
E05005210,Church,,E07000120,Hyndburn,,3553
E05009963,"Penshurst, Fordcombe and Chiddingstone",,E07000111,Sevenoaks,,3554
E05009941,Hardhorn with High Cross,,E07000128,Wyre,,3555
E05005211,Clayton-le-Moors,,E07000120,Hyndburn,,3556
E05015815,St James',,E07000116,Tunbridge Wells,,3557
E05009964,Swanley Christchurch and Swanley Village,,E07000111,Sevenoaks,,3558
E05009942,Jubilee,,E07000128,Wyre,,3559
E05005212,Huncoat,,E07000120,Hyndburn,,3560
E05015816,St John's,,E07000116,Tunbridge Wells,,3561
E05009965,Westerham and Crockham Hill,,E07000111,Sevenoaks,,3562
E05009943,Marsh Mill,,E07000128,Wyre,,3563
E05005213,Immanuel,,E07000120,Hyndburn,,3564
E05005150,Bank Hall,,E07000117,Burnley,,3565
E05011558,"Brasted, Chevening and Sundridge",,E07000111,Sevenoaks,,3566
E05009944,Mount,,E07000128,Wyre,,3567
E05005214,Milnshaw,,E07000120,Hyndburn,,3568
E05005151,Briercliffe,,E07000117,Burnley,,3569
E05011559,Seal and Weald,,E07000111,Sevenoaks,,3570
E05009945,Park,,E07000128,Wyre,,3571
E05005215,Netherton,,E07000120,Hyndburn,,3572
E05005152,Brunshaw,,E07000117,Burnley,,3573
E05010015,Broadmead,,E07000112,Folkestone and Hythe,,3574
E05009946,Pharos,,E07000128,Wyre,,3575
E05005216,Overton,,E07000120,Hyndburn,,3576
E05005153,Cliviger with Worsthorne,,E07000117,Burnley,,3577
E05010016,Cheriton,,E07000112,Folkestone and Hythe,,3578
E05009947,Pheasant's Wood,,E07000128,Wyre,,3579
E05005217,Peel,,E07000120,Hyndburn,,3580
E05005154,Coal Clough with Deerplay,,E07000117,Burnley,,3581
E05010017,East Folkestone,,E07000112,Folkestone and Hythe,,3582
E05009948,Pilling,,E07000128,Wyre,,3583
E05005218,Rishton,,E07000120,Hyndburn,,3584
E05005155,Daneshouse with Stoneyholme,,E07000117,Burnley,,3585
E05010018,Folkestone Central,,E07000112,Folkestone and Hythe,,3586
E05009949,Preesall,,E07000128,Wyre,,3587
E05005219,St Andrew's,,E07000120,Hyndburn,,3588
E05005156,Gannow,,E07000117,Burnley,,3589
E05010019,Folkestone Harbour,,E07000112,Folkestone and Hythe,,3590
E05009950,Rossall,,E07000128,Wyre,,3591
E05005220,St Oswald's,,E07000120,Hyndburn,,3592
E05005157,Gawthorpe,,E07000117,Burnley,,3593
E05009951,Stanah,,E07000128,Wyre,,3594
E05005221,Spring Hill,,E07000120,Hyndburn,,3595
E05005158,Hapton with Park,,E07000117,Burnley,,3596
E05005159,Lanehead,,E07000117,Burnley,,3597
E05005160,Queensgate,,E07000117,Burnley,,3598
E05005161,Rosegrove with Lowerhouse,,E07000117,Burnley,,3599
E05009952,Tithebarn,,E07000128,Wyre,,3600
E05015560,Coltishall,,E07000144,Broadland,,3601
E05015561,Spixworth with St Faiths,,E07000144,Broadland,,3602
E05005784,Bradwell North,,E07000145,Great Yarmouth,,3603
E05005785,Bradwell South and Hopton,,E07000145,Great Yarmouth,,3604
E05005786,Caister North,,E07000145,Great Yarmouth,,3605
E05005787,Caister South,,E07000145,Great Yarmouth,,3606
E05005788,Central and Northgate,,E07000145,Great Yarmouth,,3607
E05005789,Claydon,,E07000145,Great Yarmouth,,3608
E05005790,East Flegg,,E07000145,Great Yarmouth,,3609
E05005791,Fleggburgh,,E07000145,Great Yarmouth,,3610
E05005792,Gorleston,,E07000145,Great Yarmouth,,3611
E05005793,Lothingland,,E07000145,Great Yarmouth,,3612
E05005794,Magdalen,,E07000145,Great Yarmouth,,3613
E05005795,Nelson,,E07000145,Great Yarmouth,,3614
E05005796,Ormesby,,E07000145,Great Yarmouth,,3615
E05005797,St Andrews,,E07000145,Great Yarmouth,,3616
E05005798,Southtown and Cobholm,,E07000145,Great Yarmouth,,3617
E05005799,West Flegg,,E07000145,Great Yarmouth,,3618
E05005800,Yarmouth North,,E07000145,Great Yarmouth,,3619
E05012321,Airfield,,E07000146,King's Lynn and West Norfolk,,3620
E05012322,Bircham with Rudhams,,E07000146,King's Lynn and West Norfolk,,3621
E05012323,Brancaster,,E07000146,King's Lynn and West Norfolk,,3622
E05012324,Burnham Market & Docking,,E07000146,King's Lynn and West Norfolk,,3623
E05012325,Clenchwarton,,E07000146,King's Lynn and West Norfolk,,3624
E05012326,Denver,,E07000146,King's Lynn and West Norfolk,,3625
E05012327,Dersingham,,E07000146,King's Lynn and West Norfolk,,3626
E05012328,Downham Old Town,,E07000146,King's Lynn and West Norfolk,,3627
E05012329,East Downham,,E07000146,King's Lynn and West Norfolk,,3628
E05012330,Emneth & Outwell,,E07000146,King's Lynn and West Norfolk,,3629
E05012331,Fairstead,,E07000146,King's Lynn and West Norfolk,,3630
E05012332,Feltwell,,E07000146,King's Lynn and West Norfolk,,3631
E05012333,Gayton & Grimston,,E07000146,King's Lynn and West Norfolk,,3632
E05012334,Gaywood Chase,,E07000146,King's Lynn and West Norfolk,,3633
E05012335,Gaywood Clock,,E07000146,King's Lynn and West Norfolk,,3634
E05012336,Gaywood North Bank,,E07000146,King's Lynn and West Norfolk,,3635
E05012337,Heacham,,E07000146,King's Lynn and West Norfolk,,3636
E05012338,Hunstanton,,E07000146,King's Lynn and West Norfolk,,3637
E05012339,Massingham with Castle Acre,,E07000146,King's Lynn and West Norfolk,,3638
E05012340,Methwold,,E07000146,King's Lynn and West Norfolk,,3639
E05012341,North Downham,,E07000146,King's Lynn and West Norfolk,,3640
E05012342,North Lynn,,E07000146,King's Lynn and West Norfolk,,3641
E05012343,St. Margaret's with St. Nicholas,,E07000146,King's Lynn and West Norfolk,,3642
E05012344,Snettisham,,E07000146,King's Lynn and West Norfolk,,3643
E05012345,South & West Lynn,,E07000146,King's Lynn and West Norfolk,,3644
E05012346,South Downham,,E07000146,King's Lynn and West Norfolk,,3645
E05012347,Springwood,,E07000146,King's Lynn and West Norfolk,,3646
E05012348,Terrington,,E07000146,King's Lynn and West Norfolk,,3647
E05012349,The Woottons,,E07000146,King's Lynn and West Norfolk,,3648
E05012350,"Tilney, Mershe Lande & Wiggenhall",,E07000146,King's Lynn and West Norfolk,,3649
E05009953,Victoria & Norcross,,E07000128,Wyre,,3650
E05012351,Upwell & Delph,,E07000146,King's Lynn and West Norfolk,,3651
E05011970,Glen,,E07000131,Harborough,,3652
E05010239,Bedingfeld,,E07000143,Breckland,,3653
E05010095,Ashby Willesley,,E07000134,North West Leicestershire,,3654
E05010150,Belvoir,,E07000141,South Kesteven,,3655
E05010096,Ashby Woulds,,E07000134,North West Leicestershire,,3656
E05010151,Bourne Austerby,,E07000141,South Kesteven,,3657
E05010097,Bardon,,E07000134,North West Leicestershire,,3658
E05010240,Attleborough Burgh & Haverscroft,,E07000143,Breckland,,3659
E05010152,Bourne East,,E07000141,South Kesteven,,3660
E05010789,Glebe,,E07000138,Lincoln,,3661
E05010098,Blackfordby,,E07000134,North West Leicestershire,,3662
E05010241,Attleborough Queens & Besthorpe,,E07000143,Breckland,,3663
E05011971,Kibworths,,E07000131,Harborough,,3664
E05010153,Bourne West,,E07000141,South Kesteven,,3665
E05010790,Hartsholme,,E07000138,Lincoln,,3666
E05010099,Broom Leys,,E07000134,North West Leicestershire,,3667
E05010242,Dereham Neatherd,,E07000143,Breckland,,3668
E05011972,Lubenham,,E07000131,Harborough,,3669
E05010154,Casewick,,E07000141,South Kesteven,,3670
E05010791,Minster,,E07000138,Lincoln,,3671
E05010100,Castle Donington Castle,,E07000134,North West Leicestershire,,3672
E05010243,Dereham Toftwood,,E07000143,Breckland,,3673
E05009628,Skirbeck,,E07000136,Boston,,3674
E05011973,Lutterworth East,,E07000131,Harborough,,3675
E05010155,Castle,,E07000141,South Kesteven,,3676
E05010792,Moorland,,E07000138,Lincoln,,3677
E05009954,Warren,,E07000128,Wyre,,3678
E05010101,Castle Donington Central,,E07000134,North West Leicestershire,,3679
E05010244,Dereham Withburga,,E07000143,Breckland,,3680
E05011974,Lutterworth West,,E07000131,Harborough,,3681
E05009629,Staniland,,E07000136,Boston,,3682
E05010156,Deeping St James,,E07000141,South Kesteven,,3683
E05010793,Park,,E07000138,Lincoln,,3684
E05009955,Wyresdale,,E07000128,Wyre,,3685
E05010102,Castle Donington Park,,E07000134,North West Leicestershire,,3686
E05010245,Forest,,E07000143,Breckland,,3687
E05011975,Market Harborough-Great Bowden & Arden,,E07000131,Harborough,,3688
E05009630,Station,,E07000136,Boston,,3689
E05010157,Dole Wood,,E07000141,South Kesteven,,3690
E05010794,Witham,,E07000138,Lincoln,,3691
E05015260,Blaby,,E07000129,Blaby,,3692
E05010103,Castle Rock,,E07000134,North West Leicestershire,,3693
E05010246,Guiltcross,,E07000143,Breckland,,3694
E05011976,Market Harborough-Little Bowden,,E07000131,Harborough,,3695
E05009631,Swineshead and Holland Fen,,E07000136,Boston,,3696
E05010158,Glen,,E07000141,South Kesteven,,3697
E05014425,"Ashby de la Launde, Digby & Scopwick",,E07000139,North Kesteven,,3698
E05015261,Braunstone Millfield,,E07000129,Blaby,,3699
E05010104,Coalville East,,E07000134,North West Leicestershire,,3700
E05010247,Harling & Heathlands,,E07000143,Breckland,,3701
E05011977,Market Harborough-Logan,,E07000131,Harborough,,3702
E05009632,Trinity,,E07000136,Boston,,3703
E05010159,Grantham Arnoldfield,,E07000141,South Kesteven,,3704
E05014426,Bassingham Rural,,E07000139,North Kesteven,,3705
E05015262,Braunstone Ravenhurst,,E07000129,Blaby,,3706
E05010105,Coalville West,,E07000134,North West Leicestershire,,3707
E05010248,Hermitage,,E07000143,Breckland,,3708
E05011978,Market Harborough-Welland,,E07000131,Harborough,,3709
E05009633,West,,E07000136,Boston,,3710
E05010160,Grantham Barrowby Gate,,E07000141,South Kesteven,,3711
E05014427,Billinghay Rural,,E07000139,North Kesteven,,3712
E05015263,Cosby & South Whetstone,,E07000129,Blaby,,3713
E05010106,Daleacre Hill,,E07000134,North West Leicestershire,,3714
E05010249,Launditch,,E07000143,Breckland,,3715
E05011979,Misterton,,E07000131,Harborough,,3716
E05009634,Witham,,E07000136,Boston,,3717
E05009635,Wyberton,,E07000136,Boston,,3718
E05010161,Grantham Earlesfield,,E07000141,South Kesteven,,3719
E05009873,Alford,,E07000137,East Lindsey,,3720
E05014428,Bracebridge Heath,,E07000139,North Kesteven,,3721
E05010107,Ellistown & Battleflat,,E07000134,North West Leicestershire,,3722
E05010162,Grantham Harrowby,,E07000141,South Kesteven,,3723
E05009874,Binbrook,,E07000137,East Lindsey,,3724
E05010250,Lincoln,,E07000143,Breckland,,3725
E05011980,Nevill,,E07000131,Harborough,,3726
E05015264,Countesthorpe,,E07000129,Blaby,,3727
E05011981,Thurnby & Houghton,,E07000131,Harborough,,3728
E05010251,Mattishall,,E07000143,Breckland,,3729
E05010163,Grantham St Vincent's,,E07000141,South Kesteven,,3730
E05014429,Branston,,E07000139,North Kesteven,,3731
E05010108,Greenhill,,E07000134,North West Leicestershire,,3732
E05015265,Enderby,,E07000129,Blaby,,3733
E05009875,Burgh le Marsh,,E07000137,East Lindsey,,3734
E05011982,Ullesthorpe,,E07000131,Harborough,,3735
E05010252,Nar Valley,,E07000143,Breckland,,3736
E05010164,Grantham St Wulfram's,,E07000141,South Kesteven,,3737
E05014430,"Cranwell, Leasingham & Wilsford",,E07000139,North Kesteven,,3738
E05010109,Hermitage,,E07000134,North West Leicestershire,,3739
E05015266,Fosse Highcross,,E07000129,Blaby,,3740
E05009876,Chapel St Leonards,,E07000137,East Lindsey,,3741
E05005479,Ambien,,E07000132,Hinckley and Bosworth,,3742
E05010253,Necton,,E07000143,Breckland,,3743
E05010165,Grantham Springfield,,E07000141,South Kesteven,,3744
E05014431,Heckington Rural,,E07000139,North Kesteven,,3745
E05010110,Holly Hayes,,E07000134,North West Leicestershire,,3746
E05015267,Fosse Normanton,,E07000129,Blaby,,3747
E05009877,Coningsby & Mareham,,E07000137,East Lindsey,,3748
E05005480,"Barlestone, Nailstone and Osbaston",,E07000132,Hinckley and Bosworth,,3749
E05010254,Saham Toney,,E07000143,Breckland,,3750
E05010166,Isaac Newton,,E07000141,South Kesteven,,3751
E05014432,Heighington & Washingborough,,E07000139,North Kesteven,,3752
E05010111,Hugglescote St John's,,E07000134,North West Leicestershire,,3753
E05015268,Fosse Stoney Cove,,E07000129,Blaby,,3754
E05009878,Croft,,E07000137,East Lindsey,,3755
E05005481,Barwell,,E07000132,Hinckley and Bosworth,,3756
E05010255,Shipdham-with-Scarning,,E07000143,Breckland,,3757
E05010167,Lincrest,,E07000141,South Kesteven,,3758
E05014433,Helpringham & Osbournby,,E07000139,North Kesteven,,3759
E05010112,Hugglescote St Mary's,,E07000134,North West Leicestershire,,3760
E05015269,Glen Parva,,E07000129,Blaby,,3761
E05009879,Friskney,,E07000137,East Lindsey,,3762
E05005482,Burbage St Catherines and Lash Hill,,E07000132,Hinckley and Bosworth,,3763
E05010256,Swaffham,,E07000143,Breckland,,3764
E05010168,Loveden Heath,,E07000141,South Kesteven,,3765
E05014434,Hykeham Central,,E07000139,North Kesteven,,3766
E05010113,Ibstock East,,E07000134,North West Leicestershire,,3767
E05015270,Glenfield Ellis,,E07000129,Blaby,,3768
E05009880,Fulstow,,E07000137,East Lindsey,,3769
E05005483,Burbage Sketchley and Stretton,,E07000132,Hinckley and Bosworth,,3770
E05010257,The Buckenhams & Banham,,E07000143,Breckland,,3771
E05010169,Market & West Deeping,,E07000141,South Kesteven,,3772
E05014435,Hykeham Fosse,,E07000139,North Kesteven,,3773
E05010114,Ibstock West,,E07000134,North West Leicestershire,,3774
E05015271,Glenfield Faire,,E07000129,Blaby,,3775
E05009881,Grimoldby,,E07000137,East Lindsey,,3776
E05005484,"Cadeby, Carlton and Market Bosworth with Shackerstone",,E07000132,Hinckley and Bosworth,,3777
E05014436,Hykeham Memorial,,E07000139,North Kesteven,,3778
E05010258,Thetford Boudica,,E07000143,Breckland,,3779
E05014437,Kirkby la Thorpe & South Kyme,,E07000139,North Kesteven,,3780
E05010170,Morton,,E07000141,South Kesteven,,3781
E05015272,Kirby Muxloe,,E07000129,Blaby,,3782
E05010259,Thetford Burrell,,E07000143,Breckland,,3783
E05014438,Metheringham Rural,,E07000139,North Kesteven,,3784
E05009882,Hagworthingham,,E07000137,East Lindsey,,3785
E05005485,Earl Shilton,,E07000132,Hinckley and Bosworth,,3786
E05010115,Kegworth,,E07000134,North West Leicestershire,,3787
E05009883,Halton Holegate,,E07000137,East Lindsey,,3788
E05014439,Navenby & Brant Broughton,,E07000139,North Kesteven,,3789
E05015273,Leicester Forest & Lubbesthorpe,,E07000129,Blaby,,3790
E05010171,Peascliffe & Ridgeway,,E07000141,South Kesteven,,3791
E05010116,Long Whatton & Diseworth,,E07000134,North West Leicestershire,,3792
E05005486,Groby,,E07000132,Hinckley and Bosworth,,3793
E05010260,Thetford Castle,,E07000143,Breckland,,3794
E05009884,Holton-le-Clay & North Thoresby,,E07000137,East Lindsey,,3795
E05014440,Ruskington,,E07000139,North Kesteven,,3796
E05015274,Narborough & Littlethorpe,,E07000129,Blaby,,3797
E05010172,Stamford All Saints,,E07000141,South Kesteven,,3798
E05010117,Measham North,,E07000134,North West Leicestershire,,3799
E05005487,Hinckley Castle,,E07000132,Hinckley and Bosworth,,3800
E05010261,Thetford Priory,,E07000143,Breckland,,3801
E05009885,Horncastle,,E07000137,East Lindsey,,3802
E05014441,Skellingthorpe & Eagle,,E07000139,North Kesteven,,3803
E05015275,North Whetstone,,E07000129,Blaby,,3804
E05010173,Stamford St George's,,E07000141,South Kesteven,,3805
E05010118,Measham South,,E07000134,North West Leicestershire,,3806
E05005488,Hinckley Clarendon,,E07000132,Hinckley and Bosworth,,3807
E05010262,Upper Wensum,,E07000143,Breckland,,3808
E05009886,Ingoldmells,,E07000137,East Lindsey,,3809
E05014442,Sleaford Castle,,E07000139,North Kesteven,,3810
E05015276,Thorpe Astley & St Mary's,,E07000129,Blaby,,3811
E05010174,Stamford St John's,,E07000141,South Kesteven,,3812
E05010119,Oakthorpe & Donisthorpe,,E07000134,North West Leicestershire,,3813
E05005489,Hinckley De Montfort,,E07000132,Hinckley and Bosworth,,3814
E05010263,Watton,,E07000143,Breckland,,3815
E05009887,Legbourne,,E07000137,East Lindsey,,3816
E05014443,Sleaford Holdingham,,E07000139,North Kesteven,,3817
E05014666,Anstey,,E07000130,Charnwood,,3818
E05010175,Stamford St Mary's,,E07000141,South Kesteven,,3819
E05010120,Ravenstone & Packington,,E07000134,North West Leicestershire,,3820
E05005490,Hinckley Trinity,,E07000132,Hinckley and Bosworth,,3821
E05005757,Acle,,E07000144,Broadland,,3822
E05009888,Mablethorpe,,E07000137,East Lindsey,,3823
E05014444,Sleaford Navigation,,E07000139,North Kesteven,,3824
E05014667,Barrow upon Soar,,E07000130,Charnwood,,3825
E05010176,Toller,,E07000141,South Kesteven,,3826
E05010121,Sence Valley,,E07000134,North West Leicestershire,,3827
E05005491,"Markfield, Stanton and Fieldhead",,E07000132,Hinckley and Bosworth,,3828
E05005758,Aylsham,,E07000144,Broadland,,3829
E05009889,Marshchapel & Somercotes,,E07000137,East Lindsey,,3830
E05014445,Sleaford Quarrington & Mareham,,E07000139,North Kesteven,,3831
E05014668,Birstall East & Wanlip,,E07000130,Charnwood,,3832
E05010177,Viking,,E07000141,South Kesteven,,3833
E05010122,Snibston North,,E07000134,North West Leicestershire,,3834
E05005759,Blofield with South Walsham,,E07000144,Broadland,,3835
E05005492,Newbold Verdon with Desford and Peckleton,,E07000132,Hinckley and Bosworth,,3836
E05005760,Brundall,,E07000144,Broadland,,3837
E05014446,Sleaford Westholme,,E07000139,North Kesteven,,3838
E05005761,Burlingham,,E07000144,Broadland,,3839
E05005493,"Ratby, Bagworth and Thornton",,E07000132,Hinckley and Bosworth,,3840
E05009636,Bardney,,E07000142,West Lindsey,,3841
E05010123,Snibston South,,E07000134,North West Leicestershire,,3842
E05009890,North Holme,,E07000137,East Lindsey,,3843
E05014669,Birstall West,,E07000130,Charnwood,,3844
E05005494,Twycross and Witherley with Sheepy,,E07000132,Hinckley and Bosworth,,3845
E05009637,Caistor and Yarborough,,E07000142,West Lindsey,,3846
E05010124,Thornborough,,E07000134,North West Leicestershire,,3847
E05005762,Buxton,,E07000144,Broadland,,3848
E05014447,Waddington Rural,,E07000139,North Kesteven,,3849
E05014670,"Dishley, Hathern & Thorpe Acre",,E07000130,Charnwood,,3850
E05009891,Priory & St James',,E07000137,East Lindsey,,3851
E05005495,Asfordby,,E07000133,Melton,,3852
E05009638,Cherry Willingham,,E07000142,West Lindsey,,3853
E05010125,Thringstone,,E07000134,North West Leicestershire,,3854
E05005764,Drayton North,,E07000144,Broadland,,3855
E05014448,Witham St Hughs & Swinderby,,E07000139,North Kesteven,,3856
E05014671,Forest Bradgate,,E07000130,Charnwood,,3857
E05009892,Roughton,,E07000137,East Lindsey,,3858
E05005496,Bottesford,,E07000133,Melton,,3859
E05009639,Dunholme and Welton,,E07000142,West Lindsey,,3860
E05010126,Valley,,E07000134,North West Leicestershire,,3861
E05005765,Drayton South,,E07000144,Broadland,,3862
E05005644,Crowland and Deeping St Nicholas,,E07000140,South Holland,,3863
E05014672,Loughborough Ashby,,E07000130,Charnwood,,3864
E05009893,St Clement's,,E07000137,East Lindsey,,3865
E05005497,Croxton Kerrial,,E07000133,Melton,,3866
E05009640,Gainsborough East,,E07000142,West Lindsey,,3867
E05010127,Worthington & Breedon,,E07000134,North West Leicestershire,,3868
E05005766,Eynesford,,E07000144,Broadland,,3869
E05005645,"Donington, Quadring and Gosberton",,E07000140,South Holland,,3870
E05014673,Loughborough East,,E07000130,Charnwood,,3871
E05009894,St Margaret's,,E07000137,East Lindsey,,3872
E05005498,Frisby-on-the-Wreake,,E07000133,Melton,,3873
E05009641,Gainsborough North,,E07000142,West Lindsey,,3874
E05005531,Oadby Brocks Hill,,E07000135,Oadby and Wigston,,3875
E05005767,Great Witchingham,,E07000144,Broadland,,3876
E05005646,Fleet,,E07000140,South Holland,,3877
E05014674,Loughborough Nanpantan,,E07000130,Charnwood,,3878
E05009895,St Mary's,,E07000137,East Lindsey,,3879
E05005499,Gaddesby,,E07000133,Melton,,3880
E05009642,Gainsborough South-West,,E07000142,West Lindsey,,3881
E05005532,Oadby Grange,,E07000135,Oadby and Wigston,,3882
E05005768,Hellesdon North West,,E07000144,Broadland,,3883
E05005647,Gedney,,E07000140,South Holland,,3884
E05014675,Loughborough Outwoods & Shelthorpe,,E07000130,Charnwood,,3885
E05009896,St Michael's,,E07000137,East Lindsey,,3886
E05005500,Long Clawson and Stathern,,E07000133,Melton,,3887
E05009643,Hemswell,,E07000142,West Lindsey,,3888
E05005533,Oadby St Peter's,,E07000135,Oadby and Wigston,,3889
E05005769,Hellesdon South East,,E07000144,Broadland,,3890
E05005648,Holbeach Hurn,,E07000140,South Holland,,3891
E05014676,Loughborough Southfields,,E07000130,Charnwood,,3892
E05009897,Scarbrough & Seacroft,,E07000137,East Lindsey,,3893
E05009898,Sibsey & Stickney,,E07000137,East Lindsey,,3894
E05009899,Spilsby,,E07000137,East Lindsey,,3895
E05009900,Sutton on Sea,,E07000137,East Lindsey,,3896
E05009901,Tetford & Donington,,E07000137,East Lindsey,,3897
E05009902,Tetney,,E07000137,East Lindsey,,3898
E05009903,Trinity,,E07000137,East Lindsey,,3899
E05009904,Wainfleet,,E07000137,East Lindsey,,3900
E05009905,Willoughby with Sloothby,,E07000137,East Lindsey,,3901
E05009906,Winthorpe,,E07000137,East Lindsey,,3902
E05009907,Withern & Theddlethorpe,,E07000137,East Lindsey,,3903
E05009908,Woodhall Spa,,E07000137,East Lindsey,,3904
E05009909,Wragby,,E07000137,East Lindsey,,3905
E05010784,Abbey,,E07000138,Lincoln,,3906
E05010785,Birchwood,,E07000138,Lincoln,,3907
E05010786,Boultham,,E07000138,Lincoln,,3908
E05010787,Carholme,,E07000138,Lincoln,,3909
E05010788,Castle,,E07000138,Lincoln,,3910
E05009644,Kelsey Wold,,E07000142,West Lindsey,,3911
E05005770,Hevingham,,E07000144,Broadland,,3912
E05005649,Holbeach Town,,E07000140,South Holland,,3913
E05005501,Melton Craven,,E07000133,Melton,,3914
E05005534,Oadby Uplands,,E07000135,Oadby and Wigston,,3915
E05009645,Lea,,E07000142,West Lindsey,,3916
E05005771,Horsford and Felthorpe,,E07000144,Broadland,,3917
E05005650,Long Sutton,,E07000140,South Holland,,3918
E05005502,Melton Dorian,,E07000133,Melton,,3919
E05014677,Loughborough Storer,,E07000130,Charnwood,,3920
E05005535,Oadby Woodlands,,E07000135,Oadby and Wigston,,3921
E05009646,Market Rasen,,E07000142,West Lindsey,,3922
E05005772,Marshes,,E07000144,Broadland,,3923
E05005651,"Moulton, Weston and Cowbit",,E07000140,South Holland,,3924
E05005503,Melton Egerton,,E07000133,Melton,,3925
E05014678,Loughborough Woodthorpe,,E07000130,Charnwood,,3926
E05005536,South Wigston,,E07000135,Oadby and Wigston,,3927
E05009647,Nettleham,,E07000142,West Lindsey,,3928
E05005773,Old Catton and Sprowston West,,E07000144,Broadland,,3929
E05005652,Pinchbeck and Surfleet,,E07000140,South Holland,,3930
E05005504,Melton Newport,,E07000133,Melton,,3931
E05014679,Mountsorrel,,E07000130,Charnwood,,3932
E05005537,Wigston All Saints,,E07000135,Oadby and Wigston,,3933
E05009648,Saxilby,,E07000142,West Lindsey,,3934
E05005774,Plumstead,,E07000144,Broadland,,3935
E05005653,Spalding Castle,,E07000140,South Holland,,3936
E05005505,Melton Sysonby,,E07000133,Melton,,3937
E05014680,Quorn & Mountsorrel Castle,,E07000130,Charnwood,,3938
E05005538,Wigston Fields,,E07000135,Oadby and Wigston,,3939
E05009649,Scampton,,E07000142,West Lindsey,,3940
E05005775,Reepham,,E07000144,Broadland,,3941
E05005654,Spalding Monks House,,E07000140,South Holland,,3942
E05005506,Melton Warwick,,E07000133,Melton,,3943
E05014681,Rothley Brook,,E07000130,Charnwood,,3944
E05005539,Wigston Meadowcourt,,E07000135,Oadby and Wigston,,3945
E05009650,Scotter and Blyton,,E07000142,West Lindsey,,3946
E05005777,Sprowston Central,,E07000144,Broadland,,3947
E05005655,Spalding St John's,,E07000140,South Holland,,3948
E05005507,Old Dalby,,E07000133,Melton,,3949
E05014682,Shepshed East,,E07000130,Charnwood,,3950
E05005540,Wigston St Wolstan's,,E07000135,Oadby and Wigston,,3951
E05009651,Stow,,E07000142,West Lindsey,,3952
E05005778,Sprowston East,,E07000144,Broadland,,3953
E05005656,Spalding St Mary's,,E07000140,South Holland,,3954
E05005508,Somerby,,E07000133,Melton,,3955
E05009652,Sudbrooke,,E07000142,West Lindsey,,3956
E05014683,Shepshed West,,E07000130,Charnwood,,3957
E05009653,Torksey,,E07000142,West Lindsey,,3958
E05005779,Taverham North,,E07000144,Broadland,,3959
E05009621,Coastal,,E07000136,Boston,,3960
E05005657,Spalding St Paul's,,E07000140,South Holland,,3961
E05005509,Waltham-on-the-Wolds,,E07000133,Melton,,3962
E05009654,Waddingham and Spital,,E07000142,West Lindsey,,3963
E05005658,Spalding Wygate,,E07000140,South Holland,,3964
E05005510,Wymondham,,E07000133,Melton,,3965
E05009622,Fenside,,E07000136,Boston,,3966
E05005780,Taverham South,,E07000144,Broadland,,3967
E05009655,Wold View,,E07000142,West Lindsey,,3968
E05005659,Sutton Bridge,,E07000140,South Holland,,3969
E05010090,Appleby,,E07000134,North West Leicestershire,,3970
E05009623,Fishtoft,,E07000136,Boston,,3971
E05005781,Thorpe St Andrew North West,,E07000144,Broadland,,3972
E05014684,Sileby & Seagrave,,E07000130,Charnwood,,3973
E05010237,All Saints & Wayland,,E07000143,Breckland,,3974
E05005660,The Saints,,E07000140,South Holland,,3975
E05010091,Ashby Castle,,E07000134,North West Leicestershire,,3976
E05009624,Five Village,,E07000136,Boston,,3977
E05005782,Thorpe St Andrew South East,,E07000144,Broadland,,3978
E05014685,South Charnwood,,E07000130,Charnwood,,3979
E05010238,Ashill,,E07000143,Breckland,,3980
E05005661,Whaplode and Holbeach St John's,,E07000140,South Holland,,3981
E05010092,Ashby Holywell,,E07000134,North West Leicestershire,,3982
E05009625,Kirton and Frampton,,E07000136,Boston,,3983
E05005783,Wroxham,,E07000144,Broadland,,3984
E05014686,Syston,,E07000130,Charnwood,,3985
E05010148,Aveland,,E07000141,South Kesteven,,3986
E05010093,Ashby Ivanhoe,,E07000134,North West Leicestershire,,3987
E05009626,Old Leake and Wrangle,,E07000136,Boston,,3988
E05014687,The Wolds,,E07000130,Charnwood,,3989
E05010149,Belmont,,E07000141,South Kesteven,,3990
E05010094,Ashby Money Hill,,E07000134,North West Leicestershire,,3991
E05009627,St Thomas',,E07000136,Boston,,3992
E05014688,Thurmaston,,E07000130,Charnwood,,3993
E05014689,Wreake Valley,,E07000130,Charnwood,,3994
E05011964,Billesdon & Tilton,,E07000131,Harborough,,3995
E05011965,Bosworth,,E07000131,Harborough,,3996
E05011966,Broughton Astley-Primethorpe & Sutton,,E07000131,Harborough,,3997
E05011967,Broughton Astley South & Leire,,E07000131,Harborough,,3998
E05011968,Dunton,,E07000131,Harborough,,3999
E05011969,Fleckney,,E07000131,Harborough,,4000
E05012352,"Walsoken, West Walton & Walpole",,E07000146,King's Lynn and West Norfolk,,4001
E05012353,Watlington,,E07000146,King's Lynn and West Norfolk,,4002
E05012354,West Winch,,E07000146,King's Lynn and West Norfolk,,4003
E05012355,Wissey,,E07000146,King's Lynn and West Norfolk,,4004
E05011834,Bacton,,E07000147,North Norfolk,,4005
E05011835,Beeston Regis & The Runtons,,E07000147,North Norfolk,,4006
E05011836,Briston,,E07000147,North Norfolk,,4007
E05011837,Coastal,,E07000147,North Norfolk,,4008
E05011838,Cromer Town,,E07000147,North Norfolk,,4009
E05011839,Erpingham,,E07000147,North Norfolk,,4010
E05011840,Gresham,,E07000147,North Norfolk,,4011
E05011841,Happisburgh,,E07000147,North Norfolk,,4012
E05011842,Hickling,,E07000147,North Norfolk,,4013
E05009364,Brize Norton and Shilton,,E07000181,West Oxfordshire,,4014
E05011843,Holt,,E07000147,North Norfolk,,4015
E05011844,Hoveton & Tunstead,,E07000147,North Norfolk,,4016
E05011845,Lancaster North,,E07000147,North Norfolk,,4017
E05011846,Lancaster South,,E07000147,North Norfolk,,4018
E05011847,Mundesley,,E07000147,North Norfolk,,4019
E05011848,North Walsham East,,E07000147,North Norfolk,,4020
E05011849,North Walsham Market Cross,,E07000147,North Norfolk,,4021
E05011850,North Walsham West,,E07000147,North Norfolk,,4022
E05011851,Poppyland,,E07000147,North Norfolk,,4023
E05011852,Priory,,E07000147,North Norfolk,,4024
E05011853,Roughton,,E07000147,North Norfolk,,4025
E05011854,St Benet's,,E07000147,North Norfolk,,4026
E05011855,Sheringham North,,E07000147,North Norfolk,,4027
E05011856,Sheringham South,,E07000147,North Norfolk,,4028
E05011857,Stalham,,E07000147,North Norfolk,,4029
E05011858,Stibbard,,E07000147,North Norfolk,,4030
E05011859,Stody,,E07000147,North Norfolk,,4031
E05011860,Suffield Park,,E07000147,North Norfolk,,4032
E05011861,The Raynhams,,E07000147,North Norfolk,,4033
E05011862,Trunch,,E07000147,North Norfolk,,4034
E05011863,Walsingham,,E07000147,North Norfolk,,4035
E05011864,Wells with Holkham,,E07000147,North Norfolk,,4036
E05011865,Worstead,,E07000147,North Norfolk,,4037
E05012901,Bowthorpe,,E07000148,Norwich,,4038
E05012902,Catton Grove,,E07000148,Norwich,,4039
E05012903,Crome,,E07000148,Norwich,,4040
E05012904,Eaton,,E07000148,Norwich,,4041
E05012905,Lakenham,,E07000148,Norwich,,4042
E05012906,Mancroft,,E07000148,Norwich,,4043
E05012907,Mile Cross,,E07000148,Norwich,,4044
E05012908,Nelson,,E07000148,Norwich,,4045
E05012909,Sewell,,E07000148,Norwich,,4046
E05012910,Thorpe Hamlet,,E07000148,Norwich,,4047
E05012911,Town Close,,E07000148,Norwich,,4048
E05012912,University,,E07000148,Norwich,,4049
E05012913,Wensum,,E07000148,Norwich,,4050
E05011866,"Beck Vale, Dickleburgh & Scole",,E07000149,South Norfolk,,4051
E05011867,Bressingham & Burston,,E07000149,South Norfolk,,4052
E05009696,Daybrook,,E07000173,Gedling,,4053
E05006380,Clayworth,,E07000171,Bassetlaw,,4054
E05010067,Boughton,,E07000175,Newark and Sherwood,,4055
E05011711,Wheatley,,E07000179,South Oxfordshire,,4056
E05006381,East Markham,,E07000171,Bassetlaw,,4057
E05010068,Bridge,,E07000175,Newark and Sherwood,,4058
E05012854,Sonning Common,,E07000179,South Oxfordshire,,4059
E05009365,Carterton North West,,E07000181,West Oxfordshire,,4060
E05010929,"Cropredy, Sibfords and Wroxton",,E07000177,Cherwell,,4061
E05006382,East Retford East,,E07000171,Bassetlaw,,4062
E05009697,Dumbles,,E07000173,Gedling,,4063
E05011868,Brooke,,E07000149,South Norfolk,,4064
E05010070,Collingham,,E07000175,Newark and Sherwood,,4065
E05015558,Henley-on-Thames,,E07000179,South Oxfordshire,,4066
E05010781,Chadlington and Churchill,,E07000181,West Oxfordshire,,4067
E05006383,East Retford North,,E07000171,Bassetlaw,,4068
E05010930,Deddington,,E07000177,Cherwell,,4069
E05009698,Ernehale,,E07000173,Gedling,,4070
E05011869,Bunwell,,E07000149,South Norfolk,,4071
E05010071,Devon,,E07000175,Newark and Sherwood,,4072
E05015559,Woodcote & Rotherfield,,E07000179,South Oxfordshire,,4073
E05010782,Charlbury and Finstock,,E07000181,West Oxfordshire,,4074
E05006384,East Retford South,,E07000171,Bassetlaw,,4075
E05010932,Kidlington East,,E07000177,Cherwell,,4076
E05009699,Gedling,,E07000173,Gedling,,4077
E05011870,Central Wymondham,,E07000149,South Norfolk,,4078
E05010072,Dover Beck,,E07000175,Newark and Sherwood,,4079
E05009754,Abingdon Abbey Northcourt,,E07000180,Vale of White Horse,,4080
E05010783,"Hailey, Minster Lovell and Leafield",,E07000181,West Oxfordshire,,4081
E05006385,East Retford West,,E07000171,Bassetlaw,,4082
E05010933,Kidlington West,,E07000177,Cherwell,,4083
E05009700,Netherfield,,E07000173,Gedling,,4084
E05009701,Newstead Abbey,,E07000173,Gedling,,4085
E05011871,Cringleford,,E07000149,South Norfolk,,4086
E05009702,Phoenix,,E07000173,Gedling,,4087
E05010073,Edwinstowe & Clipstone,,E07000175,Newark and Sherwood,,4088
E05009703,Plains,,E07000173,Gedling,,4089
E05011872,Diss & Roydon,,E07000149,South Norfolk,,4090
E05009755,Abingdon Caldecott,,E07000180,Vale of White Horse,,4091
E05015742,Brereton & Ravenhill,,E07000192,Cannock Chase,,4092
E05006386,Everton,,E07000171,Bassetlaw,,4093
E05010934,Launton and Otmoor,,E07000177,Cherwell,,4094
E05015743,Chadsmoor,,E07000192,Cannock Chase,,4095
E05009757,Abingdon Fitzharris,,E07000180,Vale of White Horse,,4096
E05010075,Farnsfield,,E07000175,Newark and Sherwood,,4097
E05006387,Harworth,,E07000171,Bassetlaw,,4098
E05011348,"Adderbury, Bloxham and Bodicote",,E07000177,Cherwell,,4099
E05011874,Easton,,E07000149,South Norfolk,,4100
E05009704,Porchester,,E07000173,Gedling,,4101
E05015744,Cannock Longford & Bridgtown,,E07000192,Cannock Chase,,4102
E05009769,Ridgeway,,E07000180,Vale of White Horse,,4103
E05010076,Lowdham,,E07000175,Newark and Sherwood,,4104
E05006388,Langold,,E07000171,Bassetlaw,,4105
E05011349,Banbury Calthorpe and Easington,,E07000177,Cherwell,,4106
E05011875,Forncett,,E07000149,South Norfolk,,4107
E05009705,Redhill,,E07000173,Gedling,,4108
E05015745,Cannock Park & Old Fallow,,E07000192,Cannock Chase,,4109
E05009770,Stanford,,E07000180,Vale of White Horse,,4110
E05010077,Muskham,,E07000175,Newark and Sherwood,,4111
E05006389,Misterton,,E07000171,Bassetlaw,,4112
E05012968,Bicester South and Ambrosden,,E07000177,Cherwell,,4113
E05011877,Hempnall,,E07000149,South Norfolk,,4114
E05009706,Trent Valley,,E07000173,Gedling,,4115
E05015746,Etching Hill & the Heath,,E07000192,Cannock Chase,,4116
E05009771,Steventon & the Hanneys,,E07000180,Vale of White Horse,,4117
E05010078,Ollerton,,E07000175,Newark and Sherwood,,4118
E05006390,Rampton,,E07000171,Bassetlaw,,4119
E05012969,Fringford and Heyfords,,E07000177,Cherwell,,4120
E05011878,Hethersett,,E07000149,South Norfolk,,4121
E05009707,Woodthorpe,,E07000173,Gedling,,4122
E05015747,Hawks Green with Rumer Hill,,E07000192,Cannock Chase,,4123
E05011713,Blewbury & Harwell,,E07000180,Vale of White Horse,,4124
E05010079,Rainworth North & Rufford,,E07000175,Newark and Sherwood,,4125
E05006391,Ranskill,,E07000171,Bassetlaw,,4126
E05013096,Barton & Sandhills,,E07000178,Oxford,,4127
E05011879,Hingham & Deopham,,E07000149,South Norfolk,,4128
E05014610,Bancroft,,E07000174,Mansfield,,4129
E05015748,Heath Hayes & Wimblebury,,E07000192,Cannock Chase,,4130
E05011714,Cumnor,,E07000180,Vale of White Horse,,4131
E05010080,Rainworth South & Blidworth,,E07000175,Newark and Sherwood,,4132
E05006392,Sturton,,E07000171,Bassetlaw,,4133
E05013097,Blackbird Leys,,E07000178,Oxford,,4134
E05011880,Loddon & Chedgrave,,E07000149,South Norfolk,,4135
E05014611,Berry Hill,,E07000174,Mansfield,,4136
E05015749,Hednesford Green Heath,,E07000192,Cannock Chase,,4137
E05011715,Drayton,,E07000180,Vale of White Horse,,4138
E05010081,Southwell,,E07000175,Newark and Sherwood,,4139
E05006393,Sutton,,E07000171,Bassetlaw,,4140
E05013098,Carfax & Jericho,,E07000178,Oxford,,4141
E05011881,Mulbarton & Stoke Holy Cross,,E07000149,South Norfolk,,4142
E05014612,Brick Kiln,,E07000174,Mansfield,,4143
E05015750,Hednesford Hills & Rawnsley,,E07000192,Cannock Chase,,4144
E05011717,Sutton Courtenay,,E07000180,Vale of White Horse,,4145
E05010082,Sutton-on-Trent,,E07000175,Newark and Sherwood,,4146
E05010083,Trent,,E07000175,Newark and Sherwood,,4147
E05011552,Balderton North & Coddington,,E07000175,Newark and Sherwood,,4148
E05011553,Beacon,,E07000175,Newark and Sherwood,,4149
E05011554,Castle,,E07000175,Newark and Sherwood,,4150
E05011555,Farndon & Fernwood,,E07000175,Newark and Sherwood,,4151
E05014965,Abbey,,E07000176,Rushcliffe,,4152
E05014966,Bingham North,,E07000176,Rushcliffe,,4153
E05014967,Bingham South,,E07000176,Rushcliffe,,4154
E05014968,Bunny,,E07000176,Rushcliffe,,4155
E05014969,Compton Acres,,E07000176,Rushcliffe,,4156
E05014970,Cotgrave,,E07000176,Rushcliffe,,4157
E05014971,Cranmer,,E07000176,Rushcliffe,,4158
E05014972,Cropwell,,E07000176,Rushcliffe,,4159
E05014973,East Bridgford,,E07000176,Rushcliffe,,4160
E05014974,Edwalton,,E07000176,Rushcliffe,,4161
E05014975,Gamston,,E07000176,Rushcliffe,,4162
E05014976,Gotham,,E07000176,Rushcliffe,,4163
E05014977,Keyworth & Wolds,,E07000176,Rushcliffe,,4164
E05014978,Lady Bay,,E07000176,Rushcliffe,,4165
E05014979,Leake,,E07000176,Rushcliffe,,4166
E05014980,Lutterell,,E07000176,Rushcliffe,,4167
E05014981,Musters,,E07000176,Rushcliffe,,4168
E05014982,Nevile & Langar,,E07000176,Rushcliffe,,4169
E05014983,Newton,,E07000176,Rushcliffe,,4170
E05014984,Radcliffe on Trent,,E07000176,Rushcliffe,,4171
E05014985,Ruddington,,E07000176,Rushcliffe,,4172
E05014986,Soar Valley,,E07000176,Rushcliffe,,4173
E05014987,Tollerton,,E07000176,Rushcliffe,,4174
E05014988,Trent Bridge,,E07000176,Rushcliffe,,4175
E05010921,Banbury Cross and Neithrop,,E07000177,Cherwell,,4176
E05010922,Banbury Grimsbury and Hightown,,E07000177,Cherwell,,4177
E05010923,Banbury Hardwick,,E07000177,Cherwell,,4178
E05010924,Banbury Ruscote,,E07000177,Cherwell,,4179
E05010925,Bicester East,,E07000177,Cherwell,,4180
E05010926,Bicester North and Caversfield,,E07000177,Cherwell,,4181
E05010928,Bicester West,,E07000177,Cherwell,,4182
E05011882,New Costessey,,E07000149,South Norfolk,,4183
E05011718,Thames,,E07000180,Vale of White Horse,,4184
E05015751,Hednesford Pye Green,,E07000192,Cannock Chase,,4185
E05013099,Churchill,,E07000178,Oxford,,4186
E05011883,Newton Flotman,,E07000149,South Norfolk,,4187
E05006394,Tuxford and Trent,,E07000171,Bassetlaw,,4188
E05014613,Carr Bank,,E07000174,Mansfield,,4189
E05011719,Wootton,,E07000180,Vale of White Horse,,4190
E05015752,Norton Canes,,E07000192,Cannock Chase,,4191
E05013100,Cowley,,E07000178,Oxford,,4192
E05011884,North Wymondham,,E07000149,South Norfolk,,4193
E05006395,Welbeck,,E07000171,Bassetlaw,,4194
E05014614,Central,,E07000174,Mansfield,,4195
E05012970,Abingdon Dunmore,,E07000180,Vale of White Horse,,4196
E05015753,Western Springs,,E07000192,Cannock Chase,,4197
E05013101,Cutteslowe & Sunnymead,,E07000178,Oxford,,4198
E05011885,Old Costessey,,E07000149,South Norfolk,,4199
E05006396,Worksop East,,E07000171,Bassetlaw,,4200
E05014615,Eakring,,E07000174,Mansfield,,4201
E05012971,Abingdon Peachcroft,,E07000180,Vale of White Horse,,4202
E05014473,Anglesey,,E07000193,East Staffordshire,,4203
E05013102,Donnington,,E07000178,Oxford,,4204
E05011886,"Poringland, Framinghams & Trowse",,E07000149,South Norfolk,,4205
E05006397,Worksop North,,E07000171,Bassetlaw,,4206
E05014616,Grange Farm,,E07000174,Mansfield,,4207
E05012973,Faringdon,,E07000180,Vale of White Horse,,4208
E05014474,Bagots & Needwood,,E07000193,East Staffordshire,,4209
E05013103,Headington,,E07000178,Oxford,,4210
E05013104,Headington Hill & Northway,,E07000178,Oxford,,4211
E05013105,Hinksey Park,,E07000178,Oxford,,4212
E05013106,Holywell,,E07000178,Oxford,,4213
E05013107,Littlemore,,E07000178,Oxford,,4214
E05013108,Lye Valley,,E07000178,Oxford,,4215
E05013109,Marston,,E07000178,Oxford,,4216
E05013110,Northfield Brook,,E07000178,Oxford,,4217
E05013111,Osney & St Thomas,,E07000178,Oxford,,4218
E05013112,Quarry & Risinghurst,,E07000178,Oxford,,4219
E05013113,Rose Hill & Iffley,,E07000178,Oxford,,4220
E05013114,St Clement's,,E07000178,Oxford,,4221
E05013115,St Mary's,,E07000178,Oxford,,4222
E05013116,Summertown,,E07000178,Oxford,,4223
E05013117,Temple Cowley,,E07000178,Oxford,,4224
E05013118,Walton Manor,,E07000178,Oxford,,4225
E05013119,Wolvercote,,E07000178,Oxford,,4226
E05009733,Benson & Crowmarsh,,E07000179,South Oxfordshire,,4227
E05009734,Berinsfield,,E07000179,South Oxfordshire,,4228
E05009735,Chalgrove,,E07000179,South Oxfordshire,,4229
E05009736,Chinnor,,E07000179,South Oxfordshire,,4230
E05009740,Didcot West,,E07000179,South Oxfordshire,,4231
E05009742,Garsington & Horspath,,E07000179,South Oxfordshire,,4232
E05009743,Goring,,E07000179,South Oxfordshire,,4233
E05009749,Thame,,E07000179,South Oxfordshire,,4234
E05009751,Watlington,,E07000179,South Oxfordshire,,4235
E05011701,Cholsey,,E07000179,South Oxfordshire,,4236
E05011702,Didcot North East,,E07000179,South Oxfordshire,,4237
E05011703,Didcot South,,E07000179,South Oxfordshire,,4238
E05011704,Forest Hill & Holton,,E07000179,South Oxfordshire,,4239
E05011705,Haseley Brook,,E07000179,South Oxfordshire,,4240
E05011707,Kidmore End & Whitchurch,,E07000179,South Oxfordshire,,4241
E05011708,Sandford & the Wittenhams,,E07000179,South Oxfordshire,,4242
E05011710,Wallingford,,E07000179,South Oxfordshire,,4243
E05014617,Holly Forest Town,,E07000174,Mansfield,,4244
E05014475,Blythe,,E07000193,East Staffordshire,,4245
E05012974,Grove North,,E07000180,Vale of White Horse,,4246
E05014618,Hornby,,E07000174,Mansfield,,4247
E05006399,Worksop North West,,E07000171,Bassetlaw,,4248
E05014476,Branston,,E07000193,East Staffordshire,,4249
E05011887,Rockland,,E07000149,South Norfolk,,4250
E05012975,Hendreds,,E07000180,Vale of White Horse,,4251
E05014619,Kings Walk,,E07000174,Mansfield,,4252
E05006400,Worksop South,,E07000171,Bassetlaw,,4253
E05014477,Brizlincote,,E07000193,East Staffordshire,,4254
E05011888,South Wymondham,,E07000149,South Norfolk,,4255
E05012977,Marcham,,E07000180,Vale of White Horse,,4256
E05014620,Kingsway Forest Town,,E07000174,Mansfield,,4257
E05006401,Worksop South East,,E07000171,Bassetlaw,,4258
E05014478,Burton & Eton,,E07000193,East Staffordshire,,4259
E05011889,Stratton,,E07000149,South Norfolk,,4260
E05012978,Wantage & Grove Brook,,E07000180,Vale of White Horse,,4261
E05014621,Lindhurst,,E07000174,Mansfield,,4262
E05015476,Carlton,,E07000171,Bassetlaw,,4263
E05014479,Crown,,E07000193,East Staffordshire,,4264
E05011890,Thurlton,,E07000149,South Norfolk,,4265
E05012979,Wantage Charlton,,E07000180,Vale of White Horse,,4266
E05014622,Ling Forest,,E07000174,Mansfield,,4267
E05015477,Worksop North East,,E07000171,Bassetlaw,,4268
E05014480,Dove,,E07000193,East Staffordshire,,4269
E05011891,Wicklewood,,E07000149,South Norfolk,,4270
E05012980,Watchfield & Shrivenham,,E07000180,Vale of White Horse,,4271
E05014623,Manor,,E07000174,Mansfield,,4272
E05010514,Attenborough & Chilwell East,,E07000172,Broxtowe,,4273
E05010516,Beeston Central,,E07000172,Broxtowe,,4274
E05010517,Beeston North,,E07000172,Broxtowe,,4275
E05010518,Beeston Rylands,,E07000172,Broxtowe,,4276
E05010519,Beeston West,,E07000172,Broxtowe,,4277
E05010521,Brinsley,,E07000172,Broxtowe,,4278
E05010522,Chilwell West,,E07000172,Broxtowe,,4279
E05010523,Eastwood Hall,,E07000172,Broxtowe,,4280
E05010524,Eastwood Hilltop,,E07000172,Broxtowe,,4281
E05010525,Eastwood St Mary's,,E07000172,Broxtowe,,4282
E05010531,Stapleford South West,,E07000172,Broxtowe,,4283
E05010532,Toton & Chilwell Meadows,,E07000172,Broxtowe,,4284
E05010533,Watnall & Nuthall West,,E07000172,Broxtowe,,4285
E05015564,"Awsworth, Cossall & Trowell",,E07000172,Broxtowe,,4286
E05015565,Bramcote,,E07000172,Broxtowe,,4287
E05015566,Greasley,,E07000172,Broxtowe,,4288
E05015567,Kimberley,,E07000172,Broxtowe,,4289
E05015568,Nuthall East & Strelley,,E07000172,Broxtowe,,4290
E05015569,Stapleford North,,E07000172,Broxtowe,,4291
E05015570,Stapleford South East,,E07000172,Broxtowe,,4292
E05009689,Bestwood St Albans,,E07000173,Gedling,,4293
E05009690,Calverton,,E07000173,Gedling,,4294
E05009691,Carlton,,E07000173,Gedling,,4295
E05009692,Carlton Hill,,E07000173,Gedling,,4296
E05009693,Cavendish,,E07000173,Gedling,,4297
E05009694,Colwick,,E07000173,Gedling,,4298
E05009695,Coppice,,E07000173,Gedling,,4299
E05012992,Kingston Bagpuize,,E07000180,Vale of White Horse,,4300
E05015562,Botley & Sunningwell,,E07000180,Vale of White Horse,,4301
E05015563,Kennington & Radley,,E07000180,Vale of White Horse,,4302
E05006627,Alvescot and Filkins,,E07000181,West Oxfordshire,,4303
E05006628,Ascott and Shipton,,E07000181,West Oxfordshire,,4304
E05006629,Bampton and Clanfield,,E07000181,West Oxfordshire,,4305
E05006632,Carterton North East,,E07000181,West Oxfordshire,,4306
E05006634,Carterton South,,E07000181,West Oxfordshire,,4307
E05006637,Chipping Norton,,E07000181,West Oxfordshire,,4308
E05006638,Ducklington,,E07000181,West Oxfordshire,,4309
E05006639,Eynsham and Cassington,,E07000181,West Oxfordshire,,4310
E05006640,Freeland and Hanborough,,E07000181,West Oxfordshire,,4311
E05006642,"Kingham, Rollright and Enstone",,E07000181,West Oxfordshire,,4312
E05006643,Milton-under-Wychwood,,E07000181,West Oxfordshire,,4313
E05006644,North Leigh,,E07000181,West Oxfordshire,,4314
E05006645,"Standlake, Aston and Stanton Harcourt",,E07000181,West Oxfordshire,,4315
E05006646,Stonesfield and Tackley,,E07000181,West Oxfordshire,,4316
E05006647,The Bartons,,E07000181,West Oxfordshire,,4317
E05006648,Witney Central,,E07000181,West Oxfordshire,,4318
E05006649,Witney East,,E07000181,West Oxfordshire,,4319
E05006650,Witney North,,E07000181,West Oxfordshire,,4320
E05006651,Witney South,,E07000181,West Oxfordshire,,4321
E05006652,Witney West,,E07000181,West Oxfordshire,,4322
E05006653,Woodstock and Bladon,,E07000181,West Oxfordshire,,4323
E05009363,Burford,,E07000181,West Oxfordshire,,4324
E05012851,Ditchingham & Earsham,,E07000149,South Norfolk,,4325
E05012852,Harleston,,E07000149,South Norfolk,,4326
E05010673,Abbey Hill,,E07000170,Ashfield,,4327
E05010674,Annesley & Kirkby Woodhouse,,E07000170,Ashfield,,4328
E05010675,Ashfields,,E07000170,Ashfield,,4329
E05010676,Carsic,,E07000170,Ashfield,,4330
E05010677,Sutton Central & New Cross,,E07000170,Ashfield,,4331
E05010678,Hucknall Central,,E07000170,Ashfield,,4332
E05010679,Hucknall North,,E07000170,Ashfield,,4333
E05010680,Hucknall South,,E07000170,Ashfield,,4334
E05014481,Heath,,E07000193,East Staffordshire,,4335
E05010681,Hucknall West,,E07000170,Ashfield,,4336
E05010682,Huthwaite & Brierley,,E07000170,Ashfield,,4337
E05014482,Horninglow & Outwoods,,E07000193,East Staffordshire,,4338
E05010683,Jacksdale & Westwood,,E07000170,Ashfield,,4339
E05014483,Shobnall,,E07000193,East Staffordshire,,4340
E05010684,Kingsway,,E07000170,Ashfield,,4341
E05014484,Stapenhill,,E07000193,East Staffordshire,,4342
E05010685,Kirkby Cross & Portland,,E07000170,Ashfield,,4343
E05014485,Stramshall & Weaver,,E07000193,East Staffordshire,,4344
E05010686,Larwood,,E07000170,Ashfield,,4345
E05014486,Stretton,,E07000193,East Staffordshire,,4346
E05010687,Leamington,,E07000170,Ashfield,,4347
E05014487,Town,,E07000193,East Staffordshire,,4348
E05010688,Sutton St Mary's,,E07000170,Ashfield,,4349
E05014488,Winshill,,E07000193,East Staffordshire,,4350
E05010689,Selston,,E07000170,Ashfield,,4351
E05010651,Alrewas & Fradley,,E07000194,Lichfield,,4352
E05010690,Skegby,,E07000170,Ashfield,,4353
E05010652,Armitage with Handsacre,,E07000194,Lichfield,,4354
E05010691,Stanton Hill & Teversal,,E07000170,Ashfield,,4355
E05010653,Boley Park,,E07000194,Lichfield,,4356
E05010692,Greenwood & Summit,,E07000170,Ashfield,,4357
E05010654,Boney Hay & Central,,E07000194,Lichfield,,4358
E05010693,Sutton Junction & Harlow Wood,,E07000170,Ashfield,,4359
E05010655,Bourne Vale,,E07000194,Lichfield,,4360
E05010694,The Dales,,E07000170,Ashfield,,4361
E05010656,Chadsmead,,E07000194,Lichfield,,4362
E05010695,Underwood,,E07000170,Ashfield,,4363
E05010657,Chase Terrace,,E07000194,Lichfield,,4364
E05006377,Beckingham,,E07000171,Bassetlaw,,4365
E05010658,Chasetown,,E07000194,Lichfield,,4366
E05006378,Blyth,,E07000171,Bassetlaw,,4367
E05010659,Colton & the Ridwares,,E07000194,Lichfield,,4368
E05010660,Curborough,,E07000194,Lichfield,,4369
E05010661,Fazeley,,E07000194,Lichfield,,4370
E05010662,Hammerwich with Wall,,E07000194,Lichfield,,4371
E05010663,Highfield,,E07000194,Lichfield,,4372
E05010664,Leomansley,,E07000194,Lichfield,,4373
E05010665,Little Aston & Stonnall,,E07000194,Lichfield,,4374
E05010666,Longdon,,E07000194,Lichfield,,4375
E05010667,Mease Valley,,E07000194,Lichfield,,4376
E05014624,Market Warsop,,E07000174,Mansfield,,4377
E05014625,Maun Valley Forest Town,,E07000174,Mansfield,,4378
E05014626,Meden,,E07000174,Mansfield,,4379
E05014627,Mill Lane,,E07000174,Mansfield,,4380
E05014628,Netherfield,,E07000174,Mansfield,,4381
E05014629,Newlands Forest Town,,E07000174,Mansfield,,4382
E05014630,Oak Tree,,E07000174,Mansfield,,4383
E05014631,Oakham,,E07000174,Mansfield,,4384
E05014632,Park Hall,,E07000174,Mansfield,,4385
E05014633,Penniment,,E07000174,Mansfield,,4386
E05014634,Pleasley,,E07000174,Mansfield,,4387
E05014635,Racecourse,,E07000174,Mansfield,,4388
E05014636,Rock Hill,,E07000174,Mansfield,,4389
E05014637,Rufford,,E07000174,Mansfield,,4390
E05014638,Sherwood,,E07000174,Mansfield,,4391
E05014639,Southwell,,E07000174,Mansfield,,4392
E05014640,Thompsons,,E07000174,Mansfield,,4393
E05014641,Vale,,E07000174,Mansfield,,4394
E05014642,Wainwright,,E07000174,Mansfield,,4395
E05014643,Warsop Carrs,,E07000174,Mansfield,,4396
E05014644,West Bank,,E07000174,Mansfield,,4397
E05014645,Yeoman Hill,,E07000174,Mansfield,,4398
E05010064,Balderton South,,E07000175,Newark and Sherwood,,4399
E05010066,Bilsthorpe,,E07000175,Newark and Sherwood,,4400
E05010668,St John's,,E07000194,Lichfield,,4401
E05010669,Shenstone,,E07000194,Lichfield,,4402
E05010670,Stowe,,E07000194,Lichfield,,4403
E05010671,Summerfield & All Saints,,E07000194,Lichfield,,4404
E05010672,Whittington & Streethay,,E07000194,Lichfield,,4405
E05011415,Audley,,E07000195,Newcastle-under-Lyme,,4406
E05011416,Bradwell,,E07000195,Newcastle-under-Lyme,,4407
E05011417,Clayton,,E07000195,Newcastle-under-Lyme,,4408
E05011418,Crackley & Red Street,,E07000195,Newcastle-under-Lyme,,4409
E05011419,Cross Heath,,E07000195,Newcastle-under-Lyme,,4410
E05011420,Holditch & Chesterton,,E07000195,Newcastle-under-Lyme,,4411
E05011421,Keele,,E07000195,Newcastle-under-Lyme,,4412
E05011422,Kidsgrove & Ravenscliffe,,E07000195,Newcastle-under-Lyme,,4413
E05011423,Knutton,,E07000195,Newcastle-under-Lyme,,4414
E05011424,Loggerheads,,E07000195,Newcastle-under-Lyme,,4415
E05011425,Madeley & Betley,,E07000195,Newcastle-under-Lyme,,4416
E05011426,Maer & Whitmore,,E07000195,Newcastle-under-Lyme,,4417
E05011427,May Bank,,E07000195,Newcastle-under-Lyme,,4418
E05011428,Newchapel & Mow Cop,,E07000195,Newcastle-under-Lyme,,4419
E05011429,Silverdale,,E07000195,Newcastle-under-Lyme,,4420
E05011430,Talke & Butt Lane,,E07000195,Newcastle-under-Lyme,,4421
E05011431,Thistleberry,,E07000195,Newcastle-under-Lyme,,4422
E05011432,Town,,E07000195,Newcastle-under-Lyme,,4423
E05011433,Westbury Park & Northwood,,E07000195,Newcastle-under-Lyme,,4424
E05011434,Westlands,,E07000195,Newcastle-under-Lyme,,4425
E05011435,Wolstanton,,E07000195,Newcastle-under-Lyme,,4426
E05015054,Bilbrook,,E07000196,South Staffordshire,,4427
E05015055,"Brewood, Coven & Blymhill",,E07000196,South Staffordshire,,4428
E05015056,Cheslyn Hay Village,,E07000196,South Staffordshire,,4429
E05015057,Codsall,,E07000196,South Staffordshire,,4430
E05015058,Essington,,E07000196,South Staffordshire,,4431
E05015059,"Featherstone, Sharehill & Saredon",,E07000196,South Staffordshire,,4432
E05015060,Great Wyrley Landywood,,E07000196,South Staffordshire,,4433
E05015061,Great Wyrley Town,,E07000196,South Staffordshire,,4434
E05015062,Himley & Swindon,,E07000196,South Staffordshire,,4435
E05015063,Huntington & Hatherton,,E07000196,South Staffordshire,,4436
E05015064,Kinver & Enville,,E07000196,South Staffordshire,,4437
E05015065,"Lapley, Stretton & Wheaton Aston",,E07000196,South Staffordshire,,4438
E05015066,"Pattingham, Trysull, Bobbington & Lower Penn",,E07000196,South Staffordshire,,4439
E05015067,Penkridge North & Acton Trussell,,E07000196,South Staffordshire,,4440
E05015068,Penkridge South & Gailey,,E07000196,South Staffordshire,,4441
E05015069,Perton East,,E07000196,South Staffordshire,,4442
E05015070,Perton Lakeside,,E07000196,South Staffordshire,,4443
E05015071,Perton Wrottesley,,E07000196,South Staffordshire,,4444
E05015072,Wombourne North,,E07000196,South Staffordshire,,4445
E05015073,Wombourne South,,E07000196,South Staffordshire,,4446
E05010479,Barlaston,,E07000197,Stafford,,4447
E05010480,Baswich,,E07000197,Stafford,,4448
E05010481,Common,,E07000197,Stafford,,4449
E05010482,Coton,,E07000197,Stafford,,4450
E05007463,Coleshill South,,E07000218,North Warwickshire,,4451
E05007464,Curdworth,,E07000218,North Warwickshire,,4452
E05007465,Dordon,,E07000218,North Warwickshire,,4453
E05007466,Fillongley,,E07000218,North Warwickshire,,4454
E05007467,Hartshill,,E07000218,North Warwickshire,,4455
E05007468,Hurley and Wood End,,E07000218,North Warwickshire,,4456
E05010483,Doxey & Castletown,,E07000197,Stafford,,4457
E05007469,Kingsbury,,E07000218,North Warwickshire,,4458
E05007470,Newton Regis and Warton,,E07000218,North Warwickshire,,4459
E05007471,Polesworth East,,E07000218,North Warwickshire,,4460
E05007472,Polesworth West,,E07000218,North Warwickshire,,4461
E05007473,Water Orton,,E07000218,North Warwickshire,,4462
E05015827,Arbury,,E07000219,Nuneaton and Bedworth,,4463
E05015828,Attleborough,,E07000219,Nuneaton and Bedworth,,4464
E05015829,Bede,,E07000219,Nuneaton and Bedworth,,4465
E05015830,Bulkington,,E07000219,Nuneaton and Bedworth,,4466
E05015831,Camp Hill,,E07000219,Nuneaton and Bedworth,,4467
E05015832,Chilvers Coton,,E07000219,Nuneaton and Bedworth,,4468
E05015833,Eastboro,,E07000219,Nuneaton and Bedworth,,4469
E05015834,Exhall,,E07000219,Nuneaton and Bedworth,,4470
E05015835,Galley Common,,E07000219,Nuneaton and Bedworth,,4471
E05015836,Heath,,E07000219,Nuneaton and Bedworth,,4472
E05015837,Milby,,E07000219,Nuneaton and Bedworth,,4473
E05015838,Poplar,,E07000219,Nuneaton and Bedworth,,4474
E05015839,Slough,,E07000219,Nuneaton and Bedworth,,4475
E05015840,St Mary's,,E07000219,Nuneaton and Bedworth,,4476
E05015841,St Nicolas,,E07000219,Nuneaton and Bedworth,,4477
E05015842,Stockingford East,,E07000219,Nuneaton and Bedworth,,4478
E05015843,Stockingford West,,E07000219,Nuneaton and Bedworth,,4479
E05015844,Weddington,,E07000219,Nuneaton and Bedworth,,4480
E05015845,Whitestone,,E07000219,Nuneaton and Bedworth,,4481
E05008974,Benn,,E07000220,Rugby,,4482
E05008975,Bilton,,E07000220,Rugby,,4483
E05008976,"Clifton, Newton and Churchover",,E07000220,Rugby,,4484
E05008977,Coton and Boughton,,E07000220,Rugby,,4485
E05008979,Hillmorton,,E07000220,Rugby,,4486
E05008980,Leam Valley,,E07000220,Rugby,,4487
E05008981,New Bilton,,E07000220,Rugby,,4488
E05008982,Newbold and Brownsover,,E07000220,Rugby,,4489
E05008983,Paddox,,E07000220,Rugby,,4490
E05008984,Revel and Binley Woods,,E07000220,Rugby,,4491
E05008985,Rokeby and Overslade,,E07000220,Rugby,,4492
E05008986,Eastlands,,E07000220,Rugby,,4493
E05008988,Wolvey and Shilton,,E07000220,Rugby,,4494
E05010758,Admirals and Cawston,,E07000220,Rugby,,4495
E05010759,Dunsmore,,E07000220,Rugby,,4496
E05010760,Wolston and the Lawfords,,E07000220,Rugby,,4497
E05015107,Alcester East,,E07000221,Stratford-on-Avon,,4498
E05015108,Alcester West,,E07000221,Stratford-on-Avon,,4499
E05015109,Bidford East,,E07000221,Stratford-on-Avon,,4500
E05015110,Bidford West,,E07000221,Stratford-on-Avon,,4501
E05007070,Glascote,,E07000199,Tamworth,,4502
E05015893,Oxted North,,E07000215,Tandridge,,4503
E05012886,Tattenham Corner & Preston,,E07000211,Reigate and Banstead,,4504
E05015894,Oxted South,,E07000215,Tandridge,,4505
E05012887,Addlestone North,,E07000212,Runnymede,,4506
E05015895,Portley & Queens Park,,E07000215,Tandridge,,4507
E05007071,Mercian,,E07000199,Tamworth,,4508
E05015105,West Ewell,,E07000208,Epsom and Ewell,,4509
E05012888,Addlestone South,,E07000212,Runnymede,,4510
E05015896,Tatsfield & Titsey,,E07000215,Tandridge,,4511
E05010484,Eccleshall,,E07000197,Stafford,,4512
E05007072,Spital,,E07000199,Tamworth,,4513
E05015106,Woodcote & Langley Vale,,E07000208,Epsom and Ewell,,4514
E05012889,Chertsey Riverside,,E07000212,Runnymede,,4515
E05015897,Valley,,E07000215,Tandridge,,4516
E05012593,Chilton,,E07000203,Mid Suffolk,,4517
E05010485,Forebridge,,E07000197,Stafford,,4518
E05007073,Stonydelph,,E07000199,Tamworth,,4519
E05014944,Ash South,,E07000209,Guildford,,4520
E05012890,Chertsey St Ann's,,E07000212,Runnymede,,4521
E05015898,Warlingham East & Chelsham & Farleigh,,E07000215,Tandridge,,4522
E05010486,Fulford,,E07000197,Stafford,,4523
E05012594,Claydon & Barham,,E07000203,Mid Suffolk,,4524
E05007074,Trinity,,E07000199,Tamworth,,4525
E05007075,Wilnecote,,E07000199,Tamworth,,4526
E05012565,Assington,,E07000200,Babergh,,4527
E05012566,Box Vale,,E07000200,Babergh,,4528
E05012567,Brantham,,E07000200,Babergh,,4529
E05012568,Brett Vale,,E07000200,Babergh,,4530
E05012569,Bures St Mary & Nayland,,E07000200,Babergh,,4531
E05012570,Capel St Mary,,E07000200,Babergh,,4532
E05012571,Chadacre,,E07000200,Babergh,,4533
E05012572,Copdock & Washbrook,,E07000200,Babergh,,4534
E05012891,Egham Hythe,,E07000212,Runnymede,,4535
E05012573,East Bergholt,,E07000200,Babergh,,4536
E05015899,Warlingham West,,E07000215,Tandridge,,4537
E05014945,Ash Vale,,E07000209,Guildford,,4538
E05012595,Combs Ford,,E07000203,Mid Suffolk,,4539
E05010487,Gnosall & Woodseaves,,E07000197,Stafford,,4540
E05015900,Westway,,E07000215,Tandridge,,4541
E05012892,Egham Town,,E07000212,Runnymede,,4542
E05012596,Debenham,,E07000203,Mid Suffolk,,4543
E05010488,Haywood & Hixon,,E07000197,Stafford,,4544
E05014946,Ash Wharf,,E07000209,Guildford,,4545
E05015901,Whyteleafe,,E07000215,Tandridge,,4546
E05012574,Ganges,,E07000200,Babergh,,4547
E05012893,Englefield Green East,,E07000212,Runnymede,,4548
E05012597,Elmswell & Woolpit,,E07000203,Mid Suffolk,,4549
E05010489,Highfields & Western Downs,,E07000197,Stafford,,4550
E05014947,Bellfields & Slyfield,,E07000209,Guildford,,4551
E05015902,Woldingham,,E07000215,Tandridge,,4552
E05012575,Great Cornard,,E07000200,Babergh,,4553
E05012894,Englefield Green West,,E07000212,Runnymede,,4554
E05012598,Eye,,E07000203,Mid Suffolk,,4555
E05010490,Holmcroft,,E07000197,Stafford,,4556
E05014948,Burpham,,E07000209,Guildford,,4557
E05015146,"Alfold, Dunsfold & Hascombe",,E07000216,Waverley,,4558
E05012895,"Longcross, Lyne & Chertsey South",,E07000212,Runnymede,,4559
E05012576,Hadleigh North,,E07000200,Babergh,,4560
E05012599,Fressingfield,,E07000203,Mid Suffolk,,4561
E05015147,Bramley & Wonersh,,E07000216,Waverley,,4562
E05010491,Littleworth,,E07000197,Stafford,,4563
E05014949,Castle,,E07000209,Guildford,,4564
E05012896,New Haw,,E07000212,Runnymede,,4565
E05015148,Chiddingfold,,E07000216,Waverley,,4566
E05014950,Clandon & Horsley,,E07000209,Guildford,,4567
E05010492,Manor,,E07000197,Stafford,,4568
E05012577,Hadleigh South,,E07000200,Babergh,,4569
E05012600,Gislingham,,E07000203,Mid Suffolk,,4570
E05012897,Ottershaw,,E07000212,Runnymede,,4571
E05015149,Cranleigh East,,E07000216,Waverley,,4572
E05014951,Effingham,,E07000209,Guildford,,4573
E05010493,Milford,,E07000197,Stafford,,4574
E05012578,Lavenham,,E07000200,Babergh,,4575
E05012601,"Haughley, Stowupland & Wetherden",,E07000203,Mid Suffolk,,4576
E05012898,Thorpe,,E07000212,Runnymede,,4577
E05015150,Cranleigh West,,E07000216,Waverley,,4578
E05014952,Merrow,,E07000209,Guildford,,4579
E05010494,Milwich,,E07000197,Stafford,,4580
E05012579,Long Melford,,E07000200,Babergh,,4581
E05012602,Hoxne & Worlingworth,,E07000203,Mid Suffolk,,4582
E05012899,Virginia Water,,E07000212,Runnymede,,4583
E05015151,Elstead & Peper Harow,,E07000216,Waverley,,4584
E05014953,Normandy & Pirbright,,E07000209,Guildford,,4585
E05010495,Penkside,,E07000197,Stafford,,4586
E05012580,North West Cosford,,E07000200,Babergh,,4587
E05012603,Mendlesham,,E07000203,Mid Suffolk,,4588
E05012900,Woodham & Rowtown,,E07000212,Runnymede,,4589
E05015152,Ewhurst & Ellens Green,,E07000216,Waverley,,4590
E05014954,Onslow,,E07000209,Guildford,,4591
E05010496,Rowley,,E07000197,Stafford,,4592
E05012581,Orwell,,E07000200,Babergh,,4593
E05012604,Needham Market,,E07000203,Mid Suffolk,,4594
E05007362,Ashford Common,,E07000213,Spelthorne,,4595
E05015153,Farnham Bourne,,E07000216,Waverley,,4596
E05014955,Pilgrims,,E07000209,Guildford,,4597
E05010497,St Michael's & Stonefield,,E07000197,Stafford,,4598
E05012582,South East Cosford,,E07000200,Babergh,,4599
E05012605,Onehouse,,E07000203,Mid Suffolk,,4600
E05007363,Ashford East,,E07000213,Spelthorne,,4601
E05015154,Farnham Castle,,E07000216,Waverley,,4602
E05014956,Send & Lovelace,,E07000209,Guildford,,4603
E05010498,Seighford & Church Eaton,,E07000197,Stafford,,4604
E05012583,Sproughton & Pinewood,,E07000200,Babergh,,4605
E05012606,Palgrave,,E07000203,Mid Suffolk,,4606
E05007364,Ashford North and Stanwell South,,E07000213,Spelthorne,,4607
E05015155,Farnham Firgrove,,E07000216,Waverley,,4608
E05014957,Shalford,,E07000209,Guildford,,4609
E05010499,Swynnerton & Oulton,,E07000197,Stafford,,4610
E05012584,Stour,,E07000200,Babergh,,4611
E05012607,Rattlesden,,E07000203,Mid Suffolk,,4612
E05007365,Ashford Town,,E07000213,Spelthorne,,4613
E05015156,Farnham Heath End,,E07000216,Waverley,,4614
E05014958,St Nicolas,,E07000209,Guildford,,4615
E05010500,Walton,,E07000197,Stafford,,4616
E05012585,Sudbury North East,,E07000200,Babergh,,4617
E05012608,Rickinghall,,E07000203,Mid Suffolk,,4618
E05007366,Halliford and Sunbury West,,E07000213,Spelthorne,,4619
E05015157,Farnham Moor Park,,E07000216,Waverley,,4620
E05014959,Stoke,,E07000209,Guildford,,4621
E05010501,Weeping Cross & Wildwood,,E07000197,Stafford,,4622
E05012586,Sudbury North West,,E07000200,Babergh,,4623
E05012609,St Peter's,,E07000203,Mid Suffolk,,4624
E05007367,Laleham and Shepperton Green,,E07000213,Spelthorne,,4625
E05015158,Farnham North West,,E07000216,Waverley,,4626
E05015159,Farnham Rowledge,,E07000216,Waverley,,4627
E05015160,Farnham Weybourne,,E07000216,Waverley,,4628
E05015161,Godalming Binscombe & Charterhouse,,E07000216,Waverley,,4629
E05015162,Godalming Central & Ockford,,E07000216,Waverley,,4630
E05015163,Godalming Farncombe & Catteshall,,E07000216,Waverley,,4631
E05015164,Godalming Holloway,,E07000216,Waverley,,4632
E05015165,Haslemere East,,E07000216,Waverley,,4633
E05015166,Haslemere West,,E07000216,Waverley,,4634
E05015167,Hindhead & Beacon Hill,,E07000216,Waverley,,4635
E05015168,Milford & Witley,,E07000216,Waverley,,4636
E05015169,Western Commons,,E07000216,Waverley,,4637
E05010795,Byfleet and West Byfleet,,E07000217,Woking,,4638
E05010796,Canalside,,E07000217,Woking,,4639
E05010797,Goldsworth Park,,E07000217,Woking,,4640
E05010798,Heathlands,,E07000217,Woking,,4641
E05010799,Hoe Valley,,E07000217,Woking,,4642
E05010800,Horsell,,E07000217,Woking,,4643
E05010801,Knaphill,,E07000217,Woking,,4644
E05010802,Mount Hermon,,E07000217,Woking,,4645
E05010803,Pyrford,,E07000217,Woking,,4646
E05010804,St John's,,E07000217,Woking,,4647
E05007457,Arley and Whitacre,,E07000218,North Warwickshire,,4648
E05007458,Atherstone Central,,E07000218,North Warwickshire,,4649
E05007459,Atherstone North,,E07000218,North Warwickshire,,4650
E05007460,Atherstone South and Mancetter,,E07000218,North Warwickshire,,4651
E05007461,Baddesley and Grendon,,E07000218,North Warwickshire,,4652
E05007462,Coleshill North,,E07000218,North Warwickshire,,4653
E05007039,Alton,,E07000198,Staffordshire Moorlands,,4654
E05012610,Stonham,,E07000203,Mid Suffolk,,4655
E05007368,Riverside and Laleham,,E07000213,Spelthorne,,4656
E05007040,Bagnall and Stanley,,E07000198,Staffordshire Moorlands,,4657
E05014960,Stoughton North,,E07000209,Guildford,,4658
E05012611,Stow Thorney,,E07000203,Mid Suffolk,,4659
E05007041,Biddulph East,,E07000198,Staffordshire Moorlands,,4660
E05007369,Shepperton Town,,E07000213,Spelthorne,,4661
E05014961,Stoughton South,,E07000209,Guildford,,4662
E05012612,Stradbroke & Laxfield,,E07000203,Mid Suffolk,,4663
E05012587,Sudbury South East,,E07000200,Babergh,,4664
E05007042,Biddulph Moor,,E07000198,Staffordshire Moorlands,,4665
E05007370,Staines,,E07000213,Spelthorne,,4666
E05014962,Tillingbourne,,E07000209,Guildford,,4667
E05012613,Thurston,,E07000203,Mid Suffolk,,4668
E05012588,Sudbury South West,,E07000200,Babergh,,4669
E05007043,Biddulph North,,E07000198,Staffordshire Moorlands,,4670
E05007371,Staines South,,E07000213,Spelthorne,,4671
E05014963,Westborough,,E07000209,Guildford,,4672
E05012614,Walsham-le-Willows,,E07000203,Mid Suffolk,,4673
E05007117,Alexandra,,E07000202,Ipswich,,4674
E05007044,Biddulph South,,E07000198,Staffordshire Moorlands,,4675
E05007372,Stanwell North,,E07000213,Spelthorne,,4676
E05014964,Worplesdon,,E07000209,Guildford,,4677
E05011074,Claygate,,E07000207,Elmbridge,,4678
E05007118,Bixley,,E07000202,Ipswich,,4679
E05007045,Biddulph West,,E07000198,Staffordshire Moorlands,,4680
E05007373,Sunbury Common,,E07000213,Spelthorne,,4681
E05015341,Ashtead Lanes & Common,,E07000210,Mole Valley,,4682
E05011075,Cobham and Downside,,E07000207,Elmbridge,,4683
E05007119,Bridge,,E07000202,Ipswich,,4684
E05007046,Brown Edge and Endon,,E07000198,Staffordshire Moorlands,,4685
E05007374,Sunbury East,,E07000213,Spelthorne,,4686
E05015342,Ashtead Park,,E07000210,Mole Valley,,4687
E05011076,Esher,,E07000207,Elmbridge,,4688
E05011077,Hersham Village,,E07000207,Elmbridge,,4689
E05011078,Hinchley Wood and Weston Green,,E07000207,Elmbridge,,4690
E05011079,Long Ditton,,E07000207,Elmbridge,,4691
E05011080,Molesey East,,E07000207,Elmbridge,,4692
E05011081,Molesey West,,E07000207,Elmbridge,,4693
E05011082,Oatlands and Burwood Park,,E07000207,Elmbridge,,4694
E05011083,Oxshott and Stoke D'Abernon,,E07000207,Elmbridge,,4695
E05011084,Thames Ditton,,E07000207,Elmbridge,,4696
E05011085,Walton Central,,E07000207,Elmbridge,,4697
E05011086,Walton North,,E07000207,Elmbridge,,4698
E05011087,Walton South,,E07000207,Elmbridge,,4699
E05011088,Weybridge Riverside,,E07000207,Elmbridge,,4700
E05011089,Weybridge St George's Hill,,E07000207,Elmbridge,,4701
E05015093,Auriol,,E07000208,Epsom and Ewell,,4702
E05015094,College,,E07000208,Epsom and Ewell,,4703
E05015095,Court,,E07000208,Epsom and Ewell,,4704
E05015096,Cuddington,,E07000208,Epsom and Ewell,,4705
E05015097,Ewell Court,,E07000208,Epsom and Ewell,,4706
E05015098,Ewell Village,,E07000208,Epsom and Ewell,,4707
E05015099,Horton,,E07000208,Epsom and Ewell,,4708
E05015100,Nonsuch,,E07000208,Epsom and Ewell,,4709
E05015101,Ruxley,,E07000208,Epsom and Ewell,,4710
E05015102,Stamford,,E07000208,Epsom and Ewell,,4711
E05015103,Stoneleigh,,E07000208,Epsom and Ewell,,4712
E05015104,Town,,E07000208,Epsom and Ewell,,4713
E05007120,Castle Hill,,E07000202,Ipswich,,4714
E05015343,Bookham East & Eastwick Park,,E07000210,Mole Valley,,4715
E05012026,Bagshot,,E07000214,Surrey Heath,,4716
E05007047,Caverswall,,E07000198,Staffordshire Moorlands,,4717
E05007121,Gainsborough,,E07000202,Ipswich,,4718
E05015344,Bookham West,,E07000210,Mole Valley,,4719
E05012027,Bisley & West End,,E07000214,Surrey Heath,,4720
E05007048,Cellarhead,,E07000198,Staffordshire Moorlands,,4721
E05007122,Gipping,,E07000202,Ipswich,,4722
E05015345,"Brockham, Betchworth, Buckland, Box Hill & Headley",,E07000210,Mole Valley,,4723
E05012028,Frimley,,E07000214,Surrey Heath,,4724
E05007049,Cheadle North East,,E07000198,Staffordshire Moorlands,,4725
E05007123,Holywells,,E07000202,Ipswich,,4726
E05015346,"Capel, Leigh, Newdigate & Charlwood",,E07000210,Mole Valley,,4727
E05012029,Frimley Green,,E07000214,Surrey Heath,,4728
E05007050,Cheadle South East,,E07000198,Staffordshire Moorlands,,4729
E05007124,Priory Heath,,E07000202,Ipswich,,4730
E05015347,Dorking North,,E07000210,Mole Valley,,4731
E05012030,Heatherside,,E07000214,Surrey Heath,,4732
E05007051,Cheadle West,,E07000198,Staffordshire Moorlands,,4733
E05007125,Rushmere,,E07000202,Ipswich,,4734
E05015348,Dorking South,,E07000210,Mole Valley,,4735
E05012031,Lightwater,,E07000214,Surrey Heath,,4736
E05007052,Checkley,,E07000198,Staffordshire Moorlands,,4737
E05007126,St John's,,E07000202,Ipswich,,4738
E05015349,Fetcham,,E07000210,Mole Valley,,4739
E05012032,Mytchett & Deepcut,,E07000214,Surrey Heath,,4740
E05007053,Cheddleton,,E07000198,Staffordshire Moorlands,,4741
E05007127,St Margaret's,,E07000202,Ipswich,,4742
E05015350,Holmwoods & Beare Green,,E07000210,Mole Valley,,4743
E05012033,Old Dean,,E07000214,Surrey Heath,,4744
E05007054,Churnet,,E07000198,Staffordshire Moorlands,,4745
E05007128,Sprites,,E07000202,Ipswich,,4746
E05015351,Leatherhead North,,E07000210,Mole Valley,,4747
E05012034,Parkside,,E07000214,Surrey Heath,,4748
E05007055,Dane,,E07000198,Staffordshire Moorlands,,4749
E05007129,Stoke Park,,E07000202,Ipswich,,4750
E05015352,Leatherhead South,,E07000210,Mole Valley,,4751
E05015353,"Mickleham, Westcott & Okewood",,E07000210,Mole Valley,,4752
E05012872,Banstead Village,,E07000211,Reigate and Banstead,,4753
E05012873,"Chipstead, Kingswood & Woodmansterne",,E07000211,Reigate and Banstead,,4754
E05012874,Earlswood & Whitebushes,,E07000211,Reigate and Banstead,,4755
E05012875,"Hooley, Merstham & Netherne",,E07000211,Reigate and Banstead,,4756
E05012876,Horley Central & South,,E07000211,Reigate and Banstead,,4757
E05012877,Horley East & Salfords,,E07000211,Reigate and Banstead,,4758
E05012878,Horley West & Sidlow,,E07000211,Reigate and Banstead,,4759
E05012879,"Lower Kingswood, Tadworth & Walton",,E07000211,Reigate and Banstead,,4760
E05012880,Meadvale & St John's,,E07000211,Reigate and Banstead,,4761
E05012881,Nork,,E07000211,Reigate and Banstead,,4762
E05012882,Redhill East,,E07000211,Reigate and Banstead,,4763
E05012883,Redhill West & Wray Common,,E07000211,Reigate and Banstead,,4764
E05012884,Reigate,,E07000211,Reigate and Banstead,,4765
E05012885,South Park & Woodhatch,,E07000211,Reigate and Banstead,,4766
E05012035,St Michaels,,E07000214,Surrey Heath,,4767
E05007130,Westgate,,E07000202,Ipswich,,4768
E05012036,St Pauls,,E07000214,Surrey Heath,,4769
E05007131,Whitehouse,,E07000202,Ipswich,,4770
E05007056,Forsbrook,,E07000198,Staffordshire Moorlands,,4771
E05012037,Town,,E07000214,Surrey Heath,,4772
E05007132,Whitton,,E07000202,Ipswich,,4773
E05007057,Hamps Valley,,E07000198,Staffordshire Moorlands,,4774
E05012038,Watchetts,,E07000214,Surrey Heath,,4775
E05012589,Bacton,,E07000203,Mid Suffolk,,4776
E05007058,Horton,,E07000198,Staffordshire Moorlands,,4777
E05012039,Windlesham & Chobham,,E07000214,Surrey Heath,,4778
E05012590,Battisford & Ringshall,,E07000203,Mid Suffolk,,4779
E05007059,Ipstones,,E07000198,Staffordshire Moorlands,,4780
E05015885,Bletchingley & Nutfield,,E07000215,Tandridge,,4781
E05012591,Blakenham,,E07000203,Mid Suffolk,,4782
E05007060,Leek East,,E07000198,Staffordshire Moorlands,,4783
E05015886,"Burstow, Horne & Outwood",,E07000215,Tandridge,,4784
E05012592,Bramford,,E07000203,Mid Suffolk,,4785
E05007061,Leek North,,E07000198,Staffordshire Moorlands,,4786
E05015887,Chaldon,,E07000215,Tandridge,,4787
E05007062,Leek South,,E07000198,Staffordshire Moorlands,,4788
E05015888,Dormansland & Felbridge,,E07000215,Tandridge,,4789
E05007063,Leek West,,E07000198,Staffordshire Moorlands,,4790
E05015889,Godstone,,E07000215,Tandridge,,4791
E05007064,Manifold,,E07000198,Staffordshire Moorlands,,4792
E05015890,Harestone,,E07000215,Tandridge,,4793
E05007065,Werrington,,E07000198,Staffordshire Moorlands,,4794
E05015891,Limpsfield,,E07000215,Tandridge,,4795
E05007066,Amington,,E07000199,Tamworth,,4796
E05015892,"Lingfield, Crowhurst & Tandridge",,E07000215,Tandridge,,4797
E05007067,Belgrave,,E07000199,Tamworth,,4798
E05007068,Bolehall,,E07000199,Tamworth,,4799
E05007069,Castle,,E07000199,Tamworth,,4800
E05009838,Hollywood,,E07000234,Bromsgrove,,4801
E05009839,Lickey Hills,,E07000234,Bromsgrove,,4802
E05009840,Lowes Hill,,E07000234,Bromsgrove,,4803
E05009841,Marlbrook,,E07000234,Bromsgrove,,4804
E05009842,Norton,,E07000234,Bromsgrove,,4805
E05009843,Perryfields,,E07000234,Bromsgrove,,4806
E05009844,Rock Hill,,E07000234,Bromsgrove,,4807
E05009845,Rubery North,,E07000234,Bromsgrove,,4808
E05011677,Lavant,,E07000225,Chichester,,4809
E05009846,Rubery South,,E07000234,Bromsgrove,,4810
E05009847,Sanders Park,,E07000234,Bromsgrove,,4811
E05009848,Sidemoor,,E07000234,Bromsgrove,,4812
E05009849,Slideslow,,E07000234,Bromsgrove,,4813
E05009850,Tardebigge,,E07000234,Bromsgrove,,4814
E05009851,Wythall East,,E07000234,Bromsgrove,,4815
E05009852,Wythall West,,E07000234,Bromsgrove,,4816
E05015380,"Alfrick, Leigh & Rushwick",,E07000235,Malvern Hills,,4817
E05015381,Baldwin,,E07000235,Malvern Hills,,4818
E05015382,Barnards Green,,E07000235,Malvern Hills,,4819
E05015383,Broadheath,,E07000235,Malvern Hills,,4820
E05015384,"Castlemorton, Welland & Wells",,E07000235,Malvern Hills,,4821
E05015385,Great Malvern,,E07000235,Malvern Hills,,4822
E05015386,Hallow & Holt,,E07000235,Malvern Hills,,4823
E05015387,Kempsey,,E07000235,Malvern Hills,,4824
E05015388,Lindridge,,E07000235,Malvern Hills,,4825
E05015389,Link,,E07000235,Malvern Hills,,4826
E05015390,Longdon,,E07000235,Malvern Hills,,4827
E05015391,Martley,,E07000235,Malvern Hills,,4828
E05015392,Pickersleigh,,E07000235,Malvern Hills,,4829
E05015393,Powick & the Hanleys,,E07000235,Malvern Hills,,4830
E05015394,Tenbury,,E07000235,Malvern Hills,,4831
E05015395,Upper Howsell,,E07000235,Malvern Hills,,4832
E05015396,Upton & Ripple,,E07000235,Malvern Hills,,4833
E05015397,West,,E07000235,Malvern Hills,,4834
E05015615,Astwood Bank & Feckenham,,E07000236,Redditch,,4835
E05015616,Batchley & Brockhill,,E07000236,Redditch,,4836
E05015617,Central,,E07000236,Redditch,,4837
E05015618,Greenlands & Lakeside,,E07000236,Redditch,,4838
E05015619,Headless Cross & Oakenshaw,,E07000236,Redditch,,4839
E05015620,Matchborough & Woodrow,,E07000236,Redditch,,4840
E05015621,North,,E07000236,Redditch,,4841
E05015622,Webheath & Callow Hill,,E07000236,Redditch,,4842
E05015623,Winyates,,E07000236,Redditch,,4843
E05015849,Arboretum,,E07000237,Worcester,,4844
E05015850,Battenhall,,E07000237,Worcester,,4845
E05015851,Cathedral,,E07000237,Worcester,,4846
E05013950,Colney Heath,,E07000240,St Albans,,4847
E05015852,Claines,,E07000237,Worcester,,4848
E05015853,Dines Green & Grove Farm,,E07000237,Worcester,,4849
E05015854,Fort Royal,,E07000237,Worcester,,4850
E05015855,Leopard Hill,,E07000237,Worcester,,4851
E05015856,Lower Wick & Pitmaston,,E07000237,Worcester,,4852
E05015857,Nunnery,,E07000237,Worcester,,4853
E05012630,Warwick Saltisford,,E07000222,Warwick,,4854
E05012631,Whitnash,,E07000222,Warwick,,4855
E05007562,Buckingham,,E07000223,Adur,,4856
E05007563,Churchill,,E07000223,Adur,,4857
E05007564,Cokeham,,E07000223,Adur,,4858
E05007565,Eastbrook,,E07000223,Adur,,4859
E05014713,Burgess Hill Meeds & Hammonds,,E07000228,Mid Sussex,,4860
E05011678,Loxwood,,E07000225,Chichester,,4861
E05007566,Hillside,,E07000223,Adur,,4862
E05015858,Rainbow Hill,,E07000237,Worcester,,4863
E05014714,Burgess Hill St Andrews,,E07000228,Mid Sussex,,4864
E05011679,Midhurst,,E07000225,Chichester,,4865
E05007567,Manor,,E07000223,Adur,,4866
E05015859,St Clement,,E07000237,Worcester,,4867
E05014715,Burgess Hill Victoria,,E07000228,Mid Sussex,,4868
E05011680,North Mundham & Tangmere,,E07000225,Chichester,,4869
E05007568,Marine,,E07000223,Adur,,4870
E05015111,"Bishop's Itchington, Fenny Compton & Napton",,E07000221,Stratford-on-Avon,,4871
E05015860,St John's,,E07000237,Worcester,,4872
E05014716,Copthorne & Worth,,E07000228,Mid Sussex,,4873
E05011681,Petworth,,E07000225,Chichester,,4874
E05007569,Mash Barn,,E07000223,Adur,,4875
E05015861,St Nicholas,,E07000237,Worcester,,4876
E05015112,Brailes & Compton,,E07000221,Stratford-on-Avon,,4877
E05014717,Crawley Down,,E07000228,Mid Sussex,,4878
E05015371,Little Hadham & The Pelhams,,E07000242,East Hertfordshire,,4879
E05011682,Selsey South,,E07000225,Chichester,,4880
E05007570,Peverel,,E07000223,Adur,,4881
E05015862,St Peter's Parish,,E07000237,Worcester,,4882
E05015863,St Stephen,,E07000237,Worcester,,4883
E05015864,Warndon & Elbury Park,,E07000237,Worcester,,4884
E05015439,Badsey & Aldington,,E07000238,Wychavon,,4885
E05015440,Bengeworth,,E07000238,Wychavon,,4886
E05015441,Bowbrook,,E07000238,Wychavon,,4887
E05015442,Bredon,,E07000238,Wychavon,,4888
E05015443,Bredon Hill,,E07000238,Wychavon,,4889
E05015444,Bretforton & Offenham,,E07000238,Wychavon,,4890
E05015445,"Broadway, Sedgeberrow & Childswickham",,E07000238,Wychavon,,4891
E05015446,Dodderhill,,E07000238,Wychavon,,4892
E05015447,"Drakes Broughton, Norton & Whittington",,E07000238,Wychavon,,4893
E05015448,Droitwich East,,E07000238,Wychavon,,4894
E05015449,Droitwich South East,,E07000238,Wychavon,,4895
E05015450,Droitwich South West,,E07000238,Wychavon,,4896
E05015451,Droitwich West,,E07000238,Wychavon,,4897
E05015452,Eckington,,E07000238,Wychavon,,4898
E05015453,Evesham North,,E07000238,Wychavon,,4899
E05015454,Evesham South,,E07000238,Wychavon,,4900
E05015455,Fladbury,,E07000238,Wychavon,,4901
E05015456,Hampton,,E07000238,Wychavon,,4902
E05015457,Hartlebury,,E07000238,Wychavon,,4903
E05015458,Harvington & Norton,,E07000238,Wychavon,,4904
E05015459,"Honeybourne, Pebworth & The Littletons",,E07000238,Wychavon,,4905
E05015460,Inkberrow,,E07000238,Wychavon,,4906
E05015461,North Claines & Salwarpe,,E07000238,Wychavon,,4907
E05015462,Ombersley,,E07000238,Wychavon,,4908
E05015463,Pershore,,E07000238,Wychavon,,4909
E05015464,Pinvin,,E07000238,Wychavon,,4910
E05015465,Upton Snodsbury,,E07000238,Wychavon,,4911
E05010502,Aggborough & Spennells,,E07000239,Wyre Forest,,4912
E05010503,Areley Kings & Riverside,,E07000239,Wyre Forest,,4913
E05010504,Bewdley & Rock,,E07000239,Wyre Forest,,4914
E05010505,Blakebrook & Habberley South,,E07000239,Wyre Forest,,4915
E05010506,Broadwaters,,E07000239,Wyre Forest,,4916
E05010507,Foley Park & Hoobrook,,E07000239,Wyre Forest,,4917
E05010508,Franche & Habberley North,,E07000239,Wyre Forest,,4918
E05010509,Lickhill,,E07000239,Wyre Forest,,4919
E05010510,Mitton,,E07000239,Wyre Forest,,4920
E05010511,Offmore & Comberton,,E07000239,Wyre Forest,,4921
E05010512,Wribbenhall & Arley,,E07000239,Wyre Forest,,4922
E05010513,Wyre Forest Rural,,E07000239,Wyre Forest,,4923
E05013947,Batchwood,,E07000240,St Albans,,4924
E05013948,Bernards Heath,,E07000240,St Albans,,4925
E05013949,Clarence,,E07000240,St Albans,,4926
E05013951,Cunningham,,E07000240,St Albans,,4927
E05015113,Claverdon & Snitterfield,,E07000221,Stratford-on-Avon,,4928
E05015372,Much Hadham,,E07000242,East Hertfordshire,,4929
E05011683,Sidlesham with Selsey North,,E07000225,Chichester,,4930
E05013952,Harpenden East,,E07000240,St Albans,,4931
E05014718,"Cuckfield, Bolney & Ansty",,E07000228,Mid Sussex,,4932
E05015114,"Gaydon, Kineton & Upper Lighthorne",,E07000221,Stratford-on-Avon,,4933
E05015373,Sawbridgeworth,,E07000242,East Hertfordshire,,4934
E05011684,Southbourne,,E07000225,Chichester,,4935
E05007571,St Mary's,,E07000223,Adur,,4936
E05013953,Harpenden North & Rural,,E07000240,St Albans,,4937
E05014719,Downland Villages,,E07000228,Mid Sussex,,4938
E05015115,Harbury,,E07000221,Stratford-on-Avon,,4939
E05015374,The Mundens,,E07000242,East Hertfordshire,,4940
E05011685,The Witterings,,E07000225,Chichester,,4941
E05007572,St Nicolas,,E07000223,Adur,,4942
E05013954,Harpenden South,,E07000240,St Albans,,4943
E05014720,East Grinstead Ashplats,,E07000228,Mid Sussex,,4944
E05015116,Henley-in-Arden,,E07000221,Stratford-on-Avon,,4945
E05015375,Ware Priory,,E07000242,East Hertfordshire,,4946
E05015376,Ware Rural,,E07000242,East Hertfordshire,,4947
E05015377,Ware St Mary's,,E07000242,East Hertfordshire,,4948
E05015378,Ware Trinity,,E07000242,East Hertfordshire,,4949
E05015379,Watton-at-Stone,,E07000242,East Hertfordshire,,4950
E05015624,Almond Hill,,E07000243,Stevenage,,4951
E05015625,Bandley Hill & Poplars,,E07000243,Stevenage,,4952
E05015626,Bedwell,,E07000243,Stevenage,,4953
E05015627,Chells,,E07000243,Stevenage,,4954
E05015628,Longmeadow,,E07000243,Stevenage,,4955
E05015629,Manor,,E07000243,Stevenage,,4956
E05015630,Martins Wood,,E07000243,Stevenage,,4957
E05015631,Old Town,,E07000243,Stevenage,,4958
E05015632,Roebuck,,E07000243,Stevenage,,4959
E05015633,Shephall,,E07000243,Stevenage,,4960
E05015634,St Nicholas,,E07000243,Stevenage,,4961
E05015635,Symonds Green,,E07000243,Stevenage,,4962
E05015636,Woodfield,,E07000243,Stevenage,,4963
E05012735,Beccles & Worlingham,,E07000244,East Suffolk,,4964
E05012736,Bungay & Wainford,,E07000244,East Suffolk,,4965
E05012737,Carlford & Fynn Valley,,E07000244,East Suffolk,,4966
E05012738,Carlton & Whitton,,E07000244,East Suffolk,,4967
E05012739,Carlton Colville,,E07000244,East Suffolk,,4968
E05012740,Deben,,E07000244,East Suffolk,,4969
E05012741,Eastern Felixstowe,,E07000244,East Suffolk,,4970
E05012742,Framlingham,,E07000244,East Suffolk,,4971
E05012743,Gunton & St Margarets,,E07000244,East Suffolk,,4972
E05012744,Halesworth & Blything,,E07000244,East Suffolk,,4973
E05012745,Harbour & Normanston,,E07000244,East Suffolk,,4974
E05012746,Kelsale & Yoxford,,E07000244,East Suffolk,,4975
E05012747,Kesgrave,,E07000244,East Suffolk,,4976
E05012748,Kessingland,,E07000244,East Suffolk,,4977
E05012749,Kirkley & Pakefield,,E07000244,East Suffolk,,4978
E05012750,Lothingland,,E07000244,East Suffolk,,4979
E05012754,Oulton Broad,,E07000244,East Suffolk,,4980
E05012755,Rendlesham & Orford,,E07000244,East Suffolk,,4981
E05012756,Rushmere St Andrew,,E07000244,East Suffolk,,4982
E05012758,Southwold,,E07000244,East Suffolk,,4983
E05012759,Western Felixstowe,,E07000244,East Suffolk,,4984
E05012760,Wickham Market,,E07000244,East Suffolk,,4985
E05012762,"Wrentham, Wangford & Westleton",,E07000244,East Suffolk,,4986
E05015548,Aldeburgh & Leiston,,E07000244,East Suffolk,,4987
E05015549,Martlesham & Purdis Farm,,E07000244,East Suffolk,,4988
E05015550,Melton,,E07000244,East Suffolk,,4989
E05015551,Orwell & Villages,,E07000244,East Suffolk,,4990
E05015552,Saxmundham,,E07000244,East Suffolk,,4991
E05014721,East Grinstead Baldwins,,E07000228,Mid Sussex,,4992
E05015117,Kinwarton,,E07000221,Stratford-on-Avon,,4993
E05007573,Southlands,,E07000223,Adur,,4994
E05014722,East Grinstead Herontye,,E07000228,Mid Sussex,,4995
E05011686,Westbourne,,E07000225,Chichester,,4996
E05015118,Long Marston,,E07000221,Stratford-on-Avon,,4997
E05013955,Harpenden West,,E07000240,St Albans,,4998
E05007574,Southwick Green,,E07000223,Adur,,4999
E05014723,East Grinstead Imberhorne,,E07000228,Mid Sussex,,5000
E05012914,Bewbush & North Broadfield,,E07000226,Crawley,,5001
E05015119,Quinton,,E07000221,Stratford-on-Avon,,5002
E05007575,Widewater,,E07000223,Adur,,5003
E05013956,Hill End,,E07000240,St Albans,,5004
E05014724,East Grinstead Town,,E07000228,Mid Sussex,,5005
E05012915,Broadfield,,E07000226,Crawley,,5006
E05015120,Salford Priors & Alcester Rural,,E07000221,Stratford-on-Avon,,5007
E05009800,Aldwick East,,E07000224,Arun,,5008
E05014725,Handcross & Pease Pottage,,E07000228,Mid Sussex,,5009
E05013957,London Colney,,E07000240,St Albans,,5010
E05012916,Furnace Green,,E07000226,Crawley,,5011
E05015121,Shipston North,,E07000221,Stratford-on-Avon,,5012
E05009801,Aldwick West,,E07000224,Arun,,5013
E05013960,Park Street,,E07000240,St Albans,,5014
E05015122,Shipston South,,E07000221,Stratford-on-Avon,,5015
E05012917,Gossops Green & North East Broadfield,,E07000226,Crawley,,5016
E05014726,Hassocks,,E07000228,Mid Sussex,,5017
E05009802,Angmering & Findon,,E07000224,Arun,,5018
E05013961,Redbourn,,E07000240,St Albans,,5019
E05015123,"Southam East, Central & Stockton",,E07000221,Stratford-on-Avon,,5020
E05012918,Ifield,,E07000226,Crawley,,5021
E05014727,Haywards Heath Ashenground,,E07000228,Mid Sussex,,5022
E05009803,Arundel & Walberton,,E07000224,Arun,,5023
E05013962,Sandridge & Wheathampstead,,E07000240,St Albans,,5024
E05015124,Southam North & Long Itchington,,E07000221,Stratford-on-Avon,,5025
E05012919,Langley Green & Tushmore,,E07000226,Crawley,,5026
E05014728,Haywards Heath Bentswood & Heath,,E07000228,Mid Sussex,,5027
E05009804,Barnham,,E07000224,Arun,,5028
E05013963,Sopwell,,E07000240,St Albans,,5029
E05015125,Southam South,,E07000221,Stratford-on-Avon,,5030
E05012920,Maidenbower,,E07000226,Crawley,,5031
E05014729,Haywards Heath Franklands,,E07000228,Mid Sussex,,5032
E05009805,Beach,,E07000224,Arun,,5033
E05013964,St Peters,,E07000240,St Albans,,5034
E05015126,Southam West,,E07000221,Stratford-on-Avon,,5035
E05012921,Northgate & West Green,,E07000226,Crawley,,5036
E05014730,Haywards Heath Lucastes & Bolnore,,E07000228,Mid Sussex,,5037
E05009806,Bersted,,E07000224,Arun,,5038
E05013965,St Stephen,,E07000240,St Albans,,5039
E05015127,Stratford Avenue,,E07000221,Stratford-on-Avon,,5040
E05012922,Pound Hill North & Forge Wood,,E07000226,Crawley,,5041
E05014731,Haywards Heath North,,E07000228,Mid Sussex,,5042
E05009807,Brookfield,,E07000224,Arun,,5043
E05013966,Verulam,,E07000240,St Albans,,5044
E05015128,Stratford Bishopton,,E07000221,Stratford-on-Avon,,5045
E05012923,Pound Hill South & Worth,,E07000226,Crawley,,5046
E05014732,Hurstpierpoint,,E07000228,Mid Sussex,,5047
E05009808,Courtwick with Toddington,,E07000224,Arun,,5048
E05015801,Marshalswick East & Jersey Farm,,E07000240,St Albans,,5049
E05015129,Stratford Clopton,,E07000221,Stratford-on-Avon,,5050
E05012924,Southgate,,E07000226,Crawley,,5051
E05014733,Lindfield,,E07000228,Mid Sussex,,5052
E05009809,East Preston,,E07000224,Arun,,5053
E05015802,Marshalswick West,,E07000240,St Albans,,5054
E05015130,Stratford Guildhall & Bridgetown,,E07000221,Stratford-on-Avon,,5055
E05012925,Three Bridges,,E07000226,Crawley,,5056
E05014734,Lindfield Rural & High Weald,,E07000228,Mid Sussex,,5057
E05009810,Felpham East,,E07000224,Arun,,5058
E05011058,Brookmans Park and Little Heath,,E07000241,Welwyn Hatfield,,5059
E05015131,Stratford Hathaway,,E07000221,Stratford-on-Avon,,5060
E05012926,Tilgate,,E07000226,Crawley,,5061
E05007694,Broadwater,,E07000229,Worthing,,5062
E05009811,Felpham West,,E07000224,Arun,,5063
E05011059,Haldens,,E07000241,Welwyn Hatfield,,5064
E05015132,Stratford Orchard Hill,,E07000221,Stratford-on-Avon,,5065
E05011812,Billingshurst,,E07000227,Horsham,,5066
E05007695,Castle,,E07000229,Worthing,,5067
E05009812,Ferring,,E07000224,Arun,,5068
E05011060,Handside,,E07000241,Welwyn Hatfield,,5069
E05015133,Stratford Shottery,,E07000221,Stratford-on-Avon,,5070
E05011813,"Bramber, Upper Beeding & Woodmancote",,E07000227,Horsham,,5071
E05007696,Central,,E07000229,Worthing,,5072
E05007697,Durrington,,E07000229,Worthing,,5073
E05007698,Gaisford,,E07000229,Worthing,,5074
E05007699,Goring,,E07000229,Worthing,,5075
E05007700,Heene,,E07000229,Worthing,,5076
E05007701,Marine,,E07000229,Worthing,,5077
E05007702,Northbrook,,E07000229,Worthing,,5078
E05007703,Offington,,E07000229,Worthing,,5079
E05007704,Salvington,,E07000229,Worthing,,5080
E05007705,Selden,,E07000229,Worthing,,5081
E05007706,Tarring,,E07000229,Worthing,,5082
E05009823,Alvechurch South,,E07000234,Bromsgrove,,5083
E05009824,Alvechurch Village,,E07000234,Bromsgrove,,5084
E05009825,Aston Fields,,E07000234,Bromsgrove,,5085
E05009826,Avoncroft,,E07000234,Bromsgrove,,5086
E05009827,Barnt Green & Hopwood,,E07000234,Bromsgrove,,5087
E05009828,Belbroughton & Romsley,,E07000234,Bromsgrove,,5088
E05009829,Bromsgrove Central,,E07000234,Bromsgrove,,5089
E05009830,Catshill North,,E07000234,Bromsgrove,,5090
E05009831,Catshill South,,E07000234,Bromsgrove,,5091
E05009832,Charford,,E07000234,Bromsgrove,,5092
E05009833,Cofton,,E07000234,Bromsgrove,,5093
E05009834,Drakes Cross,,E07000234,Bromsgrove,,5094
E05009835,Hagley East,,E07000234,Bromsgrove,,5095
E05009836,Hagley West,,E07000234,Bromsgrove,,5096
E05009837,Hill Top,,E07000234,Bromsgrove,,5097
E05011814,Broadbridge Heath,,E07000227,Horsham,,5098
E05011815,Colgate & Rusper,,E07000227,Horsham,,5099
E05011816,"Cowfold, Shermanbury & West Grinstead",,E07000227,Horsham,,5100
E05011817,Denne,,E07000227,Horsham,,5101
E05011818,Forest,,E07000227,Horsham,,5102
E05011819,Henfield,,E07000227,Horsham,,5103
E05011820,Holbrook East,,E07000227,Horsham,,5104
E05011821,Holbrook West,,E07000227,Horsham,,5105
E05011822,"Itchingfield, Slinfold & Warnham",,E07000227,Horsham,,5106
E05011823,Nuthurst & Lower Beeding,,E07000227,Horsham,,5107
E05011824,"Pulborough, Coldwaltham & Amberley",,E07000227,Horsham,,5108
E05011825,Roffey North,,E07000227,Horsham,,5109
E05011826,Roffey South,,E07000227,Horsham,,5110
E05011827,Rudgwick,,E07000227,Horsham,,5111
E05011828,Southwater North,,E07000227,Horsham,,5112
E05011829,Southwater South & Shipley,,E07000227,Horsham,,5113
E05011830,Steyning & Ashurst,,E07000227,Horsham,,5114
E05011831,Storrington & Washington,,E07000227,Horsham,,5115
E05011832,Trafalgar,,E07000227,Horsham,,5116
E05011833,"West Chiltington, Thakeham & Ashington",,E07000227,Horsham,,5117
E05014708,"Ardingly, Balcombe & Turners Hill",,E07000228,Mid Sussex,,5118
E05014709,Ashurst Wood & East Grinstead South,,E07000228,Mid Sussex,,5119
E05014710,Burgess Hill Dunstall,,E07000228,Mid Sussex,,5120
E05014711,Burgess Hill Franklands,,E07000228,Mid Sussex,,5121
E05014712,Burgess Hill Leylands,,E07000228,Mid Sussex,,5122
E05011061,Hatfield Central,,E07000241,Welwyn Hatfield,,5123
E05011062,Hatfield East,,E07000241,Welwyn Hatfield,,5124
E05011063,Hatfield South West,,E07000241,Welwyn Hatfield,,5125
E05011064,Hatfield Villages,,E07000241,Welwyn Hatfield,,5126
E05011065,Hollybush,,E07000241,Welwyn Hatfield,,5127
E05011066,Howlands,,E07000241,Welwyn Hatfield,,5128
E05011067,Northaw and Cuffley,,E07000241,Welwyn Hatfield,,5129
E05011068,Panshanger,,E07000241,Welwyn Hatfield,,5130
E05011069,Peartree,,E07000241,Welwyn Hatfield,,5131
E05011070,Sherrards,,E07000241,Welwyn Hatfield,,5132
E05011071,Welham Green and Hatfield South,,E07000241,Welwyn Hatfield,,5133
E05015134,Stratford Tiddington,,E07000221,Stratford-on-Avon,,5134
E05011072,Welwyn East,,E07000241,Welwyn Hatfield,,5135
E05015135,Stratford Welcombe,,E07000221,Stratford-on-Avon,,5136
E05011073,Welwyn West,,E07000241,Welwyn Hatfield,,5137
E05015354,"Aston, Datchworth & Walkern",,E07000242,East Hertfordshire,,5138
E05015355,Bishop's Stortford All Saints,,E07000242,East Hertfordshire,,5139
E05009813,Hotham,,E07000224,Arun,,5140
E05015136,Studley North,,E07000221,Stratford-on-Avon,,5141
E05015356,Bishop's Stortford Central,,E07000242,East Hertfordshire,,5142
E05009814,Marine,,E07000224,Arun,,5143
E05015137,Studley South,,E07000221,Stratford-on-Avon,,5144
E05015357,Bishop's Stortford North,,E07000242,East Hertfordshire,,5145
E05009815,Middleton-on-Sea,,E07000224,Arun,,5146
E05015138,Tanworth-in-Arden,,E07000221,Stratford-on-Avon,,5147
E05015358,Bishop's Stortford Parsonage,,E07000242,East Hertfordshire,,5148
E05009816,Orchard,,E07000224,Arun,,5149
E05015139,Tredington,,E07000221,Stratford-on-Avon,,5150
E05015359,Bishop's Stortford South,,E07000242,East Hertfordshire,,5151
E05009817,Pagham,,E07000224,Arun,,5152
E05015140,Tysoe,,E07000221,Stratford-on-Avon,,5153
E05015360,Bishop's Stortford Thorley Manor,,E07000242,East Hertfordshire,,5154
E05009818,Pevensey,,E07000224,Arun,,5155
E05015141,Welford-on-Avon,,E07000221,Stratford-on-Avon,,5156
E05015361,Braughing & Standon,,E07000242,East Hertfordshire,,5157
E05009819,River,,E07000224,Arun,,5158
E05015142,Wellesbourne East & Rural,,E07000221,Stratford-on-Avon,,5159
E05015362,Buntingford,,E07000242,East Hertfordshire,,5160
E05009820,Rustington East,,E07000224,Arun,,5161
E05015143,Wellesbourne North & Rural,,E07000221,Stratford-on-Avon,,5162
E05015363,Great Amwell & Stansteads,,E07000242,East Hertfordshire,,5163
E05009821,Rustington West,,E07000224,Arun,,5164
E05009822,Yapton,,E07000224,Arun,,5165
E05015144,Wellesbourne South,,E07000221,Stratford-on-Avon,,5166
E05011666,Chichester Central,,E07000225,Chichester,,5167
E05015145,Wootton Wawen,,E07000221,Stratford-on-Avon,,5168
E05015364,Hertford Bengeo,,E07000242,East Hertfordshire,,5169
E05011667,Chichester East,,E07000225,Chichester,,5170
E05012615,Bishop's Tachbrook,,E07000222,Warwick,,5171
E05015365,Hertford Castle,,E07000242,East Hertfordshire,,5172
E05011668,Chichester North,,E07000225,Chichester,,5173
E05012616,Budbrooke,,E07000222,Warwick,,5174
E05015366,Hertford Heath & Brickendon,,E07000242,East Hertfordshire,,5175
E05011669,Chichester South,,E07000225,Chichester,,5176
E05012617,Cubbington & Leek Wootton,,E07000222,Warwick,,5177
E05015367,Hertford Kingsmead,,E07000242,East Hertfordshire,,5178
E05011670,Chichester West,,E07000225,Chichester,,5179
E05012618,Kenilworth Abbey & Arden,,E07000222,Warwick,,5180
E05015368,Hertford Rural,,E07000242,East Hertfordshire,,5181
E05011671,Easebourne,,E07000225,Chichester,,5182
E05012619,Kenilworth Park Hill,,E07000222,Warwick,,5183
E05015369,Hertford Sele,,E07000242,East Hertfordshire,,5184
E05011672,Fernhurst,,E07000225,Chichester,,5185
E05012620,Kenilworth St John's,,E07000222,Warwick,,5186
E05015370,Hunsdon,,E07000242,East Hertfordshire,,5187
E05011673,Fittleworth,,E07000225,Chichester,,5188
E05012621,Leamington Brunswick,,E07000222,Warwick,,5189
E05011674,Goodwood,,E07000225,Chichester,,5190
E05012622,Leamington Clarendon,,E07000222,Warwick,,5191
E05011675,Harbour Villages,,E07000225,Chichester,,5192
E05012623,Leamington Lillington,,E07000222,Warwick,,5193
E05011676,Harting,,E07000225,Chichester,,5194
E05012624,Leamington Milverton,,E07000222,Warwick,,5195
E05012625,Leamington Willes,,E07000222,Warwick,,5196
E05012626,Radford Semele,,E07000222,Warwick,,5197
E05012627,Warwick All Saints & Woodloes,,E07000222,Warwick,,5198
E05012628,Warwick Aylesford,,E07000222,Warwick,,5199
E05012629,Warwick Myton & Heathcote,,E07000222,Warwick,,5200
E05015005,Orrell,,E08000010,Wigan,,5201
E05015006,Pemberton,,E08000010,Wigan,,5202
E05015007,Shevington with Lower Ground & Moor,,E08000010,Wigan,,5203
E05015008,Standish with Langtree,,E08000010,Wigan,,5204
E05015009,Tyldesley & Mosley Common,,E08000010,Wigan,,5205
E05015010,Wigan Central,,E08000010,Wigan,,5206
E05015011,Wigan West,,E08000010,Wigan,,5207
E05015012,Winstanley,,E08000010,Wigan,,5208
E05015553,Woodbridge,,E07000244,East Suffolk,,5209
E05015013,Worsley Mesnes,,E08000010,Wigan,,5210
E05010935,Cherryfield,,E08000011,Knowsley,,5211
E05010936,Halewood North,,E08000011,Knowsley,,5212
E05012763,Abbeygate,,E07000245,West Suffolk,,5213
E05010937,Halewood South,,E08000011,Knowsley,,5214
E05012764,Bardwell,,E07000245,West Suffolk,,5215
E05010938,Northwood,,E08000011,Knowsley,,5216
E05012765,Barningham,,E07000245,West Suffolk,,5217
E05010939,Page Moss,,E08000011,Knowsley,,5218
E05014050,"Wardle, Shore & West Littleborough",,E08000005,Rochdale,,5219
E05012766,Barrow,,E07000245,West Suffolk,,5220
E05010940,Prescot North,,E08000011,Knowsley,,5221
E05012767,Brandon Central,,E07000245,West Suffolk,,5222
E05010941,Prescot South,,E08000011,Knowsley,,5223
E05012768,Brandon East,,E07000245,West Suffolk,,5224
E05011369,Levenshulme,,E08000003,Manchester,,5225
E05014051,West Heywood,,E08000005,Rochdale,,5226
E05010942,Roby,,E08000011,Knowsley,,5227
E05012769,Brandon West,,E07000245,West Suffolk,,5228
E05014824,Great Lever,,E08000001,Bolton,,5229
E05014525,Denton West,,E08000008,Tameside,,5230
E05011370,Longsight,,E08000003,Manchester,,5231
E05011371,Miles Platting & Newton Heath,,E08000003,Manchester,,5232
E05011372,Moss Side,,E08000003,Manchester,,5233
E05011373,Moston,,E08000003,Manchester,,5234
E05011374,Northenden,,E08000003,Manchester,,5235
E05011375,Old Moat,,E08000003,Manchester,,5236
E05011376,Piccadilly,,E08000003,Manchester,,5237
E05011377,Rusholme,,E08000003,Manchester,,5238
E05011378,Sharston,,E08000003,Manchester,,5239
E05011379,Whalley Range,,E08000003,Manchester,,5240
E05011380,Withington,,E08000003,Manchester,,5241
E05011381,Woodhouse Park,,E08000003,Manchester,,5242
E05014646,Alexandra,,E08000004,Oldham,,5243
E05014647,Chadderton Central,,E08000004,Oldham,,5244
E05014648,Chadderton North,,E08000004,Oldham,,5245
E05014649,Chadderton South,,E08000004,Oldham,,5246
E05014650,Coldhurst,,E08000004,Oldham,,5247
E05014651,Crompton,,E08000004,Oldham,,5248
E05014652,Failsworth East,,E08000004,Oldham,,5249
E05014653,Failsworth West,,E08000004,Oldham,,5250
E05014654,Hollinwood,,E08000004,Oldham,,5251
E05014655,Medlock Vale,,E08000004,Oldham,,5252
E05014656,Royton North,,E08000004,Oldham,,5253
E05014657,Royton South,,E08000004,Oldham,,5254
E05014658,Saddleworth North,,E08000004,Oldham,,5255
E05014659,Saddleworth South,,E08000004,Oldham,,5256
E05014660,Saddleworth West & Lees,,E08000004,Oldham,,5257
E05014661,Shaw,,E08000004,Oldham,,5258
E05014662,St James',,E08000004,Oldham,,5259
E05014663,St Mary's,,E08000004,Oldham,,5260
E05014664,Waterhead,,E08000004,Oldham,,5261
E05014665,Werneth,,E08000004,Oldham,,5262
E05014033,Balderstone & Kirkholt,,E08000005,Rochdale,,5263
E05014034,Bamford,,E08000005,Rochdale,,5264
E05014035,Castleton,,E08000005,Rochdale,,5265
E05014036,Central Rochdale,,E08000005,Rochdale,,5266
E05014037,East Middleton,,E08000005,Rochdale,,5267
E05014038,Healey,,E08000005,Rochdale,,5268
E05014039,Hopwood Hall,,E08000005,Rochdale,,5269
E05014040,Kingsway,,E08000005,Rochdale,,5270
E05014041,Littleborough Lakeside,,E08000005,Rochdale,,5271
E05014042,Milkstone & Deeplish,,E08000005,Rochdale,,5272
E05014043,Milnrow & Newhey,,E08000005,Rochdale,,5273
E05014044,Norden,,E08000005,Rochdale,,5274
E05014045,North Heywood,,E08000005,Rochdale,,5275
E05014046,North Middleton,,E08000005,Rochdale,,5276
E05014047,Smallbridge & Firgrove,,E08000005,Rochdale,,5277
E05014048,South Middleton,,E08000005,Rochdale,,5278
E05014049,Spotland & Falinge,,E08000005,Rochdale,,5279
E05014132,St Helens Town Centre,,E08000013,St. Helens,,5280
E05015303,Festival Gardens,,E08000012,Liverpool,,5281
E05012770,Chedburgh & Chevington,,E07000245,West Suffolk,,5282
E05014052,West Middleton,,E08000005,Rochdale,,5283
E05014133,Sutton North West,,E08000013,St. Helens,,5284
E05014526,Droylsden East,,E08000008,Tameside,,5285
E05012771,"Clare, Hundon & Kedington",,E07000245,West Suffolk,,5286
E05010943,Shevington,,E08000011,Knowsley,,5287
E05013018,Barton & Winton,,E08000006,Salford,,5288
E05014825,Halliwell,,E08000001,Bolton,,5289
E05014134,Sutton South East,,E08000013,St. Helens,,5290
E05014527,Droylsden West,,E08000008,Tameside,,5291
E05012772,Eastgate,,E07000245,West Suffolk,,5292
E05015304,Garston,,E08000012,Liverpool,,5293
E05010944,St Gabriels,,E08000011,Knowsley,,5294
E05013019,Blackfriars & Trinity,,E08000006,Salford,,5295
E05014826,"Heaton, Lostock & Chew Moor",,E08000001,Bolton,,5296
E05014135,Thatto Heath,,E08000013,St. Helens,,5297
E05014528,Dukinfield,,E08000008,Tameside,,5298
E05012773,Exning,,E07000245,West Suffolk,,5299
E05015305,Gateacre,,E08000012,Liverpool,,5300
E05010945,St Michaels,,E08000011,Knowsley,,5301
E05010946,Stockbridge,,E08000011,Knowsley,,5302
E05010947,Swanside,,E08000011,Knowsley,,5303
E05010948,Whiston and Cronton,,E08000011,Knowsley,,5304
E05010949,Whitefield,,E08000011,Knowsley,,5305
E05015277,Aigburth,,E08000012,Liverpool,,5306
E05015278,Allerton,,E08000012,Liverpool,,5307
E05015279,Anfield,,E08000012,Liverpool,,5308
E05015280,Arundel,,E08000012,Liverpool,,5309
E05015281,Belle Vale,,E08000012,Liverpool,,5310
E05015282,Broadgreen,,E08000012,Liverpool,,5311
E05015283,Brownlow Hill,,E08000012,Liverpool,,5312
E05015284,Calderstones,,E08000012,Liverpool,,5313
E05015285,Canning,,E08000012,Liverpool,,5314
E05015286,Childwall,,E08000012,Liverpool,,5315
E05015287,Church,,E08000012,Liverpool,,5316
E05015288,City Centre North,,E08000012,Liverpool,,5317
E05015289,City Centre South,,E08000012,Liverpool,,5318
E05015290,Clubmoor East,,E08000012,Liverpool,,5319
E05015291,Clubmoor West,,E08000012,Liverpool,,5320
E05015292,County,,E08000012,Liverpool,,5321
E05015293,Croxteth,,E08000012,Liverpool,,5322
E05015294,Croxteth Country Park,,E08000012,Liverpool,,5323
E05015295,Dingle,,E08000012,Liverpool,,5324
E05015296,Edge Hill,,E08000012,Liverpool,,5325
E05015297,Everton East,,E08000012,Liverpool,,5326
E05015298,Everton North,,E08000012,Liverpool,,5327
E05015299,Everton West,,E08000012,Liverpool,,5328
E05015300,Fazakerley East,,E08000012,Liverpool,,5329
E05015301,Fazakerley North,,E08000012,Liverpool,,5330
E05015302,Fazakerley West,,E08000012,Liverpool,,5331
E05014529,Dukinfield Stalybridge,,E08000008,Tameside,,5332
E05012774,Haverhill Central,,E07000245,West Suffolk,,5333
E05015306,Grassendale & Cressington,,E08000012,Liverpool,,5334
E05014530,Hyde Godley,,E08000008,Tameside,,5335
E05014827,Horwich North,,E08000001,Bolton,,5336
E05012775,Haverhill East,,E07000245,West Suffolk,,5337
E05015307,Greenbank Park,,E08000012,Liverpool,,5338
E05014136,West Park,,E08000013,St. Helens,,5339
E05014531,Hyde Newton,,E08000008,Tameside,,5340
E05014828,Horwich South & Blackrod,,E08000001,Bolton,,5341
E05013020,Boothstown & Ellenbrook,,E08000006,Salford,,5342
E05012776,Haverhill North,,E07000245,West Suffolk,,5343
E05015308,Kensington & Fairfield,,E08000012,Liverpool,,5344
E05014137,Windle,,E08000013,St. Helens,,5345
E05014532,Hyde Werneth,,E08000008,Tameside,,5346
E05014829,Hulton,,E08000001,Bolton,,5347
E05013021,Broughton,,E08000006,Salford,,5348
E05012777,Haverhill South,,E07000245,West Suffolk,,5349
E05015309,Kirkdale East,,E08000012,Liverpool,,5350
E05000932,Ainsdale,,E08000014,Sefton,,5351
E05014533,Longdendale,,E08000008,Tameside,,5352
E05014830,Kearsley,,E08000001,Bolton,,5353
E05013022,Cadishead & Lower Irlam,,E08000006,Salford,,5354
E05012778,Haverhill South East,,E07000245,West Suffolk,,5355
E05015310,Kirkdale West,,E08000012,Liverpool,,5356
E05000933,Birkdale,,E08000014,Sefton,,5357
E05014534,Mossley,,E08000008,Tameside,,5358
E05014831,Little Lever & Darcy Lever,,E08000001,Bolton,,5359
E05013023,Claremont,,E08000006,Salford,,5360
E05012779,Haverhill West,,E07000245,West Suffolk,,5361
E05015311,Knotty Ash & Dovecot Park,,E08000012,Liverpool,,5362
E05000934,Blundellsands,,E08000014,Sefton,,5363
E05014535,St Peter's,,E08000008,Tameside,,5364
E05014832,Queens Park & Central,,E08000001,Bolton,,5365
E05013024,Eccles,,E08000006,Salford,,5366
E05012780,Horringer,,E07000245,West Suffolk,,5367
E05015312,Mossley Hill,,E08000012,Liverpool,,5368
E05015313,Much Woolton & Hunts Cross,,E08000012,Liverpool,,5369
E05015314,Norris Green,,E08000012,Liverpool,,5370
E05015315,Old Swan East,,E08000012,Liverpool,,5371
E05015316,Old Swan West,,E08000012,Liverpool,,5372
E05015317,Orrell Park,,E08000012,Liverpool,,5373
E05015318,Penny Lane,,E08000012,Liverpool,,5374
E05015319,Princes Park,,E08000012,Liverpool,,5375
E05015320,Sandfield Park,,E08000012,Liverpool,,5376
E05015321,Sefton Park,,E08000012,Liverpool,,5377
E05015322,Smithdown,,E08000012,Liverpool,,5378
E05015323,Speke,,E08000012,Liverpool,,5379
E05015324,Springwood,,E08000012,Liverpool,,5380
E05015325,St Michaels,,E08000012,Liverpool,,5381
E05015326,Stoneycroft,,E08000012,Liverpool,,5382
E05015327,Toxteth,,E08000012,Liverpool,,5383
E05015328,Tuebrook Breckside Park,,E08000012,Liverpool,,5384
E05015329,Tuebrook Larkhill,,E08000012,Liverpool,,5385
E05015330,Vauxhall,,E08000012,Liverpool,,5386
E05015331,Walton,,E08000012,Liverpool,,5387
E05015332,Waterfront North,,E08000012,Liverpool,,5388
E05015333,Waterfront South,,E08000012,Liverpool,,5389
E05015334,Wavertree Garden Suburb,,E08000012,Liverpool,,5390
E05015335,Wavertree Village,,E08000012,Liverpool,,5391
E05015336,West Derby Deysbrook,,E08000012,Liverpool,,5392
E05015337,West Derby Leyfield,,E08000012,Liverpool,,5393
E05015338,West Derby Muirhead,,E08000012,Liverpool,,5394
E05015339,Woolton Village,,E08000012,Liverpool,,5395
E05015340,Yew Tree,,E08000012,Liverpool,,5396
E05014120,Billinge & Seneley Green,,E08000013,St. Helens,,5397
E05014121,Blackbrook,,E08000013,St. Helens,,5398
E05014122,Bold & Lea Green,,E08000013,St. Helens,,5399
E05014123,Eccleston,,E08000013,St. Helens,,5400
E05014124,Haydock,,E08000013,St. Helens,,5401
E05014125,Moss Bank,,E08000013,St. Helens,,5402
E05014126,Newton-le-Willows East,,E08000013,St. Helens,,5403
E05014127,Newton-le-Willows West,,E08000013,St. Helens,,5404
E05014128,Parr,,E08000013,St. Helens,,5405
E05014129,Peasley Cross & Fingerpost,,E08000013,St. Helens,,5406
E05014130,Rainford,,E08000013,St. Helens,,5407
E05014131,Rainhill,,E08000013,St. Helens,,5408
E05000935,Cambridge,,E08000014,Sefton,,5409
E05013025,Higher Irlam & Peel Green,,E08000006,Salford,,5410
E05014536,Stalybridge North,,E08000008,Tameside,,5411
E05014833,Rumworth,,E08000001,Bolton,,5412
E05012782,Ixworth,,E07000245,West Suffolk,,5413
E05000936,Church,,E08000014,Sefton,,5414
E05013026,Kersal & Broughton Park,,E08000006,Salford,,5415
E05014537,Stalybridge South,,E08000008,Tameside,,5416
E05014834,Smithills,,E08000001,Bolton,,5417
E05012783,Kentford & Moulton,,E07000245,West Suffolk,,5418
E05000937,Derby,,E08000014,Sefton,,5419
E05013027,Little Hulton,,E08000006,Salford,,5420
E05015239,Altrincham,,E08000009,Trafford,,5421
E05014835,Tonge with the Haulgh,,E08000001,Bolton,,5422
E05012784,Lakenheath,,E07000245,West Suffolk,,5423
E05000938,Duke's,,E08000014,Sefton,,5424
E05013028,Ordsall,,E08000006,Salford,,5425
E05015240,Ashton upon Mersey,,E08000009,Trafford,,5426
E05014836,Westhoughton North & Hunger Hill,,E08000001,Bolton,,5427
E05012786,Mildenhall Great Heath,,E07000245,West Suffolk,,5428
E05000939,Ford,,E08000014,Sefton,,5429
E05013029,Pendlebury & Clifton,,E08000006,Salford,,5430
E05015241,Bowdon,,E08000009,Trafford,,5431
E05014837,Westhoughton South,,E08000001,Bolton,,5432
E05012787,Mildenhall Kingsway & Market,,E07000245,West Suffolk,,5433
E05000940,Harington,,E08000014,Sefton,,5434
E05000941,Kew,,E08000014,Sefton,,5435
E05000942,Linacre,,E08000014,Sefton,,5436
E05000943,Litherland,,E08000014,Sefton,,5437
E05000944,Manor,,E08000014,Sefton,,5438
E05000945,Meols,,E08000014,Sefton,,5439
E05000946,Molyneux,,E08000014,Sefton,,5440
E05000947,Netherton and Orrell,,E08000014,Sefton,,5441
E05000948,Norwood,,E08000014,Sefton,,5442
E05000949,Park,,E08000014,Sefton,,5443
E05000950,Ravenmeols,,E08000014,Sefton,,5444
E05000951,St Oswald,,E08000014,Sefton,,5445
E05000952,Sudell,,E08000014,Sefton,,5446
E05000953,Victoria,,E08000014,Sefton,,5447
E05000954,Bebington,,E08000015,Wirral,,5448
E05000955,Bidston and St James,,E08000015,Wirral,,5449
E05000956,Birkenhead and Tranmere,,E08000015,Wirral,,5450
E05000957,Bromborough,,E08000015,Wirral,,5451
E05000958,Clatterbridge,,E08000015,Wirral,,5452
E05000959,Claughton,,E08000015,Wirral,,5453
E05000960,Eastham,,E08000015,Wirral,,5454
E05000961,"Greasby, Frankby and Irby",,E08000015,Wirral,,5455
E05000962,Heswall,,E08000015,Wirral,,5456
E05000963,Hoylake and Meols,,E08000015,Wirral,,5457
E05000964,Leasowe and Moreton East,,E08000015,Wirral,,5458
E05000965,Liscard,,E08000015,Wirral,,5459
E05000966,Moreton West and Saughall Massie,,E08000015,Wirral,,5460
E05000967,New Brighton,,E08000015,Wirral,,5461
E05000968,Oxton,,E08000015,Wirral,,5462
E05000969,Pensby and Thingwall,,E08000015,Wirral,,5463
E05000970,Prenton,,E08000015,Wirral,,5464
E05000971,Rock Ferry,,E08000015,Wirral,,5465
E05000972,Seacombe,,E08000015,Wirral,,5466
E05000973,Upton,,E08000015,Wirral,,5467
E05000974,Wallasey,,E08000015,Wirral,,5468
E05000975,West Kirby and Thurstaston,,E08000015,Wirral,,5469
E05014152,Besses,,E08000002,Bury,,5470
E05012788,Mildenhall Queensway,,E07000245,West Suffolk,,5471
E05014153,Bury East,,E08000002,Bury,,5472
E05012789,Minden,,E07000245,West Suffolk,,5473
E05014154,Bury West,,E08000002,Bury,,5474
E05012791,Newmarket East,,E07000245,West Suffolk,,5475
E05013030,Pendleton & Charlestown,,E08000006,Salford,,5476
E05014155,Elton,,E08000002,Bury,,5477
E05015242,Broadheath,,E08000009,Trafford,,5478
E05012792,Newmarket North,,E07000245,West Suffolk,,5479
E05013031,Quays,,E08000006,Salford,,5480
E05014156,Holyrood,,E08000002,Bury,,5481
E05015243,Brooklands,,E08000009,Trafford,,5482
E05012793,Newmarket West,,E07000245,West Suffolk,,5483
E05013032,Swinton & Wardley,,E08000006,Salford,,5484
E05014157,Moorside,,E08000002,Bury,,5485
E05015244,Bucklow-St Martins,,E08000009,Trafford,,5486
E05012794,Pakenham & Troston,,E07000245,West Suffolk,,5487
E05013033,Swinton Park,,E08000006,Salford,,5488
E05014158,North Manor,,E08000002,Bury,,5489
E05015245,Davyhulme,,E08000009,Trafford,,5490
E05012795,Risby,,E07000245,West Suffolk,,5491
E05013034,Walkden North,,E08000006,Salford,,5492
E05014159,Pilkington Park,,E08000002,Bury,,5493
E05015246,Flixton,,E08000009,Trafford,,5494
E05012797,St Olaves,,E07000245,West Suffolk,,5495
E05013035,Walkden South,,E08000006,Salford,,5496
E05014160,Radcliffe East,,E08000002,Bury,,5497
E05015247,Gorse Hill & Cornbrook,,E08000009,Trafford,,5498
E05012798,Southgate,,E07000245,West Suffolk,,5499
E05013036,Weaste & Seedley,,E08000006,Salford,,5500
E05014161,Radcliffe North & Ainsworth,,E08000002,Bury,,5501
E05015248,Hale,,E08000009,Trafford,,5502
E05012799,Stanton,,E07000245,West Suffolk,,5503
E05015249,Hale Barns & Timperley South,,E08000009,Trafford,,5504
E05013037,Worsley & Westwood Park,,E08000006,Salford,,5505
E05015014,Bramhall North,,E08000007,Stockport,,5506
E05015250,Longford,,E08000009,Trafford,,5507
E05012800,The Fornhams & Great Barton,,E07000245,West Suffolk,,5508
E05015251,Lostock & Barton,,E08000009,Trafford,,5509
E05015015,Bramhall South & Woodford,,E08000007,Stockport,,5510
E05014162,Radcliffe West,,E08000002,Bury,,5511
E05014163,Ramsbottom,,E08000002,Bury,,5512
E05014164,Redvales,,E08000002,Bury,,5513
E05014165,Sedgley,,E08000002,Bury,,5514
E05014166,St. Mary's,,E08000002,Bury,,5515
E05014167,Tottington,,E08000002,Bury,,5516
E05012801,The Rows,,E07000245,West Suffolk,,5517
E05014168,Unsworth,,E08000002,Bury,,5518
E05015016,Bredbury & Woodley,,E08000007,Stockport,,5519
E05012802,Tollgate,,E07000245,West Suffolk,,5520
E05011350,Ancoats & Beswick,,E08000003,Manchester,,5521
E05015017,Bredbury Green & Romiley,,E08000007,Stockport,,5522
E05015252,Manor,,E08000009,Trafford,,5523
E05012803,Westgate,,E07000245,West Suffolk,,5524
E05011351,Ardwick,,E08000003,Manchester,,5525
E05015018,Brinnington & Stockport Central,,E08000007,Stockport,,5526
E05015253,Old Trafford,,E08000009,Trafford,,5527
E05012804,Whepstead & Wickhambrook,,E07000245,West Suffolk,,5528
E05011352,Baguley,,E08000003,Manchester,,5529
E05015019,Cheadle East & Cheadle Hulme North,,E08000007,Stockport,,5530
E05015254,Sale Central,,E08000009,Trafford,,5531
E05012805,Withersfield,,E07000245,West Suffolk,,5532
E05011353,Brooklands,,E08000003,Manchester,,5533
E05015020,Cheadle Hulme South,,E08000007,Stockport,,5534
E05015255,Sale Moor,,E08000009,Trafford,,5535
E05015577,Iceni,,E07000245,West Suffolk,,5536
E05011354,Burnage,,E08000003,Manchester,,5537
E05015021,Cheadle West & Gatley,,E08000007,Stockport,,5538
E05015256,Stretford & Humphrey Park,,E08000009,Trafford,,5539
E05015578,Manor,,E07000245,West Suffolk,,5540
E05011355,Charlestown,,E08000003,Manchester,,5541
E05015022,Davenport & Cale Green,,E08000007,Stockport,,5542
E05015257,Timperley Central,,E08000009,Trafford,,5543
E05015579,Moreton Hall,,E07000245,West Suffolk,,5544
E05011356,Cheetham,,E08000003,Manchester,,5545
E05015023,Edgeley,,E08000007,Stockport,,5546
E05015258,Timperley North,,E08000009,Trafford,,5547
E05015580,Rougham,,E07000245,West Suffolk,,5548
E05011357,Chorlton,,E08000003,Manchester,,5549
E05015024,Hazel Grove,,E08000007,Stockport,,5550
E05015259,Urmston,,E08000009,Trafford,,5551
E05014818,Astley Bridge,,E08000001,Bolton,,5552
E05011358,Chorlton Park,,E08000003,Manchester,,5553
E05015025,Heald Green,,E08000007,Stockport,,5554
E05014989,Abram,,E08000010,Wigan,,5555
E05014819,Bradshaw,,E08000001,Bolton,,5556
E05011359,Clayton & Openshaw,,E08000003,Manchester,,5557
E05015026,Heatons North,,E08000007,Stockport,,5558
E05014990,Ashton-in-Makerfield South,,E08000010,Wigan,,5559
E05014820,Breightmet,,E08000001,Bolton,,5560
E05011360,Crumpsall,,E08000003,Manchester,,5561
E05015027,Heatons South,,E08000007,Stockport,,5562
E05014991,"Aspull, New Springs & Whelley",,E08000010,Wigan,,5563
E05014821,Bromley Cross,,E08000001,Bolton,,5564
E05011361,Deansgate,,E08000003,Manchester,,5565
E05015028,Manor,,E08000007,Stockport,,5566
E05014992,Astley,,E08000010,Wigan,,5567
E05014822,Farnworth North,,E08000001,Bolton,,5568
E05011362,Didsbury East,,E08000003,Manchester,,5569
E05014993,Atherton North,,E08000010,Wigan,,5570
E05015029,Marple North,,E08000007,Stockport,,5571
E05014994,Atherton South & Lilford,,E08000010,Wigan,,5572
E05014823,Farnworth South,,E08000001,Bolton,,5573
E05015030,Marple South & High Lane,,E08000007,Stockport,,5574
E05011363,Didsbury West,,E08000003,Manchester,,5575
E05011364,Fallowfield,,E08000003,Manchester,,5576
E05015031,Norbury & Woodsmoor,,E08000007,Stockport,,5577
E05011365,Gorton & Abbey Hey,,E08000003,Manchester,,5578
E05015032,Offerton,,E08000007,Stockport,,5579
E05011366,Harpurhey,,E08000003,Manchester,,5580
E05015033,Reddish North,,E08000007,Stockport,,5581
E05011367,Higher Blackley,,E08000003,Manchester,,5582
E05015034,Reddish South,,E08000007,Stockport,,5583
E05011368,Hulme,,E08000003,Manchester,,5584
E05014519,Ashton Hurst,,E08000008,Tameside,,5585
E05014520,Ashton St Michael's,,E08000008,Tameside,,5586
E05014521,Ashton Waterloo,,E08000008,Tameside,,5587
E05014522,Audenshaw,,E08000008,Tameside,,5588
E05014523,Denton North East,,E08000008,Tameside,,5589
E05014524,Denton South,,E08000008,Tameside,,5590
E05014995,Bryn with Ashton-in-Makerfield North,,E08000010,Wigan,,5591
E05014996,Douglas,,E08000010,Wigan,,5592
E05014997,Golborne & Lowton West,,E08000010,Wigan,,5593
E05014998,Hindley,,E08000010,Wigan,,5594
E05014999,Hindley Green,,E08000010,Wigan,,5595
E05015000,Ince,,E08000010,Wigan,,5596
E05015001,Leigh Central & Higher Folds,,E08000010,Wigan,,5597
E05015002,Leigh South,,E08000010,Wigan,,5598
E05015003,Leigh West,,E08000010,Wigan,,5599
E05015004,Lowton East,,E08000010,Wigan,,5600
E05011183,Ward End,,E08000025,Birmingham,,5601
E05011184,Weoley & Selly Oak,,E08000025,Birmingham,,5602
E05011185,Yardley East,,E08000025,Birmingham,,5603
E05011186,Yardley West & Stechford,,E08000025,Birmingham,,5604
E05001218,Bablake,,E08000026,Coventry,,5605
E05001219,Binley and Willenhall,,E08000026,Coventry,,5606
E05001220,Cheylesmore,,E08000026,Coventry,,5607
E05001221,Earlsdon,,E08000026,Coventry,,5608
E05001222,Foleshill,,E08000026,Coventry,,5609
E05001223,Henley,,E08000026,Coventry,,5610
E05001224,Holbrook,,E08000026,Coventry,,5611
E05001225,Longford,,E08000026,Coventry,,5612
E05001226,Lower Stoke,,E08000026,Coventry,,5613
E05001314,Pleck,,E08000030,Walsall,,5614
E05001227,Radford,,E08000026,Coventry,,5615
E05001228,St Michael's,,E08000026,Coventry,,5616
E05001229,Sherbourne,,E08000026,Coventry,,5617
E05001315,Rushall-Shelfield,,E08000030,Walsall,,5618
E05001364,Toller,,E08000032,Bradford,,5619
E05001230,Upper Stoke,,E08000026,Coventry,,5620
E05001316,St Matthew's,,E08000030,Walsall,,5621
E05001365,Tong,,E08000032,Bradford,,5622
E05001231,Wainbody,,E08000026,Coventry,,5623
E05011440,Callerton & Throckley,,E08000021,Newcastle upon Tyne,,5624
E05011133,Druids Heath & Monyhull,,E08000025,Birmingham,,5625
E05010728,Adwick le Street & Carcroft,,E08000017,Doncaster,,5626
E05001317,Short Heath,,E08000030,Walsall,,5627
E05001264,Cradley Heath and Old Hill,,E08000028,Sandwell,,5628
E05001366,Wharfedale,,E08000032,Bradford,,5629
E05001232,Westwood,,E08000026,Coventry,,5630
E05001143,Hebburn North,,E08000023,South Tyneside,,5631
E05011441,Castle,,E08000021,Newcastle upon Tyne,,5632
E05011134,Edgbaston,,E08000025,Birmingham,,5633
E05010729,Armthorpe,,E08000017,Doncaster,,5634
E05001318,Streetly,,E08000030,Walsall,,5635
E05001265,Friar Park,,E08000028,Sandwell,,5636
E05001367,Wibsey,,E08000032,Bradford,,5637
E05001233,Whoberley,,E08000026,Coventry,,5638
E05001144,Hebburn South,,E08000023,South Tyneside,,5639
E05011442,Chapel,,E08000021,Newcastle upon Tyne,,5640
E05011135,Erdington,,E08000025,Birmingham,,5641
E05010730,Balby South,,E08000017,Doncaster,,5642
E05010731,Bentley,,E08000017,Doncaster,,5643
E05010732,Bessacarr,,E08000017,Doncaster,,5644
E05010733,Conisbrough,,E08000017,Doncaster,,5645
E05010734,Edenthorpe & Kirk Sandall,,E08000017,Doncaster,,5646
E05010735,Edlington & Warmsworth,,E08000017,Doncaster,,5647
E05010736,Finningley,,E08000017,Doncaster,,5648
E05010737,Hatfield,,E08000017,Doncaster,,5649
E05010738,Hexthorpe & Balby North,,E08000017,Doncaster,,5650
E05010739,Mexborough,,E08000017,Doncaster,,5651
E05010740,Norton & Askern,,E08000017,Doncaster,,5652
E05010741,Roman Ridge,,E08000017,Doncaster,,5653
E05010742,Rossington & Bawtry,,E08000017,Doncaster,,5654
E05010743,Sprotbrough,,E08000017,Doncaster,,5655
E05010744,Stainforth & Barnby Dun,,E08000017,Doncaster,,5656
E05010745,Thorne & Moorends,,E08000017,Doncaster,,5657
E05010746,Tickhill & Wadsworth,,E08000017,Doncaster,,5658
E05010747,Town,,E08000017,Doncaster,,5659
E05010748,Wheatley Hills & Intake,,E08000017,Doncaster,,5660
E05012993,Anston & Woodsetts,,E08000018,Rotherham,,5661
E05012994,Aston & Todwick,,E08000018,Rotherham,,5662
E05012995,Aughton & Swallownest,,E08000018,Rotherham,,5663
E05012996,Boston Castle,,E08000018,Rotherham,,5664
E05012997,Bramley & Ravenfield,,E08000018,Rotherham,,5665
E05012998,Brinsworth,,E08000018,Rotherham,,5666
E05012999,Dalton & Thrybergh,,E08000018,Rotherham,,5667
E05013000,Dinnington,,E08000018,Rotherham,,5668
E05013001,Greasbrough,,E08000018,Rotherham,,5669
E05013002,Hellaby & Maltby West,,E08000018,Rotherham,,5670
E05013003,Hoober,,E08000018,Rotherham,,5671
E05013004,Keppel,,E08000018,Rotherham,,5672
E05013005,Kilnhurst & Swinton East,,E08000018,Rotherham,,5673
E05013006,Maltby East,,E08000018,Rotherham,,5674
E05013007,Rawmarsh East,,E08000018,Rotherham,,5675
E05013008,Rawmarsh West,,E08000018,Rotherham,,5676
E05013009,Rother Vale,,E08000018,Rotherham,,5677
E05013010,Rotherham East,,E08000018,Rotherham,,5678
E05013011,Rotherham West,,E08000018,Rotherham,,5679
E05013012,Sitwell,,E08000018,Rotherham,,5680
E05013013,Swinton Rockingham,,E08000018,Rotherham,,5681
E05013014,Thurcroft & Wickersley South,,E08000018,Rotherham,,5682
E05013015,Wales,,E08000018,Rotherham,,5683
E05013016,Wath,,E08000018,Rotherham,,5684
E05013017,Wickersley North,,E08000018,Rotherham,,5685
E05011436,Arthur's Hill,,E08000021,Newcastle upon Tyne,,5686
E05011437,Benwell & Scotswood,,E08000021,Newcastle upon Tyne,,5687
E05011438,Blakelaw,,E08000021,Newcastle upon Tyne,,5688
E05011439,Byker,,E08000021,Newcastle upon Tyne,,5689
E05001368,Windhill and Wrose,,E08000032,Bradford,,5690
E05001266,Great Barr with Yew Tree,,E08000028,Sandwell,,5691
E05011136,Frankley Great Park,,E08000025,Birmingham,,5692
E05001319,Willenhall North,,E08000030,Walsall,,5693
E05001369,Worth Valley,,E08000032,Bradford,,5694
E05011443,Dene & South Gosforth,,E08000021,Newcastle upon Tyne,,5695
E05001145,Horsley Hill,,E08000023,South Tyneside,,5696
E05001234,Woodlands,,E08000026,Coventry,,5697
E05001267,Great Bridge,,E08000028,Sandwell,,5698
E05011137,Garretts Green,,E08000025,Birmingham,,5699
E05001320,Willenhall South,,E08000030,Walsall,,5700
E05001370,Wyke,,E08000032,Bradford,,5701
E05011444,Denton & Westerhope,,E08000021,Newcastle upon Tyne,,5702
E05001146,Monkton,,E08000023,South Tyneside,,5703
E05001235,Wyken,,E08000026,Coventry,,5704
E05001268,Greets Green and Lyng,,E08000028,Sandwell,,5705
E05011138,Glebe Farm & Tile Cross,,E08000025,Birmingham,,5706
E05014838,Bilston North,,E08000031,Wolverhampton,,5707
E05014839,Bilston South,,E08000031,Wolverhampton,,5708
E05014840,Blakenhall,,E08000031,Wolverhampton,,5709
E05014841,Bushbury North,,E08000031,Wolverhampton,,5710
E05014842,Bushbury South & Low Hill,,E08000031,Wolverhampton,,5711
E05014843,East Park,,E08000031,Wolverhampton,,5712
E05014844,Ettingshall North,,E08000031,Wolverhampton,,5713
E05014845,Ettingshall South & Spring Vale,,E08000031,Wolverhampton,,5714
E05014846,Fallings Park,,E08000031,Wolverhampton,,5715
E05014847,Graiseley,,E08000031,Wolverhampton,,5716
E05014848,Heath Town,,E08000031,Wolverhampton,,5717
E05014849,Merry Hill,,E08000031,Wolverhampton,,5718
E05014850,Oxley,,E08000031,Wolverhampton,,5719
E05014851,Park,,E08000031,Wolverhampton,,5720
E05014852,Penn,,E08000031,Wolverhampton,,5721
E05014853,St Peters,,E08000031,Wolverhampton,,5722
E05014854,Tettenhall Regis,,E08000031,Wolverhampton,,5723
E05014855,Tettenhall Wightwick,,E08000031,Wolverhampton,,5724
E05014856,Wednesfield North,,E08000031,Wolverhampton,,5725
E05014857,Wednesfield South,,E08000031,Wolverhampton,,5726
E05001341,Baildon,,E08000032,Bradford,,5727
E05001342,Bingley,,E08000032,Bradford,,5728
E05001343,Bingley Rural,,E08000032,Bradford,,5729
E05001344,Bolton and Undercliffe,,E08000032,Bradford,,5730
E05001345,Bowling and Barkerend,,E08000032,Bradford,,5731
E05001346,Bradford Moor,,E08000032,Bradford,,5732
E05001347,City,,E08000032,Bradford,,5733
E05001348,Clayton and Fairweather Green,,E08000032,Bradford,,5734
E05001349,Craven,,E08000032,Bradford,,5735
E05001350,Eccleshill,,E08000032,Bradford,,5736
E05001351,Great Horton,,E08000032,Bradford,,5737
E05001352,Heaton,,E08000032,Bradford,,5738
E05001353,Idle and Thackley,,E08000032,Bradford,,5739
E05001354,Ilkley,,E08000032,Bradford,,5740
E05001355,Keighley Central,,E08000032,Bradford,,5741
E05001356,Keighley East,,E08000032,Bradford,,5742
E05001357,Keighley West,,E08000032,Bradford,,5743
E05001358,Little Horton,,E08000032,Bradford,,5744
E05001359,Manningham,,E08000032,Bradford,,5745
E05001360,Queensbury,,E08000032,Bradford,,5746
E05001361,Royds,,E08000032,Bradford,,5747
E05001362,Shipley,,E08000032,Bradford,,5748
E05001363,Thornton and Allerton,,E08000032,Bradford,,5749
E05011139,Gravelly Hill,,E08000025,Birmingham,,5750
E05001147,Primrose,,E08000023,South Tyneside,,5751
E05001371,Brighouse,,E08000033,Calderdale,,5752
E05011140,Hall Green North,,E08000025,Birmingham,,5753
E05015903,Amblecote,,E08000027,Dudley,,5754
E05011445,Elswick,,E08000021,Newcastle upon Tyne,,5755
E05001148,Simonside and Rekendyke,,E08000023,South Tyneside,,5756
E05001372,Calder,,E08000033,Calderdale,,5757
E05011141,Hall Green South,,E08000025,Birmingham,,5758
E05001269,Hateley Heath,,E08000028,Sandwell,,5759
E05015904,Belle Vale,,E08000027,Dudley,,5760
E05011446,Fawdon & West Gosforth,,E08000021,Newcastle upon Tyne,,5761
E05001149,Westoe,,E08000023,South Tyneside,,5762
E05001373,Elland,,E08000033,Calderdale,,5763
E05011142,Handsworth,,E08000025,Birmingham,,5764
E05001270,Langley,,E08000028,Sandwell,,5765
E05015905,Brierley Hill & Wordsley South,,E08000027,Dudley,,5766
E05011447,Gosforth,,E08000021,Newcastle upon Tyne,,5767
E05001150,West Park,,E08000023,South Tyneside,,5768
E05001374,Greetland and Stainland,,E08000033,Calderdale,,5769
E05011143,Handsworth Wood,,E08000025,Birmingham,,5770
E05001271,Newton,,E08000028,Sandwell,,5771
E05001272,Old Warley,,E08000028,Sandwell,,5772
E05015906,Brockmoor & Pensnett,,E08000027,Dudley,,5773
E05001273,Oldbury,,E08000028,Sandwell,,5774
E05001151,Whitburn and Marsden,,E08000023,South Tyneside,,5775
E05001375,Hipperholme and Lightcliffe,,E08000033,Calderdale,,5776
E05015907,Castle & Priory,,E08000027,Dudley,,5777
E05001152,Whiteleas,,E08000023,South Tyneside,,5778
E05001274,Princes End,,E08000028,Sandwell,,5779
E05011144,Harborne,,E08000025,Birmingham,,5780
E05011448,Heaton,,E08000021,Newcastle upon Tyne,,5781
E05001153,Barnes,,E08000024,Sunderland,,5782
E05001376,Illingworth and Mixenden,,E08000033,Calderdale,,5783
E05001275,Rowley,,E08000028,Sandwell,,5784
E05011449,Kenton,,E08000021,Newcastle upon Tyne,,5785
E05011145,Heartlands,,E08000025,Birmingham,,5786
E05001154,Castle,,E08000024,Sunderland,,5787
E05015908,Coseley,,E08000027,Dudley,,5788
E05001377,Luddendenfoot,,E08000033,Calderdale,,5789
E05001276,St Pauls,,E08000028,Sandwell,,5790
E05011450,Kingston Park South & Newbiggin Hall,,E08000021,Newcastle upon Tyne,,5791
E05011146,Highter's Heath,,E08000025,Birmingham,,5792
E05001155,Copt Hill,,E08000024,Sunderland,,5793
E05015909,Cradley North & Wollescote,,E08000027,Dudley,,5794
E05001378,Northowram and Shelf,,E08000033,Calderdale,,5795
E05001277,Smethwick,,E08000028,Sandwell,,5796
E05011451,Lemington,,E08000021,Newcastle upon Tyne,,5797
E05011147,Holyhead,,E08000025,Birmingham,,5798
E05001156,Doxford,,E08000024,Sunderland,,5799
E05015910,Gornal,,E08000027,Dudley,,5800
E05001379,Ovenden,,E08000033,Calderdale,,5801
E05001278,Soho and Victoria,,E08000028,Sandwell,,5802
E05011452,Manor Park,,E08000021,Newcastle upon Tyne,,5803
E05011148,King's Norton North,,E08000025,Birmingham,,5804
E05001157,Fulwell,,E08000024,Sunderland,,5805
E05015911,Halesowen North,,E08000027,Dudley,,5806
E05001380,Park,,E08000033,Calderdale,,5807
E05001279,Tipton Green,,E08000028,Sandwell,,5808
E05011453,Monument,,E08000021,Newcastle upon Tyne,,5809
E05011149,King's Norton South,,E08000025,Birmingham,,5810
E05001158,Hendon,,E08000024,Sunderland,,5811
E05015912,Halesowen South,,E08000027,Dudley,,5812
E05001381,Rastrick,,E08000033,Calderdale,,5813
E05001280,Tividale,,E08000028,Sandwell,,5814
E05011454,North Jesmond,,E08000021,Newcastle upon Tyne,,5815
E05011150,Kingstanding,,E08000025,Birmingham,,5816
E05001159,Hetton,,E08000024,Sunderland,,5817
E05015913,Hayley Green & Cradley South,,E08000027,Dudley,,5818
E05001382,Ryburn,,E08000033,Calderdale,,5819
E05001281,Wednesbury North,,E08000028,Sandwell,,5820
E05011455,Ouseburn,,E08000021,Newcastle upon Tyne,,5821
E05011151,Ladywood,,E08000025,Birmingham,,5822
E05001160,Houghton,,E08000024,Sunderland,,5823
E05015914,Kingswinford North & Wall Heath,,E08000027,Dudley,,5824
E05001383,Skircoat,,E08000033,Calderdale,,5825
E05001282,Wednesbury South,,E08000028,Sandwell,,5826
E05011456,Parklands,,E08000021,Newcastle upon Tyne,,5827
E05011152,Longbridge & West Heath,,E08000025,Birmingham,,5828
E05001161,Millfield,,E08000024,Sunderland,,5829
E05015915,Kingswinford South,,E08000027,Dudley,,5830
E05001384,Sowerby Bridge,,E08000033,Calderdale,,5831
E05001283,West Bromwich Central,,E08000028,Sandwell,,5832
E05011457,South Jesmond,,E08000021,Newcastle upon Tyne,,5833
E05011153,Lozells,,E08000025,Birmingham,,5834
E05001162,Pallion,,E08000024,Sunderland,,5835
E05015916,Lye & Stourbridge North,,E08000027,Dudley,,5836
E05001385,Todmorden,,E08000033,Calderdale,,5837
E05001386,Town,,E08000033,Calderdale,,5838
E05001387,Warley,,E08000033,Calderdale,,5839
E05001389,Ashbrow,,E08000034,Kirklees,,5840
E05001390,Batley East,,E08000034,Kirklees,,5841
E05001391,Batley West,,E08000034,Kirklees,,5842
E05001392,Birstall and Birkenshaw,,E08000034,Kirklees,,5843
E05001393,Cleckheaton,,E08000034,Kirklees,,5844
E05001396,Dalton,,E08000034,Kirklees,,5845
E05001397,Denby Dale,,E08000034,Kirklees,,5846
E05001398,Dewsbury East,,E08000034,Kirklees,,5847
E05001399,Dewsbury South,,E08000034,Kirklees,,5848
E05001400,Dewsbury West,,E08000034,Kirklees,,5849
E05001401,Golcar,,E08000034,Kirklees,,5850
E05001402,Greenhead,,E08000034,Kirklees,,5851
E05001403,Heckmondwike,,E08000034,Kirklees,,5852
E05001405,Holme Valley South,,E08000034,Kirklees,,5853
E05001407,Lindley,,E08000034,Kirklees,,5854
E05001408,Liversedge and Gomersal,,E08000034,Kirklees,,5855
E05001409,Mirfield,,E08000034,Kirklees,,5856
E05001410,Newsome,,E08000034,Kirklees,,5857
E05008558,Almondbury,,E08000034,Kirklees,,5858
E05008559,Colne Valley,,E08000034,Kirklees,,5859
E05008560,Crosland Moor and Netherton,,E08000034,Kirklees,,5860
E05008561,Holme Valley North,,E08000034,Kirklees,,5861
E05008562,Kirkburton,,E08000034,Kirklees,,5862
E05011384,Ardsley & Robin Hood,,E08000035,Leeds,,5863
E05011385,Armley,,E08000035,Leeds,,5864
E05011387,Bramley & Stanningley,,E08000035,Leeds,,5865
E05001284,Bickenhill,,E08000029,Solihull,,5866
E05015917,Netherton & Holly Hall,,E08000027,Dudley,,5867
E05011154,Moseley,,E08000025,Birmingham,,5868
E05001285,Blythe,,E08000029,Solihull,,5869
E05015918,Norton,,E08000027,Dudley,,5870
E05011155,Nechells,,E08000025,Birmingham,,5871
E05011458,Walker,,E08000021,Newcastle upon Tyne,,5872
E05001286,Castle Bromwich,,E08000029,Solihull,,5873
E05015919,Pedmore & Stourbridge East,,E08000027,Dudley,,5874
E05011156,Newtown,,E08000025,Birmingham,,5875
E05011459,Walkergate,,E08000021,Newcastle upon Tyne,,5876
E05001163,Redhill,,E08000024,Sunderland,,5877
E05001287,Chelmsley Wood,,E08000029,Solihull,,5878
E05015920,Quarry Bank & Dudley Wood,,E08000027,Dudley,,5879
E05011157,North Edgbaston,,E08000025,Birmingham,,5880
E05011460,West Fenham,,E08000021,Newcastle upon Tyne,,5881
E05001164,Ryhope,,E08000024,Sunderland,,5882
E05001288,Dorridge and Hockley Heath,,E08000029,Solihull,,5883
E05015921,Sedgley,,E08000027,Dudley,,5884
E05011158,Northfield,,E08000025,Birmingham,,5885
E05011461,Wingrove,,E08000021,Newcastle upon Tyne,,5886
E05001165,St Anne's,,E08000024,Sunderland,,5887
E05001289,Elmdon,,E08000029,Solihull,,5888
E05015922,St. James's,,E08000027,Dudley,,5889
E05011159,Oscott,,E08000025,Birmingham,,5890
E05015865,Backworth & Holystone,,E08000022,North Tyneside,,5891
E05001166,St Chad's,,E08000024,Sunderland,,5892
E05001290,Kingshurst and Fordbridge,,E08000029,Solihull,,5893
E05015923,St. Thomas's,,E08000027,Dudley,,5894
E05011160,Perry Barr,,E08000025,Birmingham,,5895
E05015866,Battle Hill,,E08000022,North Tyneside,,5896
E05001167,St Michael's,,E08000024,Sunderland,,5897
E05001291,Knowle,,E08000029,Solihull,,5898
E05015924,Upper Gornal & Woodsetton,,E08000027,Dudley,,5899
E05011161,Perry Common,,E08000025,Birmingham,,5900
E05015867,Camperdown,,E08000022,North Tyneside,,5901
E05001168,St Peter's,,E08000024,Sunderland,,5902
E05001292,Lyndon,,E08000029,Solihull,,5903
E05001169,Sandhill,,E08000024,Sunderland,,5904
E05015925,Wollaston & Stourbridge Town,,E08000027,Dudley,,5905
E05001293,Meriden,,E08000029,Solihull,,5906
E05015868,Chirton & Percy Main,,E08000022,North Tyneside,,5907
E05011162,Pype Hayes,,E08000025,Birmingham,,5908
E05001170,Shiney Row,,E08000024,Sunderland,,5909
E05001294,Olton,,E08000029,Solihull,,5910
E05011163,Quinton,,E08000025,Birmingham,,5911
E05015869,Cullercoats & Whitley Bay South,,E08000022,North Tyneside,,5912
E05015926,Wordsley North,,E08000027,Dudley,,5913
E05001171,Silksworth,,E08000024,Sunderland,,5914
E05001295,St Alphege,,E08000029,Solihull,,5915
E05011164,Rubery & Rednal,,E08000025,Birmingham,,5916
E05015870,Forest Hall,,E08000022,North Tyneside,,5917
E05001260,Abbey,,E08000028,Sandwell,,5918
E05001172,Southwick,,E08000024,Sunderland,,5919
E05001296,Shirley East,,E08000029,Solihull,,5920
E05011165,Shard End,,E08000025,Birmingham,,5921
E05015871,Howdon,,E08000022,North Tyneside,,5922
E05001261,Blackheath,,E08000028,Sandwell,,5923
E05001173,Washington Central,,E08000024,Sunderland,,5924
E05001297,Shirley South,,E08000029,Solihull,,5925
E05011166,Sheldon,,E08000025,Birmingham,,5926
E05015872,Killingworth,,E08000022,North Tyneside,,5927
E05001262,Bristnall,,E08000028,Sandwell,,5928
E05001174,Washington East,,E08000024,Sunderland,,5929
E05001298,Shirley West,,E08000029,Solihull,,5930
E05011167,Small Heath,,E08000025,Birmingham,,5931
E05015873,Longbenton & Benton,,E08000022,North Tyneside,,5932
E05001263,Charlemont with Grove Vale,,E08000028,Sandwell,,5933
E05001175,Washington North,,E08000024,Sunderland,,5934
E05001299,Silhill,,E08000029,Solihull,,5935
E05011168,Soho & Jewellery Quarter,,E08000025,Birmingham,,5936
E05015874,Monkseaton,,E08000022,North Tyneside,,5937
E05001176,Washington South,,E08000024,Sunderland,,5938
E05001300,Smith's Wood,,E08000029,Solihull,,5939
E05011169,South Yardley,,E08000025,Birmingham,,5940
E05015875,New York & Murton,,E08000022,North Tyneside,,5941
E05001177,Washington West,,E08000024,Sunderland,,5942
E05001301,Aldridge Central and South,,E08000030,Walsall,,5943
E05011170,Sparkbrook & Balsall Heath East,,E08000025,Birmingham,,5944
E05015876,North Shields,,E08000022,North Tyneside,,5945
E05011118,Acocks Green,,E08000025,Birmingham,,5946
E05001302,Aldridge North and Walsall Wood,,E08000030,Walsall,,5947
E05011171,Sparkhill,,E08000025,Birmingham,,5948
E05015877,Preston with Preston Grange,,E08000022,North Tyneside,,5949
E05011119,Allens Cross,,E08000025,Birmingham,,5950
E05001303,Bentley and Darlaston North,,E08000030,Walsall,,5951
E05011172,Stirchley,,E08000025,Birmingham,,5952
E05015878,Shiremoor,,E08000022,North Tyneside,,5953
E05011120,Alum Rock,,E08000025,Birmingham,,5954
E05001304,Birchills Leamore,,E08000030,Walsall,,5955
E05011173,Stockland Green,,E08000025,Birmingham,,5956
E05015879,St Mary's,,E08000022,North Tyneside,,5957
E05011121,Aston,,E08000025,Birmingham,,5958
E05001305,Blakenall,,E08000030,Walsall,,5959
E05011174,Sutton Four Oaks,,E08000025,Birmingham,,5960
E05015880,Tynemouth,,E08000022,North Tyneside,,5961
E05011122,Balsall Heath West,,E08000025,Birmingham,,5962
E05001306,Bloxwich East,,E08000030,Walsall,,5963
E05011175,Sutton Mere Green,,E08000025,Birmingham,,5964
E05015881,Wallsend Central,,E08000022,North Tyneside,,5965
E05011123,Bartley Green,,E08000025,Birmingham,,5966
E05001307,Bloxwich West,,E08000030,Walsall,,5967
E05011124,Billesley,,E08000025,Birmingham,,5968
E05011176,Sutton Reddicap,,E08000025,Birmingham,,5969
E05011177,Sutton Roughley,,E08000025,Birmingham,,5970
E05011125,Birchfield,,E08000025,Birmingham,,5971
E05001308,Brownhills,,E08000030,Walsall,,5972
E05011178,Sutton Trinity,,E08000025,Birmingham,,5973
E05011126,Bordesley & Highgate,,E08000025,Birmingham,,5974
E05015882,Wallsend North,,E08000022,North Tyneside,,5975
E05001309,Darlaston South,,E08000030,Walsall,,5976
E05011127,Bordesley Green,,E08000025,Birmingham,,5977
E05015883,Weetslade,,E08000022,North Tyneside,,5978
E05011179,Sutton Vesey,,E08000025,Birmingham,,5979
E05001310,Paddock,,E08000030,Walsall,,5980
E05011128,Bournbrook & Selly Park,,E08000025,Birmingham,,5981
E05015884,Whitley Bay North,,E08000022,North Tyneside,,5982
E05011180,Sutton Walmley & Minworth,,E08000025,Birmingham,,5983
E05001311,Palfrey,,E08000030,Walsall,,5984
E05011129,Bournville & Cotteridge,,E08000025,Birmingham,,5985
E05001135,Beacon and Bents,,E08000023,South Tyneside,,5986
E05011181,Sutton Wylde Green,,E08000025,Birmingham,,5987
E05001312,Pelsall,,E08000030,Walsall,,5988
E05011130,Brandwood & King's Heath,,E08000025,Birmingham,,5989
E05001136,Bede,,E08000023,South Tyneside,,5990
E05011182,Tyseley & Hay Mills,,E08000025,Birmingham,,5991
E05001313,Pheasey Park Farm,,E08000030,Walsall,,5992
E05011131,Bromford & Hodge Hill,,E08000025,Birmingham,,5993
E05001137,Biddick and All Saints,,E08000023,South Tyneside,,5994
E05011132,Castle Vale,,E08000025,Birmingham,,5995
E05001138,Boldon Colliery,,E08000023,South Tyneside,,5996
E05001139,Cleadon and East Boldon,,E08000023,South Tyneside,,5997
E05001140,Cleadon Park,,E08000023,South Tyneside,,5998
E05001141,Fellgate and Hedworth,,E08000023,South Tyneside,,5999
E05001142,Harton,,E08000023,South Tyneside,,6000
E05014008,West Wickham,,E09000006,Bromley,,6001
E05013652,Belsize,,E09000007,Camden,,6002
E05014056,Beam,,E09000002,Barking and Dagenham,,6003
E05013653,Bloomsbury,,E09000007,Camden,,6004
E05013654,Camden Square,,E09000007,Camden,,6005
E05013655,Camden Town,,E09000007,Camden,,6006
E05014057,Becontree,,E09000002,Barking and Dagenham,,6007
E05013656,Fortune Green,,E09000007,Camden,,6008
E05014058,Chadwell Heath,,E09000002,Barking and Dagenham,,6009
E05013657,Frognal,,E09000007,Camden,,6010
E05014059,Eastbrook & Rush Green,,E09000002,Barking and Dagenham,,6011
E05013658,Gospel Oak,,E09000007,Camden,,6012
E05014060,Eastbury,,E09000002,Barking and Dagenham,,6013
E05013659,Hampstead Town,,E09000007,Camden,,6014
E05014061,Gascoigne,,E09000002,Barking and Dagenham,,6015
E05013660,Haverstock,,E09000007,Camden,,6016
E05014062,Goresbrook,,E09000002,Barking and Dagenham,,6017
E05013661,Highgate,,E09000007,Camden,,6018
E05014063,Heath,,E09000002,Barking and Dagenham,,6019
E05013662,Holborn & Covent Garden,,E09000007,Camden,,6020
E05014064,Longbridge,,E09000002,Barking and Dagenham,,6021
E05013663,Kentish Town North,,E09000007,Camden,,6022
E05014065,Mayesbrook,,E09000002,Barking and Dagenham,,6023
E05013664,Kentish Town South,,E09000007,Camden,,6024
E05014066,Northbury,,E09000002,Barking and Dagenham,,6025
E05013665,Kilburn,,E09000007,Camden,,6026
E05014067,Parsloes,,E09000002,Barking and Dagenham,,6027
E05013666,King's Cross,,E09000007,Camden,,6028
E05014068,Thames View,,E09000002,Barking and Dagenham,,6029
E05011388,Burmantofts & Richmond Hill,,E08000035,Leeds,,6030
E05013667,Primrose Hill,,E09000007,Camden,,6031
E05013668,Regent's Park,,E09000007,Camden,,6032
E05013669,St Pancras & Somers Town,,E09000007,Camden,,6033
E05013670,South Hampstead,,E09000007,Camden,,6034
E05013671,West Hampstead,,E09000007,Camden,,6035
E05011462,Addiscombe East,,E09000008,Croydon,,6036
E05011463,Addiscombe West,,E09000008,Croydon,,6037
E05011464,Bensham Manor,,E09000008,Croydon,,6038
E05011465,Broad Green,,E09000008,Croydon,,6039
E05011466,Coulsdon Town,,E09000008,Croydon,,6040
E05011467,Crystal Palace & Upper Norwood,,E09000008,Croydon,,6041
E05011468,Fairfield,,E09000008,Croydon,,6042
E05011469,Kenley,,E09000008,Croydon,,6043
E05011470,New Addington North,,E09000008,Croydon,,6044
E05011471,New Addington South,,E09000008,Croydon,,6045
E05011472,Norbury & Pollards Hill,,E09000008,Croydon,,6046
E05011473,Norbury Park,,E09000008,Croydon,,6047
E05011474,Old Coulsdon,,E09000008,Croydon,,6048
E05011475,Park Hill & Whitgift,,E09000008,Croydon,,6049
E05011476,Purley & Woodcote,,E09000008,Croydon,,6050
E05011477,Purley Oaks & Riddlesdown,,E09000008,Croydon,,6051
E05011478,Sanderstead,,E09000008,Croydon,,6052
E05011479,Selhurst,,E09000008,Croydon,,6053
E05011480,Selsdon & Addington Village,,E09000008,Croydon,,6054
E05011481,Selsdon Vale & Forestdale,,E09000008,Croydon,,6055
E05011482,Shirley North,,E09000008,Croydon,,6056
E05011483,Shirley South,,E09000008,Croydon,,6057
E05011484,South Croydon,,E09000008,Croydon,,6058
E05011485,South Norwood,,E09000008,Croydon,,6059
E05011486,Thornton Heath,,E09000008,Croydon,,6060
E05011487,Waddon,,E09000008,Croydon,,6061
E05011488,West Thornton,,E09000008,Croydon,,6062
E05011489,Woodside,,E09000008,Croydon,,6063
E05013518,Central Greenford,,E09000009,Ealing,,6064
E05001464,Wrenthorpe and Outwood West,,E08000036,Wakefield,,6065
E05013519,Dormers Wells,,E09000009,Ealing,,6066
E05014074,Charlton Hornfair,,E09000011,Greenwich,,6067
E05011227,Longlands,,E09000004,Bexley,,6068
E05010863,Crookes and Crosspool,,E08000039,Sheffield,,6069
E05001067,Birtley,,E08000037,Gateshead,,6070
E05014069,Valence,,E09000002,Barking and Dagenham,,6071
E05014075,Charlton Village & Riverside,,E09000011,Greenwich,,6072
E05010864,Darnall,,E08000039,Sheffield,,6073
E05001068,Blaydon,,E08000037,Gateshead,,6074
E05013520,Ealing Broadway,,E09000009,Ealing,,6075
E05011389,Calverley & Farsley,,E08000035,Leeds,,6076
E05014070,Village,,E09000002,Barking and Dagenham,,6077
E05014076,East Greenwich,,E09000011,Greenwich,,6078
E05010865,Dore and Totley,,E08000039,Sheffield,,6079
E05001069,Bridges,,E08000037,Gateshead,,6080
E05011228,Northumberland Heath,,E09000004,Bexley,,6081
E05013521,Ealing Common,,E09000009,Ealing,,6082
E05011390,Chapel Allerton,,E08000035,Leeds,,6083
E05014071,Whalebone,,E09000002,Barking and Dagenham,,6084
E05014077,Eltham Page,,E09000011,Greenwich,,6085
E05010866,East Ecclesfield,,E08000039,Sheffield,,6086
E05001071,Chowdene,,E08000037,Gateshead,,6087
E05011229,St Mary's & St James,,E09000004,Bexley,,6088
E05013522,East Acton,,E09000009,Ealing,,6089
E05011391,Cross Gates & Whinmoor,,E08000035,Leeds,,6090
E05013628,Barnet Vale,,E09000003,Barnet,,6091
E05014078,Eltham Park & Progress,,E09000011,Greenwich,,6092
E05010867,Ecclesall,,E08000039,Sheffield,,6093
E05001072,Crawcrook and Greenside,,E08000037,Gateshead,,6094
E05011230,Sidcup,,E09000004,Bexley,,6095
E05013523,Greenford Broadway,,E09000009,Ealing,,6096
E05011394,Gipton & Harehills,,E08000035,Leeds,,6097
E05013629,Brunswick Park,,E09000003,Barnet,,6098
E05014079,Eltham Town & Avery Hill,,E09000011,Greenwich,,6099
E05010868,Firth Park,,E08000039,Sheffield,,6100
E05001073,Deckham,,E08000037,Gateshead,,6101
E05011231,Slade Green & Northend,,E09000004,Bexley,,6102
E05011232,Thamesmead East,,E09000004,Bexley,,6103
E05011233,West Heath,,E09000004,Bexley,,6104
E05013496,Alperton,,E09000005,Brent,,6105
E05013497,Barnhill,,E09000005,Brent,,6106
E05013498,Brondesbury Park,,E09000005,Brent,,6107
E05013499,Cricklewood & Mapesbury,,E09000005,Brent,,6108
E05013500,Dollis Hill,,E09000005,Brent,,6109
E05013501,Harlesden & Kensal Green,,E09000005,Brent,,6110
E05013502,Kenton,,E09000005,Brent,,6111
E05013503,Kilburn,,E09000005,Brent,,6112
E05013504,Kingsbury,,E09000005,Brent,,6113
E05013505,Northwick Park,,E09000005,Brent,,6114
E05013506,Preston,,E09000005,Brent,,6115
E05013507,Queens Park,,E09000005,Brent,,6116
E05013508,Queensbury,,E09000005,Brent,,6117
E05013509,Roundwood,,E09000005,Brent,,6118
E05013510,Stonebridge,,E09000005,Brent,,6119
E05013511,Sudbury,,E09000005,Brent,,6120
E05013512,Tokyngton,,E09000005,Brent,,6121
E05013513,Welsh Harp,,E09000005,Brent,,6122
E05013514,Wembley Central,,E09000005,Brent,,6123
E05013515,Wembley Hill,,E09000005,Brent,,6124
E05013516,Wembley Park,,E09000005,Brent,,6125
E05013517,Willesden Green,,E09000005,Brent,,6126
E05013987,Beckenham Town & Copers Cope,,E09000006,Bromley,,6127
E05013988,Bickley & Sundridge,,E09000006,Bromley,,6128
E05013989,Biggin Hill,,E09000006,Bromley,,6129
E05013990,Bromley Common & Holwood,,E09000006,Bromley,,6130
E05013991,Bromley Town,,E09000006,Bromley,,6131
E05013992,Chelsfield,,E09000006,Bromley,,6132
E05013993,Chislehurst,,E09000006,Bromley,,6133
E05013994,Clock House,,E09000006,Bromley,,6134
E05013995,Crystal Palace & Anerley,,E09000006,Bromley,,6135
E05013996,Darwin,,E09000006,Bromley,,6136
E05013997,Farnborough & Crofton,,E09000006,Bromley,,6137
E05013998,Hayes & Coney Hall,,E09000006,Bromley,,6138
E05013999,Kelsey & Eden Park,,E09000006,Bromley,,6139
E05014000,Mottingham,,E09000006,Bromley,,6140
E05014001,Orpington,,E09000006,Bromley,,6141
E05014002,Penge & Cator,,E09000006,Bromley,,6142
E05014003,Petts Wood & Knoll,,E09000006,Bromley,,6143
E05014004,Plaistow,,E09000006,Bromley,,6144
E05014005,Shortlands & Park Langley,,E09000006,Bromley,,6145
E05014006,St Mary Cray,,E09000006,Bromley,,6146
E05014007,St Paul's Cray,,E09000006,Bromley,,6147
E05013630,Burnt Oak,,E09000003,Barnet,,6148
E05014080,Greenwich Creekside,,E09000011,Greenwich,,6149
E05013631,Childs Hill,,E09000003,Barnet,,6150
E05010869,Fulwood,,E08000039,Sheffield,,6151
E05014081,Greenwich Park,,E09000011,Greenwich,,6152
E05013632,Colindale North,,E09000003,Barnet,,6153
E05010870,Gleadless Valley,,E08000039,Sheffield,,6154
E05001074,Dunston and Teams,,E08000037,Gateshead,,6155
E05011395,Guiseley & Rawdon,,E08000035,Leeds,,6156
E05013524,Hanger Hill,,E09000009,Ealing,,6157
E05014082,Greenwich Peninsula,,E09000011,Greenwich,,6158
E05013633,Colindale South,,E09000003,Barnet,,6159
E05010871,Graves Park,,E08000039,Sheffield,,6160
E05001075,Dunston Hill and Whickham East,,E08000037,Gateshead,,6161
E05011396,Harewood,,E08000035,Leeds,,6162
E05013525,Hanwell Broadway,,E09000009,Ealing,,6163
E05014083,Kidbrooke Park,,E09000011,Greenwich,,6164
E05013634,Cricklewood,,E09000003,Barnet,,6165
E05010872,Hillsborough,,E08000039,Sheffield,,6166
E05001076,Felling,,E08000037,Gateshead,,6167
E05011397,Headingley & Hyde Park,,E08000035,Leeds,,6168
E05013526,Lady Margaret,,E09000009,Ealing,,6169
E05014084,Kidbrooke Village & Sutcliffe,,E09000011,Greenwich,,6170
E05013635,East Barnet,,E09000003,Barnet,,6171
E05013636,East Finchley,,E09000003,Barnet,,6172
E05013637,Edgware,,E09000003,Barnet,,6173
E05013638,Edgwarebury,,E09000003,Barnet,,6174
E05013639,Finchley Church End,,E09000003,Barnet,,6175
E05013640,Friern Barnet,,E09000003,Barnet,,6176
E05013641,Garden Suburb,,E09000003,Barnet,,6177
E05013642,Golders Green,,E09000003,Barnet,,6178
E05013643,Hendon,,E09000003,Barnet,,6179
E05013644,High Barnet,,E09000003,Barnet,,6180
E05013645,Mill Hill,,E09000003,Barnet,,6181
E05013646,Totteridge & Woodside,,E09000003,Barnet,,6182
E05013647,Underhill,,E09000003,Barnet,,6183
E05013648,West Finchley,,E09000003,Barnet,,6184
E05013649,West Hendon,,E09000003,Barnet,,6185
E05013650,Whetstone,,E09000003,Barnet,,6186
E05013651,Woodhouse,,E09000003,Barnet,,6187
E05011217,Barnehurst,,E09000004,Bexley,,6188
E05011218,Belvedere,,E09000004,Bexley,,6189
E05011219,Bexleyheath,,E09000004,Bexley,,6190
E05011220,Blackfen & Lamorbey,,E09000004,Bexley,,6191
E05011221,Blendon & Penhill,,E09000004,Bexley,,6192
E05011222,Crayford,,E09000004,Bexley,,6193
E05011223,Crook Log,,E09000004,Bexley,,6194
E05011224,East Wickham,,E09000004,Bexley,,6195
E05011225,Erith,,E09000004,Bexley,,6196
E05011226,Falconwood & Welling,,E09000004,Bexley,,6197
E05013527,North Acton,,E09000009,Ealing,,6198
E05014085,Middle Park & Horn Park,,E09000011,Greenwich,,6199
E05013528,North Greenford,,E09000009,Ealing,,6200
E05011399,Hunslet & Riverside,,E08000035,Leeds,,6201
E05014086,"Mottingham, Coldharbour & New Eltham",,E09000011,Greenwich,,6202
E05013529,North Hanwell,,E09000009,Ealing,,6203
E05011400,Killingbeck & Seacroft,,E08000035,Leeds,,6204
E05001077,High Fell,,E08000037,Gateshead,,6205
E05014087,Plumstead & Glyndon,,E09000011,Greenwich,,6206
E05013530,Northfield,,E09000009,Ealing,,6207
E05011401,Kippax & Methley,,E08000035,Leeds,,6208
E05010873,Manor Castle,,E08000039,Sheffield,,6209
E05001078,Lamesley,,E08000037,Gateshead,,6210
E05014088,Plumstead Common,,E09000011,Greenwich,,6211
E05013531,Northolt Mandeville,,E09000009,Ealing,,6212
E05011402,Kirkstall,,E08000035,Leeds,,6213
E05010874,Mosborough,,E08000039,Sheffield,,6214
E05001079,Lobley Hill and Bensham,,E08000037,Gateshead,,6215
E05014089,Shooters Hill,,E09000011,Greenwich,,6216
E05013532,Northolt West End,,E09000009,Ealing,,6217
E05011403,Little London & Woodhouse,,E08000035,Leeds,,6218
E05010875,Nether Edge and Sharrow,,E08000039,Sheffield,,6219
E05001080,Low Fell,,E08000037,Gateshead,,6220
E05014090,Thamesmead Moorings,,E09000011,Greenwich,,6221
E05013533,Norwood Green,,E09000009,Ealing,,6222
E05011404,Middleton Park,,E08000035,Leeds,,6223
E05010876,Park and Arbourthorne,,E08000039,Sheffield,,6224
E05001081,Pelaw and Heworth,,E08000037,Gateshead,,6225
E05014091,West Thamesmead,,E09000011,Greenwich,,6226
E05013534,Perivale,,E09000009,Ealing,,6227
E05011405,Moortown,,E08000035,Leeds,,6228
E05010877,Richmond,,E08000039,Sheffield,,6229
E05001082,"Ryton, Crookhill and Stella",,E08000037,Gateshead,,6230
E05014092,Woolwich Arsenal,,E09000011,Greenwich,,6231
E05013535,Pitshanger,,E09000009,Ealing,,6232
E05011406,Morley North,,E08000035,Leeds,,6233
E05010878,Shiregreen and Brightside,,E08000039,Sheffield,,6234
E05001083,Saltwell,,E08000037,Gateshead,,6235
E05014093,Woolwich Common,,E09000011,Greenwich,,6236
E05013536,South Acton,,E09000009,Ealing,,6237
E05011407,Morley South,,E08000035,Leeds,,6238
E05010879,Southey,,E08000039,Sheffield,,6239
E05010880,Stannington,,E08000039,Sheffield,,6240
E05010882,Walkley,,E08000039,Sheffield,,6241
E05010883,West Ecclesfield,,E08000039,Sheffield,,6242
E05010884,Woodhouse,,E08000039,Sheffield,,6243
E05016246,Stocksbridge and Upper Don,,E08000039,Sheffield,,6244
E05009288,Aldersgate,,E09000001,City of London,,6245
E05009289,Aldgate,,E09000001,City of London,,6246
E05009290,Bassishaw,,E09000001,City of London,,6247
E05009291,Billingsgate,,E09000001,City of London,,6248
E05009292,Bishopsgate,,E09000001,City of London,,6249
E05009293,Bread Street,,E09000001,City of London,,6250
E05009294,Bridge,,E09000001,City of London,,6251
E05009295,Broad Street,,E09000001,City of London,,6252
E05009296,Candlewick,,E09000001,City of London,,6253
E05009297,Castle Baynard,,E09000001,City of London,,6254
E05009298,Cheap,,E09000001,City of London,,6255
E05009299,Coleman Street,,E09000001,City of London,,6256
E05009300,Cordwainer,,E09000001,City of London,,6257
E05009301,Cornhill,,E09000001,City of London,,6258
E05009302,Cripplegate,,E09000001,City of London,,6259
E05009303,Dowgate,,E09000001,City of London,,6260
E05009304,Farringdon Within,,E09000001,City of London,,6261
E05009305,Farringdon Without,,E09000001,City of London,,6262
E05009306,Langbourn,,E09000001,City of London,,6263
E05009307,Lime Street,,E09000001,City of London,,6264
E05009308,Portsoken,,E09000001,City of London,,6265
E05009309,Queenhithe,,E09000001,City of London,,6266
E05009310,Tower,,E09000001,City of London,,6267
E05009311,Vintry,,E09000001,City of London,,6268
E05009312,Walbrook,,E09000001,City of London,,6269
E05014053,Abbey,,E09000002,Barking and Dagenham,,6270
E05014054,Alibon,,E09000002,Barking and Dagenham,,6271
E05014055,Barking Riverside,,E09000002,Barking and Dagenham,,6272
E05011409,Pudsey,,E08000035,Leeds,,6273
E05014094,Woolwich Dockyard,,E09000011,Greenwich,,6274
E05011410,Rothwell,,E08000035,Leeds,,6275
E05013537,Southall Broadway,,E09000009,Ealing,,6276
E05001084,Wardley and Leam Lane,,E08000037,Gateshead,,6277
E05009367,Brownswood,,E09000012,Hackney,,6278
E05011411,Roundhay,,E08000035,Leeds,,6279
E05013538,Southall Green,,E09000009,Ealing,,6280
E05001085,Whickham North,,E08000037,Gateshead,,6281
E05009368,Cazenove,,E09000012,Hackney,,6282
E05011413,Weetwood,,E08000035,Leeds,,6283
E05013539,Southall West,,E09000009,Ealing,,6284
E05001086,Whickham South and Sunniside,,E08000037,Gateshead,,6285
E05009369,Clissold,,E09000012,Hackney,,6286
E05011414,Wetherby,,E08000035,Leeds,,6287
E05013540,Southfield,,E09000009,Ealing,,6288
E05001087,Windy Nook and Whitehills,,E08000037,Gateshead,,6289
E05009370,Dalston,,E09000012,Hackney,,6290
E05011547,Horsforth,,E08000035,Leeds,,6291
E05013541,Walpole,,E09000009,Ealing,,6292
E05001088,Winlaton and High Spen,,E08000037,Gateshead,,6293
E05009371,De Beauvoir,,E09000012,Hackney,,6294
E05011549,Otley & Yeadon,,E08000035,Leeds,,6295
E05013672,Arnos Grove,,E09000010,Enfield,,6296
E05009313,Chopwell and Rowlands Gill,,E08000037,Gateshead,,6297
E05009372,Hackney Central,,E09000012,Hackney,,6298
E05012647,Beeston & Holbeck,,E08000035,Leeds,,6299
E05013673,Bowes,,E09000010,Enfield,,6300
E05000976,Central,,E08000038,Barnsley,,6301
E05009373,Hackney Downs,,E09000012,Hackney,,6302
E05012648,Farnley & Wortley,,E08000035,Leeds,,6303
E05013674,Brimsdown,,E09000010,Enfield,,6304
E05000977,Cudworth,,E08000038,Barnsley,,6305
E05000978,Darfield,,E08000038,Barnsley,,6306
E05000979,Darton East,,E08000038,Barnsley,,6307
E05000980,Darton West,,E08000038,Barnsley,,6308
E05000981,Dearne North,,E08000038,Barnsley,,6309
E05000982,Dearne South,,E08000038,Barnsley,,6310
E05000983,Dodworth,,E08000038,Barnsley,,6311
E05000984,Hoyland Milton,,E08000038,Barnsley,,6312
E05000985,Kingstone,,E08000038,Barnsley,,6313
E05000986,Monk Bretton,,E08000038,Barnsley,,6314
E05000987,North East,,E08000038,Barnsley,,6315
E05000988,Old Town,,E08000038,Barnsley,,6316
E05000990,Penistone West,,E08000038,Barnsley,,6317
E05000991,Rockingham,,E08000038,Barnsley,,6318
E05000992,Royston,,E08000038,Barnsley,,6319
E05000993,St Helens,,E08000038,Barnsley,,6320
E05000994,Stairfoot,,E08000038,Barnsley,,6321
E05000995,Wombwell,,E08000038,Barnsley,,6322
E05000996,Worsbrough,,E08000038,Barnsley,,6323
E05016245,Penistone East,,E08000038,Barnsley,,6324
E05010857,Beauchief and Greenhill,,E08000039,Sheffield,,6325
E05010858,Beighton,,E08000039,Sheffield,,6326
E05010859,Birley,,E08000039,Sheffield,,6327
E05010860,Broomhill and Sharrow Vale,,E08000039,Sheffield,,6328
E05010861,Burngreave,,E08000039,Sheffield,,6329
E05010862,City,,E08000039,Sheffield,,6330
E05009374,Hackney Wick,,E09000012,Hackney,,6331
E05009375,Haggerston,,E09000012,Hackney,,6332
E05009376,Homerton,,E09000012,Hackney,,6333
E05009377,Hoxton East & Shoreditch,,E09000012,Hackney,,6334
E05009378,Hoxton West,,E09000012,Hackney,,6335
E05009379,King's Park,,E09000012,Hackney,,6336
E05009380,Lea Bridge,,E09000012,Hackney,,6337
E05009381,London Fields,,E09000012,Hackney,,6338
E05009382,Shacklewell,,E09000012,Hackney,,6339
E05009383,Springfield,,E09000012,Hackney,,6340
E05009384,Stamford Hill West,,E09000012,Hackney,,6341
E05009385,Stoke Newington,,E09000012,Hackney,,6342
E05009386,Victoria,,E09000012,Hackney,,6343
E05009387,Woodberry Down,,E09000012,Hackney,,6344
E05013733,Addison,,E09000013,Hammersmith and Fulham,,6345
E05013734,Avonmore,,E09000013,Hammersmith and Fulham,,6346
E05013735,Brook Green,,E09000013,Hammersmith and Fulham,,6347
E05013736,College Park & Old Oak,,E09000013,Hammersmith and Fulham,,6348
E05013737,Coningham,,E09000013,Hammersmith and Fulham,,6349
E05013738,Fulham Reach,,E09000013,Hammersmith and Fulham,,6350
E05013739,Fulham Town,,E09000013,Hammersmith and Fulham,,6351
E05013740,Grove,,E09000013,Hammersmith and Fulham,,6352
E05012841,Adel & Wharfedale,,E08000035,Leeds,,6353
E05012842,Alwoodley,,E08000035,Leeds,,6354
E05013830,Garforth & Swillington,,E08000035,Leeds,,6355
E05013831,Temple Newsam,,E08000035,Leeds,,6356
E05001444,"Ackworth, North Elmsall and Upton",,E08000036,Wakefield,,6357
E05001445,Airedale and Ferry Fryston,,E08000036,Wakefield,,6358
E05001446,Altofts and Whitwood,,E08000036,Wakefield,,6359
E05001447,Castleford Central and Glasshoughton,,E08000036,Wakefield,,6360
E05001448,"Crofton, Ryhill and Walton",,E08000036,Wakefield,,6361
E05001449,Featherstone,,E08000036,Wakefield,,6362
E05001450,Hemsworth,,E08000036,Wakefield,,6363
E05001451,Horbury and South Ossett,,E08000036,Wakefield,,6364
E05001452,Knottingley,,E08000036,Wakefield,,6365
E05001453,Normanton,,E08000036,Wakefield,,6366
E05001454,Ossett,,E08000036,Wakefield,,6367
E05001455,Pontefract North,,E08000036,Wakefield,,6368
E05001456,Pontefract South,,E08000036,Wakefield,,6369
E05001457,South Elmsall and South Kirkby,,E08000036,Wakefield,,6370
E05001458,Stanley and Outwood East,,E08000036,Wakefield,,6371
E05001459,Wakefield East,,E08000036,Wakefield,,6372
E05001460,Wakefield North,,E08000036,Wakefield,,6373
E05001461,Wakefield Rural,,E08000036,Wakefield,,6374
E05001462,Wakefield South,,E08000036,Wakefield,,6375
E05001463,Wakefield West,,E08000036,Wakefield,,6376
E05013675,Bullsmoor,,E09000010,Enfield,,6377
E05013676,Bush Hill Park,,E09000010,Enfield,,6378
E05013677,Carterhatch,,E09000010,Enfield,,6379
E05013678,Cockfosters,,E09000010,Enfield,,6380
E05013679,Edmonton Green,,E09000010,Enfield,,6381
E05013680,Enfield Lock,,E09000010,Enfield,,6382
E05013681,Grange Park,,E09000010,Enfield,,6383
E05013682,Haselbury,,E09000010,Enfield,,6384
E05013683,Highfield,,E09000010,Enfield,,6385
E05013684,Jubilee,,E09000010,Enfield,,6386
E05013685,Lower Edmonton,,E09000010,Enfield,,6387
E05013686,New Southgate,,E09000010,Enfield,,6388
E05013687,Oakwood,,E09000010,Enfield,,6389
E05013688,Palmers Green,,E09000010,Enfield,,6390
E05013689,Ponders End,,E09000010,Enfield,,6391
E05013690,Ridgeway,,E09000010,Enfield,,6392
E05013691,Southbury,,E09000010,Enfield,,6393
E05013692,Southgate,,E09000010,Enfield,,6394
E05013693,Town,,E09000010,Enfield,,6395
E05013694,Upper Edmonton,,E09000010,Enfield,,6396
E05013695,Whitewebbs,,E09000010,Enfield,,6397
E05013696,Winchmore Hill,,E09000010,Enfield,,6398
E05014072,Abbey Wood,,E09000011,Greenwich,,6399
E05014073,Blackheath Westcombe,,E09000011,Greenwich,,6400
E05013791,Whitton,,E09000027,Richmond upon Thames,,6401
E05011095,Borough & Bankside,,E09000028,Southwark,,6402
E05011096,Camberwell Green,,E09000028,Southwark,,6403
E05011097,Champion Hill,,E09000028,Southwark,,6404
E05011098,Chaucer,,E09000028,Southwark,,6405
E05011099,Dulwich Hill,,E09000028,Southwark,,6406
E05011100,Dulwich Village,,E09000028,Southwark,,6407
E05011101,Dulwich Wood,,E09000028,Southwark,,6408
E05011102,Faraday,,E09000028,Southwark,,6409
E05011103,Goose Green,,E09000028,Southwark,,6410
E05011104,London Bridge & West Bermondsey,,E09000028,Southwark,,6411
E05011105,Newington,,E09000028,Southwark,,6412
E05011106,North Bermondsey,,E09000028,Southwark,,6413
E05011107,North Walworth,,E09000028,Southwark,,6414
E05011108,Nunhead & Queen's Road,,E09000028,Southwark,,6415
E05011109,Old Kent Road,,E09000028,Southwark,,6416
E05011110,Peckham,,E09000028,Southwark,,6417
E05011111,Peckham Rye,,E09000028,Southwark,,6418
E05011112,Rotherhithe,,E09000028,Southwark,,6419
E05011113,Rye Lane,,E09000028,Southwark,,6420
E05011114,St George's,,E09000028,Southwark,,6421
E05011115,St Giles,,E09000028,Southwark,,6422
E05011116,South Bermondsey,,E09000028,Southwark,,6423
E05011117,Surrey Docks,,E09000028,Southwark,,6424
E05013754,Beddington,,E09000029,Sutton,,6425
E05013755,Belmont,,E09000029,Sutton,,6426
E05013756,Carshalton Central,,E09000029,Sutton,,6427
E05013757,Carshalton South & Clockhouse,,E09000029,Sutton,,6428
E05013758,Cheam,,E09000029,Sutton,,6429
E05013759,Hackbridge,,E09000029,Sutton,,6430
E05013760,North Cheam,,E09000029,Sutton,,6431
E05013761,St Helier East,,E09000029,Sutton,,6432
E05013762,St Helier West,,E09000029,Sutton,,6433
E05013763,South Beddington & Roundshaw,,E09000029,Sutton,,6434
E05013764,Stonecot,,E09000029,Sutton,,6435
E05013765,Sutton Central,,E09000029,Sutton,,6436
E05013766,Sutton North,,E09000029,Sutton,,6437
E05013767,Sutton South,,E09000029,Sutton,,6438
E05009323,Canary Wharf,,E09000030,Tower Hamlets,,6439
E05013768,Sutton West & East Cheam,,E09000029,Sutton,,6440
E05013769,The Wrythe,,E09000029,Sutton,,6441
E05013770,Wallington North,,E09000029,Sutton,,6442
E05013771,Wallington South,,E09000029,Sutton,,6443
E05013772,Worcester Park North,,E09000029,Sutton,,6444
E05013773,Worcester Park South,,E09000029,Sutton,,6445
E05009317,Bethnal Green East,,E09000030,Tower Hamlets,,6446
E05009318,Blackwall & Cubitt Town,,E09000030,Tower Hamlets,,6447
E05009319,Bow East,,E09000030,Tower Hamlets,,6448
E05009320,Bow West,,E09000030,Tower Hamlets,,6449
E05009321,Bromley North,,E09000030,Tower Hamlets,,6450
E05009322,Bromley South,,E09000030,Tower Hamlets,,6451
E05013917,Maryland,,E09000025,Newham,,6452
E05013741,Hammersmith Broadway,,E09000013,Hammersmith and Fulham,,6453
E05013609,Chiswick Gunnersbury,,E09000018,Hounslow,,6454
E05013610,Chiswick Homefields,,E09000018,Hounslow,,6455
E05013918,Plaistow North,,E09000025,Newham,,6456
E05013611,Chiswick Riverside,,E09000018,Hounslow,,6457
E05009402,Redcliffe,,E09000020,Kensington and Chelsea,,6458
E05013919,Plaistow South,,E09000025,Newham,,6459
E05013612,Cranford,,E09000018,Hounslow,,6460
E05013558,Roxbourne,,E09000015,Harrow,,6461
E05013742,Lillie,,E09000013,Hammersmith and Fulham,,6462
E05009324,Island Gardens,,E09000030,Tower Hamlets,,6463
E05009403,Royal Hospital,,E09000020,Kensington and Chelsea,,6464
E05013920,Plaistow West & Canning Town East,,E09000025,Newham,,6465
E05013613,Feltham North,,E09000018,Hounslow,,6466
E05013559,Roxeth,,E09000015,Harrow,,6467
E05013743,Munster,,E09000013,Hammersmith and Fulham,,6468
E05009325,Lansbury,,E09000030,Tower Hamlets,,6469
E05009404,St. Helen's,,E09000020,Kensington and Chelsea,,6470
E05013921,Plashet,,E09000025,Newham,,6471
E05013614,Feltham West,,E09000018,Hounslow,,6472
E05013560,Stanmore,,E09000015,Harrow,,6473
E05013744,Palace & Hurlingham,,E09000013,Hammersmith and Fulham,,6474
E05009326,Limehouse,,E09000030,Tower Hamlets,,6475
E05009405,Stanley,,E09000020,Kensington and Chelsea,,6476
E05013922,Royal Albert,,E09000025,Newham,,6477
E05013615,Hanworth Park,,E09000018,Hounslow,,6478
E05013561,Wealdstone North,,E09000015,Harrow,,6479
E05013745,Parsons Green & Sandford,,E09000013,Hammersmith and Fulham,,6480
E05009327,Mile End,,E09000030,Tower Hamlets,,6481
E05013928,Alexandra,,E09000021,Kingston upon Thames,,6482
E05013923,Royal Victoria,,E09000025,Newham,,6483
E05013616,Hanworth Village,,E09000018,Hounslow,,6484
E05013562,Wealdstone South,,E09000015,Harrow,,6485
E05013746,Ravenscourt,,E09000013,Hammersmith and Fulham,,6486
E05009328,Poplar,,E09000030,Tower Hamlets,,6487
E05013929,Berrylands,,E09000021,Kingston upon Thames,,6488
E05013924,Stratford,,E09000025,Newham,,6489
E05013617,Heston Central,,E09000018,Hounslow,,6490
E05013563,West Harrow,,E09000015,Harrow,,6491
E05013747,Sands End,,E09000013,Hammersmith and Fulham,,6492
E05009329,St Dunstan's,,E09000030,Tower Hamlets,,6493
E05013930,Canbury Gardens,,E09000021,Kingston upon Thames,,6494
E05013925,Stratford Olympic Park,,E09000025,Newham,,6495
E05013618,Heston East,,E09000018,Hounslow,,6496
E05013967,Beam Park,,E09000016,Havering,,6497
E05013748,Shepherd's Bush Green,,E09000013,Hammersmith and Fulham,,6498
E05009330,St Katharine's & Wapping,,E09000030,Tower Hamlets,,6499
E05013931,Chessington South & Malden Rushett,,E09000021,Kingston upon Thames,,6500
E05013926,Wall End,,E09000025,Newham,,6501
E05013619,Heston West,,E09000018,Hounslow,,6502
E05013968,Cranham,,E09000016,Havering,,6503
E05013749,Walham Green,,E09000013,Hammersmith and Fulham,,6504
E05009331,Bethnal Green West,,E09000030,Tower Hamlets,,6505
E05013932,Coombe Hill,,E09000021,Kingston upon Thames,,6506
E05013927,West Ham,,E09000025,Newham,,6507
E05013620,Hounslow Central,,E09000018,Hounslow,,6508
E05013621,Hounslow East,,E09000018,Hounslow,,6509
E05013622,Hounslow Heath,,E09000018,Hounslow,,6510
E05013623,Hounslow South,,E09000018,Hounslow,,6511
E05013624,Hounslow West,,E09000018,Hounslow,,6512
E05013625,Isleworth,,E09000018,Hounslow,,6513
E05013626,Osterley & Spring Grove,,E09000018,Hounslow,,6514
E05013627,Syon & Brentford Lock,,E09000018,Hounslow,,6515
E05013697,Arsenal,,E09000019,Islington,,6516
E05013698,Barnsbury,,E09000019,Islington,,6517
E05013699,Bunhill,,E09000019,Islington,,6518
E05013700,Caledonian,,E09000019,Islington,,6519
E05013701,Canonbury,,E09000019,Islington,,6520
E05013702,Clerkenwell,,E09000019,Islington,,6521
E05013703,Finsbury Park,,E09000019,Islington,,6522
E05013704,Highbury,,E09000019,Islington,,6523
E05013705,Hillrise,,E09000019,Islington,,6524
E05013706,Holloway,,E09000019,Islington,,6525
E05013707,Junction,,E09000019,Islington,,6526
E05013708,Laycock,,E09000019,Islington,,6527
E05013709,Mildmay,,E09000019,Islington,,6528
E05013710,St Mary's & St James',,E09000019,Islington,,6529
E05013711,St Peter's & Canalside,,E09000019,Islington,,6530
E05013712,Tollington,,E09000019,Islington,,6531
E05013713,Tufnell Park,,E09000019,Islington,,6532
E05009388,Abingdon,,E09000020,Kensington and Chelsea,,6533
E05009389,Brompton & Hans Town,,E09000020,Kensington and Chelsea,,6534
E05009390,Campden,,E09000020,Kensington and Chelsea,,6535
E05009391,Chelsea Riverside,,E09000020,Kensington and Chelsea,,6536
E05009392,Colville,,E09000020,Kensington and Chelsea,,6537
E05009393,Courtfield,,E09000020,Kensington and Chelsea,,6538
E05009394,Dalgarno,,E09000020,Kensington and Chelsea,,6539
E05009395,Earl's Court,,E09000020,Kensington and Chelsea,,6540
E05009396,Golborne,,E09000020,Kensington and Chelsea,,6541
E05009397,Holland,,E09000020,Kensington and Chelsea,,6542
E05009398,Norland,,E09000020,Kensington and Chelsea,,6543
E05009399,Notting Dale,,E09000020,Kensington and Chelsea,,6544
E05009400,Pembridge,,E09000020,Kensington and Chelsea,,6545
E05009401,Queen's Gate,,E09000020,Kensington and Chelsea,,6546
E05013716,Brockley,,E09000023,Lewisham,,6547
E05013933,Coombe Vale,,E09000021,Kingston upon Thames,,6548
E05013969,Elm Park,,E09000016,Havering,,6549
E05013717,Catford South,,E09000023,Lewisham,,6550
E05011234,Aldborough,,E09000026,Redbridge,,6551
E05013750,Wendell Park,,E09000013,Hammersmith and Fulham,,6552
E05013934,Green Lane & St James,,E09000021,Kingston upon Thames,,6553
E05009332,Shadwell,,E09000030,Tower Hamlets,,6554
E05013970,Emerson Park,,E09000016,Havering,,6555
E05013718,Crofton Park,,E09000023,Lewisham,,6556
E05011235,Barkingside,,E09000026,Redbridge,,6557
E05013751,West Kensington,,E09000013,Hammersmith and Fulham,,6558
E05013935,Hook & Chessington North,,E09000021,Kingston upon Thames,,6559
E05009333,Spitalfields & Banglatown,,E09000030,Tower Hamlets,,6560
E05013971,Gooshays,,E09000016,Havering,,6561
E05013719,Deptford,,E09000023,Lewisham,,6562
E05011236,Bridge,,E09000026,Redbridge,,6563
E05013752,White City,,E09000013,Hammersmith and Fulham,,6564
E05013936,King George's & Sunray,,E09000021,Kingston upon Thames,,6565
E05009334,Stepney Green,,E09000030,Tower Hamlets,,6566
E05013972,Hacton,,E09000016,Havering,,6567
E05013720,Downham,,E09000023,Lewisham,,6568
E05011237,Chadwell,,E09000026,Redbridge,,6569
E05013753,Wormholt,,E09000013,Hammersmith and Fulham,,6570
E05013937,Kingston Gate,,E09000021,Kingston upon Thames,,6571
E05009335,Weavers,,E09000030,Tower Hamlets,,6572
E05009336,Whitechapel,,E09000030,Tower Hamlets,,6573
E05013882,Cann Hall,,E09000031,Waltham Forest,,6574
E05013883,Cathall,,E09000031,Waltham Forest,,6575
E05013884,Chapel End,,E09000031,Waltham Forest,,6576
E05013885,Chingford Green,,E09000031,Waltham Forest,,6577
E05013886,Endlebury,,E09000031,Waltham Forest,,6578
E05013887,Forest,,E09000031,Waltham Forest,,6579
E05013888,Grove Green,,E09000031,Waltham Forest,,6580
E05013889,Hale End & Highams Park South,,E09000031,Waltham Forest,,6581
E05013890,Hatch Lane & Highams Park North,,E09000031,Waltham Forest,,6582
E05013891,High Street,,E09000031,Waltham Forest,,6583
E05013892,Higham Hill,,E09000031,Waltham Forest,,6584
E05013893,Hoe Street,,E09000031,Waltham Forest,,6585
E05013894,Larkswood,,E09000031,Waltham Forest,,6586
E05013895,Lea Bridge,,E09000031,Waltham Forest,,6587
E05013896,Leyton,,E09000031,Waltham Forest,,6588
E05013897,Leytonstone,,E09000031,Waltham Forest,,6589
E05013898,Markhouse,,E09000031,Waltham Forest,,6590
E05013899,St James,,E09000031,Waltham Forest,,6591
E05013900,Upper Walthamstow,,E09000031,Waltham Forest,,6592
E05013901,Valley,,E09000031,Waltham Forest,,6593
E05013902,William Morris,,E09000031,Waltham Forest,,6594
E05013903,Wood Street,,E09000031,Waltham Forest,,6595
E05014009,Balham,,E09000032,Wandsworth,,6596
E05014010,Battersea Park,,E09000032,Wandsworth,,6597
E05014011,East Putney,,E09000032,Wandsworth,,6598
E05014012,Falconbrook,,E09000032,Wandsworth,,6599
E05014013,Furzedown,,E09000032,Wandsworth,,6600
E05014014,Lavender,,E09000032,Wandsworth,,6601
E05014015,Nine Elms,,E09000032,Wandsworth,,6602
E05014016,Northcote,,E09000032,Wandsworth,,6603
E05014017,Roehampton,,E09000032,Wandsworth,,6604
E05014018,St Mary's,,E09000032,Wandsworth,,6605
E05014019,Shaftesbury & Queenstown,,E09000032,Wandsworth,,6606
E05014020,South Balham,,E09000032,Wandsworth,,6607
E05014021,Southfields,,E09000032,Wandsworth,,6608
E05014022,Thamesfield,,E09000032,Wandsworth,,6609
E05013973,Harold Wood,,E09000016,Havering,,6610
E05013585,Alexandra Park,,E09000014,Haringey,,6611
E05013974,Havering-atte-Bower,,E09000016,Havering,,6612
E05011238,Churchfields,,E09000026,Redbridge,,6613
E05013586,Bounds Green,,E09000014,Haringey,,6614
E05013975,Heaton,,E09000016,Havering,,6615
E05013721,Evelyn,,E09000023,Lewisham,,6616
E05011239,Clayhall,,E09000026,Redbridge,,6617
E05013587,Bruce Castle,,E09000014,Haringey,,6618
E05013976,Hylands & Harrow Lodge,,E09000016,Havering,,6619
E05013938,Kingston Town,,E09000021,Kingston upon Thames,,6620
E05013722,Forest Hill,,E09000023,Lewisham,,6621
E05011240,Clementswood,,E09000026,Redbridge,,6622
E05013588,Crouch End,,E09000014,Haringey,,6623
E05013977,Marshalls & Rise Park,,E09000016,Havering,,6624
E05013939,Motspur Park & Old Malden East,,E09000021,Kingston upon Thames,,6625
E05013723,Grove Park,,E09000023,Lewisham,,6626
E05011241,Cranbrook,,E09000026,Redbridge,,6627
E05013589,Fortis Green,,E09000014,Haringey,,6628
E05013978,Mawneys,,E09000016,Havering,,6629
E05013940,New Malden Village,,E09000021,Kingston upon Thames,,6630
E05013724,Hither Green,,E09000023,Lewisham,,6631
E05011242,Fairlop,,E09000026,Redbridge,,6632
E05013590,Harringay,,E09000014,Haringey,,6633
E05013979,Rainham & Wennington,,E09000016,Havering,,6634
E05013941,Norbiton,,E09000021,Kingston upon Thames,,6635
E05013725,Ladywell,,E09000023,Lewisham,,6636
E05011243,Fullwell,,E09000026,Redbridge,,6637
E05011244,Goodmayes,,E09000026,Redbridge,,6638
E05011245,Hainault,,E09000026,Redbridge,,6639
E05011246,Ilford Town,,E09000026,Redbridge,,6640
E05011247,Loxford,,E09000026,Redbridge,,6641
E05011248,Mayfield,,E09000026,Redbridge,,6642
E05011249,Monkhams,,E09000026,Redbridge,,6643
E05011250,Newbury,,E09000026,Redbridge,,6644
E05011251,Seven Kings,,E09000026,Redbridge,,6645
E05011252,South Woodford,,E09000026,Redbridge,,6646
E05011253,Valentines,,E09000026,Redbridge,,6647
E05011254,Wanstead Park,,E09000026,Redbridge,,6648
E05011255,Wanstead Village,,E09000026,Redbridge,,6649
E05013774,Barnes,,E09000027,Richmond upon Thames,,6650
E05013775,East Sheen,,E09000027,Richmond upon Thames,,6651
E05013776,Fulwell & Hampton Hill,,E09000027,Richmond upon Thames,,6652
E05013777,"Ham, Petersham & Richmond Riverside",,E09000027,Richmond upon Thames,,6653
E05013778,Hampton,,E09000027,Richmond upon Thames,,6654
E05013779,Hampton North,,E09000027,Richmond upon Thames,,6655
E05013780,Hampton Wick & South Teddington,,E09000027,Richmond upon Thames,,6656
E05013781,Heathfield,,E09000027,Richmond upon Thames,,6657
E05013782,Kew,,E09000027,Richmond upon Thames,,6658
E05013783,Mortlake & Barnes Common,,E09000027,Richmond upon Thames,,6659
E05013784,North Richmond,,E09000027,Richmond upon Thames,,6660
E05013785,St Margarets & North Twickenham,,E09000027,Richmond upon Thames,,6661
E05013786,South Richmond,,E09000027,Richmond upon Thames,,6662
E05013787,South Twickenham,,E09000027,Richmond upon Thames,,6663
E05013788,Teddington,,E09000027,Richmond upon Thames,,6664
E05013789,Twickenham Riverside,,E09000027,Richmond upon Thames,,6665
E05013790,West Twickenham,,E09000027,Richmond upon Thames,,6666
E05013591,Hermitage & Gardens,,E09000014,Haringey,,6667
E05013942,Old Malden,,E09000021,Kingston upon Thames,,6668
E05013592,Highgate,,E09000014,Haringey,,6669
E05013726,Lee Green,,E09000023,Lewisham,,6670
E05013943,St Mark's & Seething Wells,,E09000021,Kingston upon Thames,,6671
E05013593,Hornsey,,E09000014,Haringey,,6672
E05013727,Lewisham Central,,E09000023,Lewisham,,6673
E05013980,Rush Green & Crowlands,,E09000016,Havering,,6674
E05013944,Surbiton Hill,,E09000021,Kingston upon Thames,,6675
E05013594,Muswell Hill,,E09000014,Haringey,,6676
E05013728,New Cross Gate,,E09000023,Lewisham,,6677
E05013981,St Alban's,,E09000016,Havering,,6678
E05013945,Tolworth,,E09000021,Kingston upon Thames,,6679
E05013595,Noel Park,,E09000014,Haringey,,6680
E05013729,Perry Vale,,E09000023,Lewisham,,6681
E05013982,St Andrew's,,E09000016,Havering,,6682
E05013946,Tudor,,E09000021,Kingston upon Thames,,6683
E05013596,Northumberland Park,,E09000014,Haringey,,6684
E05013730,Rushey Green,,E09000023,Lewisham,,6685
E05013983,St Edward's,,E09000016,Havering,,6686
E05014095,Brixton Acre Lane,,E09000022,Lambeth,,6687
E05013597,St Ann's,,E09000014,Haringey,,6688
E05013731,Sydenham,,E09000023,Lewisham,,6689
E05013984,South Hornchurch,,E09000016,Havering,,6690
E05014096,Brixton North,,E09000022,Lambeth,,6691
E05013598,Seven Sisters,,E09000014,Haringey,,6692
E05013732,Telegraph Hill,,E09000023,Lewisham,,6693
E05013985,Squirrels Heath,,E09000016,Havering,,6694
E05014097,Brixton Rush Common,,E09000022,Lambeth,,6695
E05013599,South Tottenham,,E09000014,Haringey,,6696
E05013810,Abbey,,E09000024,Merton,,6697
E05013986,Upminster,,E09000016,Havering,,6698
E05014098,Brixton Windrush,,E09000022,Lambeth,,6699
E05013600,Stroud Green,,E09000014,Haringey,,6700
E05013601,Tottenham Central,,E09000014,Haringey,,6701
E05013602,Tottenham Hale,,E09000014,Haringey,,6702
E05013603,West Green,,E09000014,Haringey,,6703
E05013604,White Hart Lane,,E09000014,Haringey,,6704
E05013605,Woodside,,E09000014,Haringey,,6705
E05013542,Belmont,,E09000015,Harrow,,6706
E05013543,Canons,,E09000015,Harrow,,6707
E05013544,Centenary,,E09000015,Harrow,,6708
E05013545,Edgware,,E09000015,Harrow,,6709
E05013546,Greenhill,,E09000015,Harrow,,6710
E05013547,Harrow on the Hill,,E09000015,Harrow,,6711
E05013548,Harrow Weald,,E09000015,Harrow,,6712
E05013549,Hatch End,,E09000015,Harrow,,6713
E05013550,Headstone,,E09000015,Harrow,,6714
E05013551,Kenton East,,E09000015,Harrow,,6715
E05013552,Kenton West,,E09000015,Harrow,,6716
E05013553,Marlborough,,E09000015,Harrow,,6717
E05013554,North Harrow,,E09000015,Harrow,,6718
E05013555,Pinner,,E09000015,Harrow,,6719
E05013556,Pinner South,,E09000015,Harrow,,6720
E05013557,Rayners Lane,,E09000015,Harrow,,6721
E05013564,Belmore,,E09000017,Hillingdon,,6722
E05014099,Clapham Common & Abbeville,,E09000022,Lambeth,,6723
E05013565,Charville,,E09000017,Hillingdon,,6724
E05014100,Clapham East,,E09000022,Lambeth,,6725
E05013566,Colham & Cowley,,E09000017,Hillingdon,,6726
E05014101,Clapham Park,,E09000022,Lambeth,,6727
E05013567,Eastcote,,E09000017,Hillingdon,,6728
E05014102,Clapham Town,,E09000022,Lambeth,,6729
E05013568,Harefield Village,,E09000017,Hillingdon,,6730
E05013811,Cannon Hill,,E09000024,Merton,,6731
E05014103,Gipsy Hill,,E09000022,Lambeth,,6732
E05013569,Hayes Town,,E09000017,Hillingdon,,6733
E05013812,Colliers Wood,,E09000024,Merton,,6734
E05014104,Herne Hill & Loughborough Junction,,E09000022,Lambeth,,6735
E05013570,Heathrow Villages,,E09000017,Hillingdon,,6736
E05013813,Cricket Green,,E09000024,Merton,,6737
E05014105,Kennington,,E09000022,Lambeth,,6738
E05013571,Hillingdon East,,E09000017,Hillingdon,,6739
E05013814,Figge's Marsh,,E09000024,Merton,,6740
E05014106,Knight's Hill,,E09000022,Lambeth,,6741
E05013572,Hillingdon West,,E09000017,Hillingdon,,6742
E05013815,Graveney,,E09000024,Merton,,6743
E05014107,Myatt's Fields,,E09000022,Lambeth,,6744
E05013573,Ickenham & South Harefield,,E09000017,Hillingdon,,6745
E05013816,Hillside,,E09000024,Merton,,6746
E05014108,Oval,,E09000022,Lambeth,,6747
E05013574,Northwood,,E09000017,Hillingdon,,6748
E05013817,Lavender Fields,,E09000024,Merton,,6749
E05014109,St Martin's,,E09000022,Lambeth,,6750
E05013575,Northwood Hills,,E09000017,Hillingdon,,6751
E05013818,Longthornton,,E09000024,Merton,,6752
E05014110,Stockwell East,,E09000022,Lambeth,,6753
E05013576,Pinkwell,,E09000017,Hillingdon,,6754
E05013819,Lower Morden,,E09000024,Merton,,6755
E05014111,Stockwell West & Larkhall,,E09000022,Lambeth,,6756
E05013577,Ruislip,,E09000017,Hillingdon,,6757
E05013820,Merton Park,,E09000024,Merton,,6758
E05014112,Streatham Common & Vale,,E09000022,Lambeth,,6759
E05013578,Ruislip Manor,,E09000017,Hillingdon,,6760
E05013821,Pollards Hill,,E09000024,Merton,,6761
E05014113,Streatham Hill East,,E09000022,Lambeth,,6762
E05013579,South Ruislip,,E09000017,Hillingdon,,6763
E05013822,Ravensbury,,E09000024,Merton,,6764
E05014114,Streatham Hill West & Thornton,,E09000022,Lambeth,,6765
E05013580,Uxbridge,,E09000017,Hillingdon,,6766
E05013823,Raynes Park,,E09000024,Merton,,6767
E05014115,Streatham St Leonard's,,E09000022,Lambeth,,6768
E05013581,West Drayton,,E09000017,Hillingdon,,6769
E05013582,Wood End,,E09000017,Hillingdon,,6770
E05013583,Yeading,,E09000017,Hillingdon,,6771
E05013584,Yiewsley,,E09000017,Hillingdon,,6772
E05013606,Bedfont,,E09000018,Hounslow,,6773
E05013607,Brentford East,,E09000018,Hounslow,,6774
E05013608,Brentford West,,E09000018,Hounslow,,6775
E05014116,Streatham Wells,,E09000022,Lambeth,,6776
E05013824,St Helier,,E09000024,Merton,,6777
E05014117,Vauxhall,,E09000022,Lambeth,,6778
E05013825,Village,,E09000024,Merton,,6779
E05014118,Waterloo & South Bank,,E09000022,Lambeth,,6780
E05013826,Wandle,,E09000024,Merton,,6781
E05014119,West Dulwich,,E09000022,Lambeth,,6782
E05013827,West Barnes,,E09000024,Merton,,6783
E05013714,Bellingham,,E09000023,Lewisham,,6784
E05013828,Wimbledon Park,,E09000024,Merton,,6785
E05013715,Blackheath,,E09000023,Lewisham,,6786
E05013829,Wimbledon Town & Dundonald,,E09000024,Merton,,6787
E05013904,Beckton,,E09000025,Newham,,6788
E05013905,Boleyn,,E09000025,Newham,,6789
E05013906,Canning Town North,,E09000025,Newham,,6790
E05013907,Canning Town South,,E09000025,Newham,,6791
E05013908,Custom House,,E09000025,Newham,,6792
E05013909,East Ham,,E09000025,Newham,,6793
E05013910,East Ham South,,E09000025,Newham,,6794
E05013911,Forest Gate North,,E09000025,Newham,,6795
E05013912,Forest Gate South,,E09000025,Newham,,6796
E05013913,Green Street East,,E09000025,Newham,,6797
E05013914,Green Street West,,E09000025,Newham,,6798
E05013915,Little Ilford,,E09000025,Newham,,6799
E05013916,Manor Park,,E09000025,Newham,,6800
N08000344,Ravenhill,,N09000003,Belfast,,6801
N08000345,Rosetta,,N09000003,Belfast,,6802
N08000346,Sandown,,N09000003,Belfast,,6803
N08000347,Shandon,,N09000003,Belfast,,6804
N08000348,Shankill,,N09000003,Belfast,,6805
N08000349,Shaw's Road,,N09000003,Belfast,,6806
N08000350,Stewartstown,,N09000003,Belfast,,6807
N08000351,Stormont,,N09000003,Belfast,,6808
N08000352,Stranmillis,,N09000003,Belfast,,6809
N08000353,Sydenham,,N09000003,Belfast,,6810
N08000354,Turf Lodge,,N09000003,Belfast,,6811
N08000355,Twinbrook,,N09000003,Belfast,,6812
N08000356,Upper Malone,,N09000003,Belfast,,6813
N08000357,Water Works,,N09000003,Belfast,,6814
N08000358,Windsor,,N09000003,Belfast,,6815
N08000359,Woodstock,,N09000003,Belfast,,6816
N08000360,Woodvale,,N09000003,Belfast,,6817
N08000401,Aghadowey,,N09000004,Causeway Coast and Glens,,6818
N08000402,Altahullion,,N09000004,Causeway Coast and Glens,,6819
N08000403,Atlantic,,N09000004,Causeway Coast and Glens,,6820
N08000404,Ballycastle,,N09000004,Causeway Coast and Glens,,6821
N08000405,Ballykelly,,N09000004,Causeway Coast and Glens,,6822
N08000406,Ballymoney East,,N09000004,Causeway Coast and Glens,,6823
N08000407,Ballymoney North,,N09000004,Causeway Coast and Glens,,6824
N08000408,Ballymoney South,,N09000004,Causeway Coast and Glens,,6825
N08000409,Castlerock,,N09000004,Causeway Coast and Glens,,6826
N08000410,Churchland,,N09000004,Causeway Coast and Glens,,6827
N08000125,Mallusk,,N09000001,Antrim and Newtownabbey,,6828
N08000411,Clogh Mills,,N09000004,Causeway Coast and Glens,,6829
N08000412,Coolessan,,N09000004,Causeway Coast and Glens,,6830
N08000413,Dervock,,N09000004,Causeway Coast and Glens,,6831
N08000126,Monkstown,,N09000001,Antrim and Newtownabbey,,6832
N08000414,Drumsurn,,N09000004,Causeway Coast and Glens,,6833
N08000127,Mossley,,N09000001,Antrim and Newtownabbey,,6834
N08000824,Grange,,N09000008,Mid and East Antrim,,6835
N08000415,Dundooan,,N09000004,Causeway Coast and Glens,,6836
N08000416,Dungiven,,N09000004,Causeway Coast and Glens,,6837
N08000417,Dunloy,,N09000004,Causeway Coast and Glens,,6838
N08000418,Feeny,,N09000004,Causeway Coast and Glens,,6839
N08000419,Garvagh,,N09000004,Causeway Coast and Glens,,6840
N08000420,Giant's Causeway,,N09000004,Causeway Coast and Glens,,6841
N08000421,Greysteel,,N09000004,Causeway Coast and Glens,,6842
N08000422,Greystone,,N09000004,Causeway Coast and Glens,,6843
N08000423,Hopefield,,N09000004,Causeway Coast and Glens,,6844
N08000424,Kilrea,,N09000004,Causeway Coast and Glens,,6845
N08000425,Kinbane,,N09000004,Causeway Coast and Glens,,6846
N08000426,Loughguile and Stranocum,,N09000004,Causeway Coast and Glens,,6847
N08000427,Lurigethan,,N09000004,Causeway Coast and Glens,,6848
N08000428,Macosquin,,N09000004,Causeway Coast and Glens,,6849
N08000429,Magilligan,,N09000004,Causeway Coast and Glens,,6850
N08000430,Mountsandel,,N09000004,Causeway Coast and Glens,,6851
N08000431,Portrush and Dunluce,,N09000004,Causeway Coast and Glens,,6852
N08000432,Portstewart,,N09000004,Causeway Coast and Glens,,6853
N08000433,Quarry,,N09000004,Causeway Coast and Glens,,6854
N08000434,Rasharkin,,N09000004,Causeway Coast and Glens,,6855
N08000714,Drumbo,,N09000007,Lisburn and Castlereagh,,6856
E05014023,Tooting Bec,,E09000032,Wandsworth,,6857
N08000715,Dundonald,,N09000007,Lisburn and Castlereagh,,6858
N08000716,Enler,,N09000007,Lisburn and Castlereagh,,6859
N08000717,Galwally,,N09000007,Lisburn and Castlereagh,,6860
N08000718,Glenavy,,N09000007,Lisburn and Castlereagh,,6861
N08000719,Graham's Bridge,,N09000007,Lisburn and Castlereagh,,6862
N08000720,Harmony Hill,,N09000007,Lisburn and Castlereagh,,6863
N08000721,Hilden,,N09000007,Lisburn and Castlereagh,,6864
N08000722,Hillhall,,N09000007,Lisburn and Castlereagh,,6865
N08000723,Hillsborough,,N09000007,Lisburn and Castlereagh,,6866
N08000724,Knockbracken,,N09000007,Lisburn and Castlereagh,,6867
N08000725,Knockmore,,N09000007,Lisburn and Castlereagh,,6868
N08000726,Lagan,,N09000007,Lisburn and Castlereagh,,6869
N08000727,Lagan Valley,,N09000007,Lisburn and Castlereagh,,6870
N08000728,Lambeg,,N09000007,Lisburn and Castlereagh,,6871
N08000729,Lisnagarvey,,N09000007,Lisburn and Castlereagh,,6872
N08000730,Maghaberry,,N09000007,Lisburn and Castlereagh,,6873
N08000731,Magheralave,,N09000007,Lisburn and Castlereagh,,6874
N08000732,Maze,,N09000007,Lisburn and Castlereagh,,6875
N08000733,Moira,,N09000007,Lisburn and Castlereagh,,6876
N08000734,Moneyreagh,,N09000007,Lisburn and Castlereagh,,6877
N08000735,Newtownbreda,,N09000007,Lisburn and Castlereagh,,6878
N08000736,Old Warren,,N09000007,Lisburn and Castlereagh,,6879
N08000737,Ravernet,,N09000007,Lisburn and Castlereagh,,6880
N08000738,Stonyford,,N09000007,Lisburn and Castlereagh,,6881
N08000739,Wallace Park,,N09000007,Lisburn and Castlereagh,,6882
N08000740,White Mountain,,N09000007,Lisburn and Castlereagh,,6883
E05014024,Tooting Broadway,,E09000032,Wandsworth,,6884
N08000801,Academy,,N09000008,Mid and East Antrim,,6885
N08000435,Roeside,,N09000004,Causeway Coast and Glens,,6886
E05014025,Trinity,,E09000032,Wandsworth,,6887
N08000802,Ahoghill,,N09000008,Mid and East Antrim,,6888
N08000436,Route,,N09000004,Causeway Coast and Glens,,6889
N08000825,Greenisland,,N09000008,Mid and East Antrim,,6890
E05014026,Wandle,,E09000032,Wandsworth,,6891
N08000803,Ardeevin,,N09000008,Mid and East Antrim,,6892
N08000437,Torr Head and Rathlin,,N09000004,Causeway Coast and Glens,,6893
N08000826,Islandmagee,,N09000008,Mid and East Antrim,,6894
E05014027,Wandsworth Common,,E09000032,Wandsworth,,6895
N08000235,Richhill,,N09000002,"Armagh City, Banbridge and Craigavon",,6896
N08000804,Ballee and Harryville,,N09000008,Mid and East Antrim,,6897
N08000805,Ballycarry and Glynn,,N09000008,Mid and East Antrim,,6898
N08000806,Ballykeel,,N09000008,Mid and East Antrim,,6899
N08000807,Boneybefore,,N09000008,Mid and East Antrim,,6900
N08000808,Braidwater,,N09000008,Mid and East Antrim,,6901
N08000809,Broughshane,,N09000008,Mid and East Antrim,,6902
N08000810,Burleigh Hill,,N09000008,Mid and East Antrim,,6903
N08000811,Cairncastle,,N09000008,Mid and East Antrim,,6904
N08000812,Carnlough and Glenarm,,N09000008,Mid and East Antrim,,6905
N08000813,Castle,,N09000008,Mid and East Antrim,,6906
N08000814,Castle Demesne,,N09000008,Mid and East Antrim,,6907
N08000815,Craigyhill,,N09000008,Mid and East Antrim,,6908
N08000816,Cullybackey,,N09000008,Mid and East Antrim,,6909
N08000817,Curran and Inver,,N09000008,Mid and East Antrim,,6910
N08000818,Fair Green,,N09000008,Mid and East Antrim,,6911
N08000819,Galgorm,,N09000008,Mid and East Antrim,,6912
N08000820,Gardenmore,,N09000008,Mid and East Antrim,,6913
N08000821,Glenravel,,N09000008,Mid and East Antrim,,6914
N08000822,Glenwhirry,,N09000008,Mid and East Antrim,,6915
N08000823,Gortalee,,N09000008,Mid and East Antrim,,6916
N08000128,O'Neill,,N09000001,Antrim and Newtownabbey,,6917
N08000236,Seagahan,,N09000002,"Armagh City, Banbridge and Craigavon",,6918
E05014028,Wandsworth Town,,E09000032,Wandsworth,,6919
N08000237,Shankill,,N09000002,"Armagh City, Banbridge and Craigavon",,6920
E05014029,West Hill,,E09000032,Wandsworth,,6921
N08000238,Tandragee,,N09000002,"Armagh City, Banbridge and Craigavon",,6922
E05014030,West Putney,,E09000032,Wandsworth,,6923
N08000239,The Birches,,N09000002,"Armagh City, Banbridge and Craigavon",,6924
N08000129,Parkgate,,N09000001,Antrim and Newtownabbey,,6925
E05013792,Abbey Road,,E09000033,Westminster,,6926
N08000240,The Mall,,N09000002,"Armagh City, Banbridge and Craigavon",,6927
N08000130,Randalstown,,N09000001,Antrim and Newtownabbey,,6928
E05013793,Bayswater,,E09000033,Westminster,,6929
N08000438,University,,N09000004,Causeway Coast and Glens,,6930
N08000827,Kells,,N09000008,Mid and East Antrim,,6931
N08000241,Waringstown,,N09000002,"Armagh City, Banbridge and Craigavon",,6932
N08000131,Rathcoole,,N09000001,Antrim and Newtownabbey,,6933
E05013794,Church Street,,E09000033,Westminster,,6934
N08000439,Waterside,,N09000004,Causeway Coast and Glens,,6935
N08000828,Kilroot,,N09000008,Mid and East Antrim,,6936
N08000301,Andersonstown,,N09000003,Belfast,,6937
N08000132,Rostulla,,N09000001,Antrim and Newtownabbey,,6938
E05013795,Harrow Road,,E09000033,Westminster,,6939
N08000440,Windy Hall,,N09000004,Causeway Coast and Glens,,6940
N08000829,Kilwaughter,,N09000008,Mid and East Antrim,,6941
N08000302,Ardoyne,,N09000003,Belfast,,6942
N08000133,Shilvodan,,N09000001,Antrim and Newtownabbey,,6943
E05013796,Hyde Park,,E09000033,Westminster,,6944
N08000501,Artigarvan,,N09000005,Derry City and Strabane,,6945
N08000830,Kirkinriola,,N09000008,Mid and East Antrim,,6946
N08000303,Ballygomartin,,N09000003,Belfast,,6947
N08000134,Springfarm,,N09000001,Antrim and Newtownabbey,,6948
E05013797,Knightsbridge & Belgravia,,E09000033,Westminster,,6949
N08000502,Ballycolman,,N09000005,Derry City and Strabane,,6950
N08000831,Love Lane,,N09000008,Mid and East Antrim,,6951
N08000304,Ballymacarrett,,N09000003,Belfast,,6952
N08000135,Steeple,,N09000001,Antrim and Newtownabbey,,6953
E05013798,Lancaster Gate,,E09000033,Westminster,,6954
N08000503,Ballymagroarty,,N09000005,Derry City and Strabane,,6955
N08000832,Maine,,N09000008,Mid and East Antrim,,6956
N08000833,Park,,N09000008,Mid and East Antrim,,6957
N08000834,Portglenone,,N09000008,Mid and East Antrim,,6958
N08000835,Slemish,,N09000008,Mid and East Antrim,,6959
N08000836,Sunnylands,,N09000008,Mid and East Antrim,,6960
N08000837,The Maidens,,N09000008,Mid and East Antrim,,6961
N08000838,Victoria,,N09000008,Mid and East Antrim,,6962
N08000839,Whitehead South,,N09000008,Mid and East Antrim,,6963
N08000840,Woodburn,,N09000008,Mid and East Antrim,,6964
N08000901,Ardboe,,N09000009,Mid Ulster,,6965
N08000902,Augher and Clogher,,N09000009,Mid Ulster,,6966
N08000903,Aughnacloy,,N09000009,Mid Ulster,,6967
N08000904,Ballygawley,,N09000009,Mid Ulster,,6968
N08000905,Ballymaguigan,,N09000009,Mid Ulster,,6969
N08000906,Ballysaggart,,N09000009,Mid Ulster,,6970
N08000907,Bellaghy,,N09000009,Mid Ulster,,6971
N08000908,Caledon,,N09000009,Mid Ulster,,6972
N08000909,Castlecaulfield,,N09000009,Mid Ulster,,6973
N08000910,Castledawson,,N09000009,Mid Ulster,,6974
N08000911,Coagh,,N09000009,Mid Ulster,,6975
N08000912,Coalisland North,,N09000009,Mid Ulster,,6976
N08000913,Coalisland South,,N09000009,Mid Ulster,,6977
N08000914,Cookstown East,,N09000009,Mid Ulster,,6978
N08000915,Cookstown South,,N09000009,Mid Ulster,,6979
N08000916,Cookstown West,,N09000009,Mid Ulster,,6980
N08000917,Coolshinny,,N09000009,Mid Ulster,,6981
N08000918,Donaghmore,,N09000009,Mid Ulster,,6982
N08000919,Draperstown,,N09000009,Mid Ulster,,6983
N08000920,Fivemiletown,,N09000009,Mid Ulster,,6984
N08000921,Glebe,,N09000009,Mid Ulster,,6985
N08000922,Killyman,,N09000009,Mid Ulster,,6986
N08000923,Killymeal,,N09000009,Mid Ulster,,6987
N08000924,Lissan,,N09000009,Mid Ulster,,6988
N08000925,Loughry,,N09000009,Mid Ulster,,6989
N08000926,Lower Glenshane,,N09000009,Mid Ulster,,6990
N08000927,Maghera,,N09000009,Mid Ulster,,6991
N08000928,Moy,,N09000009,Mid Ulster,,6992
N08000929,Moygashel,,N09000009,Mid Ulster,,6993
N08000930,Mullaghmore,,N09000009,Mid Ulster,,6994
N08000931,Oaklands,,N09000009,Mid Ulster,,6995
N08000932,Pomeroy,,N09000009,Mid Ulster,,6996
N08000933,Stewartstown,,N09000009,Mid Ulster,,6997
E05013799,Little Venice,,E09000033,Westminster,,6998
N08000136,Stiles,,N09000001,Antrim and Newtownabbey,,6999
N08000305,Ballymurphy,,N09000003,Belfast,,7000
E05013800,Maida Vale,,E09000033,Westminster,,7001
N08000137,Templepatrick,,N09000001,Antrim and Newtownabbey,,7002
N08000306,Ballysillan,,N09000003,Belfast,,7003
E05013801,Marylebone,,E09000033,Westminster,,7004
N08000504,Brandywell,,N09000005,Derry City and Strabane,,7005
N08000138,Toome,,N09000001,Antrim and Newtownabbey,,7006
N08000307,Beechmount,,N09000003,Belfast,,7007
N08000604,Beragh,,N09000006,Fermanagh and Omagh,,7008
E05013802,Pimlico North,,E09000033,Westminster,,7009
N08000505,Carn Hill,,N09000005,Derry City and Strabane,,7010
N08000139,Valley,,N09000001,Antrim and Newtownabbey,,7011
N08000308,Beersbridge,,N09000003,Belfast,,7012
N08000605,"Boho, Cleenish and Letterbreen",,N09000006,Fermanagh and Omagh,,7013
E05013803,Pimlico South,,E09000033,Westminster,,7014
N08000506,Castlederg,,N09000005,Derry City and Strabane,,7015
N08000140,Whitehouse,,N09000001,Antrim and Newtownabbey,,7016
N08000309,Bellevue,,N09000003,Belfast,,7017
N08000606,Brookeborough,,N09000006,Fermanagh and Omagh,,7018
E05013804,Queen's Park,,E09000033,Westminster,,7019
N08000507,Caw,,N09000005,Derry City and Strabane,,7020
N08000310,Belmont,,N09000003,Belfast,,7021
N08000201,Aghagallon,,N09000002,"Armagh City, Banbridge and Craigavon",,7022
N08000311,Belvoir,,N09000003,Belfast,,7023
N08000607,Camowen,,N09000006,Fermanagh and Omagh,,7024
E05013805,Regent's Park,,E09000033,Westminster,,7025
N08000508,City Walls,,N09000005,Derry City and Strabane,,7026
E05013806,St James's,,E09000033,Westminster,,7027
N08000312,Blackstaff,,N09000003,Belfast,,7028
N08000509,Claudy,,N09000005,Derry City and Strabane,,7029
N08000202,Ballybay,,N09000002,"Armagh City, Banbridge and Craigavon",,7030
E05013807,Vincent Square,,E09000033,Westminster,,7031
N08000608,Castlecoole,,N09000006,Fermanagh and Omagh,,7032
N08000313,Bloomfield,,N09000003,Belfast,,7033
N08000510,Clondermot,,N09000005,Derry City and Strabane,,7034
N08000203,Banbridge East,,N09000002,"Armagh City, Banbridge and Craigavon",,7035
E05013808,West End,,E09000033,Westminster,,7036
N08000609,Coolnagard,,N09000006,Fermanagh and Omagh,,7037
N08000314,Cavehill,,N09000003,Belfast,,7038
N08000511,Creggan,,N09000005,Derry City and Strabane,,7039
N08000204,Banbridge North,,N09000002,"Armagh City, Banbridge and Craigavon",,7040
E05013809,Westbourne,,E09000033,Westminster,,7041
N08000610,Dergmoney,,N09000006,Fermanagh and Omagh,,7042
N08000315,Central,,N09000003,Belfast,,7043
N08000512,Creggan South,,N09000005,Derry City and Strabane,,7044
N08000205,Banbridge South,,N09000002,"Armagh City, Banbridge and Craigavon",,7045
N08000101,Abbey,,N09000001,Antrim and Newtownabbey,,7046
N08000611,Derrygonnelly,,N09000006,Fermanagh and Omagh,,7047
N08000316,Chichester Park,,N09000003,Belfast,,7048
N08000513,Culmore,,N09000005,Derry City and Strabane,,7049
N08000206,Banbridge West,,N09000002,"Armagh City, Banbridge and Craigavon",,7050
N08000102,Aldergrove,,N09000001,Antrim and Newtownabbey,,7051
N08000612,Derrylin,,N09000006,Fermanagh and Omagh,,7052
N08000317,Cliftonville,,N09000003,Belfast,,7053
N08000514,Drumahoe,,N09000005,Derry City and Strabane,,7054
N08000207,Blackwatertown,,N09000002,"Armagh City, Banbridge and Craigavon",,7055
N08000103,Antrim Centre,,N09000001,Antrim and Newtownabbey,,7056
N08000613,Donagh,,N09000006,Fermanagh and Omagh,,7057
N08000318,Clonard,,N09000003,Belfast,,7058
N08000515,Dunnamanagh,,N09000005,Derry City and Strabane,,7059
N08000208,Bleary,,N09000002,"Armagh City, Banbridge and Craigavon",,7060
N08000104,Ballyclare East,,N09000001,Antrim and Newtownabbey,,7061
N08000614,Dromore,,N09000006,Fermanagh and Omagh,,7062
N08000319,Collin Glen,,N09000003,Belfast,,7063
N08000516,Ebrington,,N09000005,Derry City and Strabane,,7064
N08000209,Brownlow,,N09000002,"Armagh City, Banbridge and Craigavon",,7065
N08000105,Ballyclare West,,N09000001,Antrim and Newtownabbey,,7066
N08000615,Drumnakilly,,N09000006,Fermanagh and Omagh,,7067
N08000320,Connswater,,N09000003,Belfast,,7068
N08000517,Eglinton,,N09000005,Derry City and Strabane,,7069
N08000210,Cathedral,,N09000002,"Armagh City, Banbridge and Craigavon",,7070
N08000106,Ballyduff,,N09000001,Antrim and Newtownabbey,,7071
N08000616,Drumquin,,N09000006,Fermanagh and Omagh,,7072
N08000321,Cregagh,,N09000003,Belfast,,7073
N08000518,Enagh,,N09000005,Derry City and Strabane,,7074
N08000211,Corcrain,,N09000002,"Armagh City, Banbridge and Craigavon",,7075
N08000107,Ballyhenry,,N09000001,Antrim and Newtownabbey,,7076
N08000617,Ederney and Kesh,,N09000006,Fermanagh and Omagh,,7077
N08000322,Duncairn,,N09000003,Belfast,,7078
N08000519,Finn,,N09000005,Derry City and Strabane,,7079
N08000212,Craigavon Centre,,N09000002,"Armagh City, Banbridge and Craigavon",,7080
N08000108,Ballynure,,N09000001,Antrim and Newtownabbey,,7081
N08000618,Erne,,N09000006,Fermanagh and Omagh,,7082
N08000213,Demesne,,N09000002,"Armagh City, Banbridge and Craigavon",,7083
N08000109,Ballyrobert,,N09000001,Antrim and Newtownabbey,,7084
N08000323,Dunmurry,,N09000003,Belfast,,7085
N08000520,Foyle Springs,,N09000005,Derry City and Strabane,,7086
N08000110,Burnthill,,N09000001,Antrim and Newtownabbey,,7087
N08000324,Falls,,N09000003,Belfast,,7088
N08000619,Fairy Water,,N09000006,Fermanagh and Omagh,,7089
N08000214,Derrytrasna,,N09000002,"Armagh City, Banbridge and Craigavon",,7090
N08000521,Galliagh,,N09000005,Derry City and Strabane,,7091
N08000111,Carnmoney,,N09000001,Antrim and Newtownabbey,,7092
N08000325,Falls Park,,N09000003,Belfast,,7093
N08000620,Fintona,,N09000006,Fermanagh and Omagh,,7094
N08000215,Donaghcloney,,N09000002,"Armagh City, Banbridge and Craigavon",,7095
N08000522,Glenderg,,N09000005,Derry City and Strabane,,7096
N08000112,Carnmoney Hill,,N09000001,Antrim and Newtownabbey,,7097
N08000326,Finaghy,,N09000003,Belfast,,7098
N08000621,Florence Court and Kinawley,,N09000006,Fermanagh and Omagh,,7099
N08000216,Dromore,,N09000002,"Armagh City, Banbridge and Craigavon",,7100
N08000523,Glenelly Valley,,N09000005,Derry City and Strabane,,7101
N08000113,Clady,,N09000001,Antrim and Newtownabbey,,7102
N08000327,Forth River,,N09000003,Belfast,,7103
N08000622,Gortin,,N09000006,Fermanagh and Omagh,,7104
N08000217,Gilford,,N09000002,"Armagh City, Banbridge and Craigavon",,7105
N08000524,Kilfennan,,N09000005,Derry City and Strabane,,7106
N08000114,Collinbridge,,N09000001,Antrim and Newtownabbey,,7107
N08000328,Fortwilliam,,N09000003,Belfast,,7108
N08000623,Gortrush,,N09000006,Fermanagh and Omagh,,7109
N08000218,Gransha,,N09000002,"Armagh City, Banbridge and Craigavon",,7110
N08000525,Lisnagelvin,,N09000005,Derry City and Strabane,,7111
N08000115,Cranfield,,N09000001,Antrim and Newtownabbey,,7112
N08000329,Garnerville,,N09000003,Belfast,,7113
N08000624,Irvinestown,,N09000006,Fermanagh and Omagh,,7114
N08000219,Hamiltonsbawn,,N09000002,"Armagh City, Banbridge and Craigavon",,7115
N08000526,Madam's Bank,,N09000005,Derry City and Strabane,,7116
N08000116,Crumlin,,N09000001,Antrim and Newtownabbey,,7117
N08000330,Gilnahirk,,N09000003,Belfast,,7118
N08000625,Killyclogher,,N09000006,Fermanagh and Omagh,,7119
N08000220,Keady,,N09000002,"Armagh City, Banbridge and Craigavon",,7120
N08000527,New Buildings,,N09000005,Derry City and Strabane,,7121
N08000117,Doagh,,N09000001,Antrim and Newtownabbey,,7122
N08000331,Hillfoot,,N09000003,Belfast,,7123
N08000626,Lisbellaw,,N09000006,Fermanagh and Omagh,,7124
N08000221,Kernan,,N09000002,"Armagh City, Banbridge and Craigavon",,7125
N08000528,Newtownstewart,,N09000005,Derry City and Strabane,,7126
N08000118,Fairview,,N09000001,Antrim and Newtownabbey,,7127
N08000332,Innisfayle,,N09000003,Belfast,,7128
N08000627,Lisnarrick,,N09000006,Fermanagh and Omagh,,7129
N08000222,Killycomain,,N09000002,"Armagh City, Banbridge and Craigavon",,7130
N08000529,Northland,,N09000005,Derry City and Strabane,,7131
N08000119,Fountain Hill,,N09000001,Antrim and Newtownabbey,,7132
N08000333,Knock,,N09000003,Belfast,,7133
N08000628,Lisnaskea,,N09000006,Fermanagh and Omagh,,7134
N08000223,Knocknashane,,N09000002,"Armagh City, Banbridge and Craigavon",,7135
N08000530,Park,,N09000005,Derry City and Strabane,,7136
N08000120,Glebe,,N09000001,Antrim and Newtownabbey,,7137
N08000334,Ladybrook,,N09000003,Belfast,,7138
N08000335,Lagmore,,N09000003,Belfast,,7139
N08000336,Legoniel,,N09000003,Belfast,,7140
N08000337,Malone,,N09000003,Belfast,,7141
N08000338,Merok,,N09000003,Belfast,,7142
N08000339,Musgrave,,N09000003,Belfast,,7143
N08000340,New Lodge,,N09000003,Belfast,,7144
N08000341,Orangefield,,N09000003,Belfast,,7145
N08000342,Ormeau,,N09000003,Belfast,,7146
N08000343,Poleglass,,N09000003,Belfast,,7147
N08000531,Shantallow,,N09000005,Derry City and Strabane,,7148
N08000629,Maguiresbridge,,N09000006,Fermanagh and Omagh,,7149
N08000121,Glengormley,,N09000001,Antrim and Newtownabbey,,7150
N08000532,Shantallow East,,N09000005,Derry City and Strabane,,7151
N08000630,Newtownbutler,,N09000006,Fermanagh and Omagh,,7152
N08000122,Greystone,,N09000001,Antrim and Newtownabbey,,7153
N08000533,Sheriff's Mountain,,N09000005,Derry City and Strabane,,7154
N08000224,Lough Road,,N09000002,"Armagh City, Banbridge and Craigavon",,7155
N08000631,Newtownsaville,,N09000006,Fermanagh and Omagh,,7156
N08000123,Hightown,,N09000001,Antrim and Newtownabbey,,7157
N08000534,Sion Mills,,N09000005,Derry City and Strabane,,7158
N08000225,Loughbrickland,,N09000002,"Armagh City, Banbridge and Craigavon",,7159
N08000632,Owenkillew,,N09000006,Fermanagh and Omagh,,7160
N08000124,Jordanstown,,N09000001,Antrim and Newtownabbey,,7161
N08000535,Skeoge,,N09000005,Derry City and Strabane,,7162
N08000226,Loughgall,,N09000002,"Armagh City, Banbridge and Craigavon",,7163
N08000633,Portora,,N09000006,Fermanagh and Omagh,,7164
N08000536,Slievekirk,,N09000005,Derry City and Strabane,,7165
N08000227,Magheralin,,N09000002,"Armagh City, Banbridge and Craigavon",,7166
N08000634,Rosslea,,N09000006,Fermanagh and Omagh,,7167
N08000537,Springtown,,N09000005,Derry City and Strabane,,7168
N08000228,Mahon,,N09000002,"Armagh City, Banbridge and Craigavon",,7169
N08000635,Rossorry,,N09000006,Fermanagh and Omagh,,7170
N08000538,Strabane North,,N09000005,Derry City and Strabane,,7171
N08000229,Markethill,,N09000002,"Armagh City, Banbridge and Craigavon",,7172
N08000636,Sixmilecross,,N09000006,Fermanagh and Omagh,,7173
N08000539,Strabane West,,N09000005,Derry City and Strabane,,7174
N08000230,Mourneview,,N09000002,"Armagh City, Banbridge and Craigavon",,7175
N08000637,Strule,,N09000006,Fermanagh and Omagh,,7176
N08000540,Victoria,,N09000005,Derry City and Strabane,,7177
N08000231,Navan,,N09000002,"Armagh City, Banbridge and Craigavon",,7178
N08000638,Tempo,,N09000006,Fermanagh and Omagh,,7179
N08000601,Ballinamallard,,N09000006,Fermanagh and Omagh,,7180
N08000232,Parklake,,N09000002,"Armagh City, Banbridge and Craigavon",,7181
N08000639,Termon,,N09000006,Fermanagh and Omagh,,7182
N08000602,Belcoo and Garrison,,N09000006,Fermanagh and Omagh,,7183
N08000233,Quilly,,N09000002,"Armagh City, Banbridge and Craigavon",,7184
N08000640,Trillick,,N09000006,Fermanagh and Omagh,,7185
N08000603,Belleek and Boa,,N09000006,Fermanagh and Omagh,,7186
N08000234,Rathfriland,,N09000002,"Armagh City, Banbridge and Craigavon",,7187
N08000701,Ballinderry,,N09000007,Lisburn and Castlereagh,,7188
N08000702,Ballyhanwood,,N09000007,Lisburn and Castlereagh,,7189
N08000703,Ballymacash,,N09000007,Lisburn and Castlereagh,,7190
N08000704,Ballymacbrennan,,N09000007,Lisburn and Castlereagh,,7191
N08000705,Ballymacoss,,N09000007,Lisburn and Castlereagh,,7192
N08000706,Beechill,,N09000007,Lisburn and Castlereagh,,7193
N08000707,Blaris,,N09000007,Lisburn and Castlereagh,,7194
N08000708,Cairnshill,,N09000007,Lisburn and Castlereagh,,7195
N08000709,Carrowreagh,,N09000007,Lisburn and Castlereagh,,7196
N08000710,Carryduff East,,N09000007,Lisburn and Castlereagh,,7197
N08000711,Carryduff West,,N09000007,Lisburn and Castlereagh,,7198
N08000712,Derryaghy,,N09000007,Lisburn and Castlereagh,,7199
N08000713,Dromara,,N09000007,Lisburn and Castlereagh,,7200
S13002921,Drum Brae/Gyle,,S12000036,City of Edinburgh,,7201
S13002922,Forth,,S12000036,City of Edinburgh,,7202
S13002923,Inverleith,,S12000036,City of Edinburgh,,7203
S13002924,Corstorphine/Murrayfield,,S12000036,City of Edinburgh,,7204
S13002925,Sighthill/Gorgie,,S12000036,City of Edinburgh,,7205
S13002926,Colinton/Fairmilehead,,S12000036,City of Edinburgh,,7206
S13002927,Fountainbridge/Craiglockhart,,S12000036,City of Edinburgh,,7207
S13002928,Morningside,,S12000036,City of Edinburgh,,7208
S13002929,City Centre,,S12000036,City of Edinburgh,,7209
S13002930,Leith Walk,,S12000036,City of Edinburgh,,7210
S13002931,Leith,,S12000036,City of Edinburgh,,7211
S13002932,Craigentinny/Duddingston,,S12000036,City of Edinburgh,,7212
S13002933,Southside/Newington,,S12000036,City of Edinburgh,,7213
S13002934,Liberton/Gilmerton,,S12000036,City of Edinburgh,,7214
S13002935,Portobello/Craigmillar,,S12000036,City of Edinburgh,,7215
S13003075,Renfrew North and Braehead,,S12000038,Renfrewshire,,7216
S13003076,Renfrew South and Gallowhill,,S12000038,Renfrewshire,,7217
S13003077,Paisley Northeast and Ralston,,S12000038,Renfrewshire,,7218
S13003078,Paisley Northwest,,S12000038,Renfrewshire,,7219
S13003079,Paisley East and Central,,S12000038,Renfrewshire,,7220
S13003080,Paisley Southeast,,S12000038,Renfrewshire,,7221
S13003081,Paisley Southwest,,S12000038,Renfrewshire,,7222
S13003082,Johnstone South and Elderslie,,S12000038,Renfrewshire,,7223
S13003083,"Johnstone North, Kilbarchan, Howwood and Lochwinnoch",,S12000038,Renfrewshire,,7224
S13003084,"Houston, Crosslee and Linwood",,S12000038,Renfrewshire,,7225
S13003085,"Bishopton, Bridge of Weir and Langbank",,S12000038,Renfrewshire,,7226
S13003086,Erskine and Inchinnan,,S12000038,Renfrewshire,,7227
S13003122,Lomond,,S12000039,West Dunbartonshire,,7228
S13003123,Leven,,S12000039,West Dunbartonshire,,7229
S13003124,Dumbarton,,S12000039,West Dunbartonshire,,7230
S13003125,Kilpatrick,,S12000039,West Dunbartonshire,,7231
S13003126,Clydebank Central,,S12000039,West Dunbartonshire,,7232
S13003127,Clydebank Waterfront,,S12000039,West Dunbartonshire,,7233
S13002820,Linlithgow,,S12000040,West Lothian,,7234
S13002821,"Broxburn, Uphall and Winchburgh",,S12000040,West Lothian,,7235
S13002822,Livingston North,,S12000040,West Lothian,,7236
S13002823,Livingston South,,S12000040,West Lothian,,7237
S13002824,East Livingston and East Calder,,S12000040,West Lothian,,7238
S13002825,Fauldhouse and the Breich Valley,,S12000040,West Lothian,,7239
S13002826,Whitburn and Blackburn,,S12000040,West Lothian,,7240
S13002827,Bathgate,,S12000040,West Lothian,,7241
S13002828,Armadale and Blackridge,,S12000040,West Lothian,,7242
S13002867,Kirriemuir and Dean,,S12000041,Angus,,7243
S13002868,Brechin and Edzell,,S12000041,Angus,,7244
S13002869,Forfar and District,,S12000041,Angus,,7245
S13002870,Monifieth and Sidlaw,,S12000041,Angus,,7246
S13002871,Carnoustie and District,,S12000041,Angus,,7247
S13002872,"Arbroath West, Letham and Friockheim",,S12000041,Angus,,7248
S13003151,Kirkwall East,,S12000023,Orkney Islands,,7249
S13002873,Arbroath East and Lunan,,S12000041,Angus,,7250
S13002874,Montrose and District,,S12000041,Angus,,7251
S13002887,Lochar,,S12000006,Dumfries and Galloway,,7252
N08000934,Swatragh,,N09000009,Mid Ulster,,7253
S13002888,Nith,,S12000006,Dumfries and Galloway,,7254
N08000935,Tamlaght O'Crilly,,N09000009,Mid Ulster,,7255
S13002889,Annandale South,,S12000006,Dumfries and Galloway,,7256
N08000936,The Loup,,N09000009,Mid Ulster,,7257
S13002545,Strathmartine,,S12000042,Dundee City,,7258
S13002890,Annandale North,,S12000006,Dumfries and Galloway,,7259
N08000937,Tobermore,,N09000009,Mid Ulster,,7260
S13002995,Cromarty Firth,,S12000017,Highland,,7261
S13002546,Lochee,,S12000042,Dundee City,,7262
S13002891,Annandale East and Eskdale,,S12000006,Dumfries and Galloway,,7263
N08000938,Town Parks East,,N09000009,Mid Ulster,,7264
S13002996,Tain and Easter Ross,,S12000017,Highland,,7265
S13002547,West End,,S12000042,Dundee City,,7266
S13002892,Annick,,S12000008,East Ayrshire,,7267
N08000939,Valley,,N09000009,Mid Ulster,,7268
S13002997,Dingwall and Seaforth,,S12000017,Highland,,7269
S13002548,Coldside,,S12000042,Dundee City,,7270
N08001103,Ballygrainey,,N09000011,Ards and North Down,,7271
S13002893,Kilmarnock North,,S12000008,East Ayrshire,,7272
N08000940,Washing Bay,,N09000009,Mid Ulster,,7273
S13002998,Black Isle,,S12000017,Highland,,7274
S13003152,Kirkwall West and Orphir,,S12000023,Orkney Islands,,7275
S13002549,Maryfield,,S12000042,Dundee City,,7276
N08001104,Ballyholme,,N09000011,Ards and North Down,,7277
S13002894,Kilmarnock West and Crosshouse,,S12000008,East Ayrshire,,7278
N08001001,Abbey,,N09000010,"Newry, Mourne and Down",,7279
S13002999,Eilean á Chèo,,S12000017,Highland,,7280
S13002761,Tweeddale West,,S12000026,Scottish Borders,,7281
S13002551,East End,,S12000042,Dundee City,,7282
N08001105,Ballymagee,,N09000011,Ards and North Down,,7283
S13002895,Kilmarnock East and Hurlford,,S12000008,East Ayrshire,,7284
N08001002,Annalong,,N09000010,"Newry, Mourne and Down",,7285
S13003000,Caol and Mallaig,,S12000017,Highland,,7286
S13002762,Tweeddale East,,S12000026,Scottish Borders,,7287
S13002552,The Ferry,,S12000042,Dundee City,,7288
N08001106,Ballywalter,,N09000011,Ards and North Down,,7289
S13002896,Kilmarnock South,,S12000008,East Ayrshire,,7290
N08001003,Ballybot,,N09000010,"Newry, Mourne and Down",,7291
S13003001,Aird and Loch Ness,,S12000017,Highland,,7292
S13002763,Galashiels and District,,S12000026,Scottish Borders,,7293
S13002830,North East,,S12000042,Dundee City,,7294
N08001107,Bloomfield,,N09000011,Ards and North Down,,7295
S13002897,Irvine Valley,,S12000008,East Ayrshire,,7296
N08001004,Ballydugan,,N09000010,"Newry, Mourne and Down",,7297
S13003002,Inverness West,,S12000017,Highland,,7298
S13002764,Selkirkshire,,S12000026,Scottish Borders,,7299
S13002901,Milngavie,,S12000045,East Dunbartonshire,,7300
N08001108,Broadway,,N09000011,Ards and North Down,,7301
S13002898,Ballochmyle,,S12000008,East Ayrshire,,7302
N08001005,Ballynahinch,,N09000010,"Newry, Mourne and Down",,7303
S13003003,Inverness Central,,S12000017,Highland,,7304
S13002765,Leaderdale and Melrose,,S12000026,Scottish Borders,,7305
S13002902,Bearsden North,,S12000045,East Dunbartonshire,,7306
N08001109,Bryansburn,,N09000011,Ards and North Down,,7307
S13002899,Cumnock and New Cumnock,,S12000008,East Ayrshire,,7308
N08001006,Ballyward,,N09000010,"Newry, Mourne and Down",,7309
S13003004,Inverness Ness-side,,S12000017,Highland,,7310
S13002766,Mid Berwickshire,,S12000026,Scottish Borders,,7311
S13002903,Bearsden South,,S12000045,East Dunbartonshire,,7312
N08001110,Carrowdore,,N09000011,Ards and North Down,,7313
S13002900,Doon Valley,,S12000008,East Ayrshire,,7314
N08001007,Bessbrook,,N09000010,"Newry, Mourne and Down",,7315
S13003005,Inverness Millburn,,S12000017,Highland,,7316
S13003006,Culloden and Ardersier,,S12000017,Highland,,7317
S13003007,Nairn and Cawdor,,S12000017,Highland,,7318
S13003008,Inverness South,,S12000017,Highland,,7319
S13003009,Badenoch and Strathspey,,S12000017,Highland,,7320
S13003010,Fort William and Ardnamurchan,,S12000017,Highland,,7321
S13003011,Inverclyde East,,S12000018,Inverclyde,,7322
S13003012,Inverclyde East Central,,S12000018,Inverclyde,,7323
S13003013,Inverclyde Central,,S12000018,Inverclyde,,7324
S13003014,Inverclyde North,,S12000018,Inverclyde,,7325
S13003015,Inverclyde West,,S12000018,Inverclyde,,7326
S13003016,Inverclyde South West,,S12000018,Inverclyde,,7327
S13003017,Inverclyde South,,S12000018,Inverclyde,,7328
S13003018,Penicuik,,S12000019,Midlothian,,7329
S13003019,Bonnyrigg,,S12000019,Midlothian,,7330
S13003020,Dalkeith,,S12000019,Midlothian,,7331
S13003021,Midlothian West,,S12000019,Midlothian,,7332
S13003022,Midlothian East,,S12000019,Midlothian,,7333
S13003023,Midlothian South,,S12000019,Midlothian,,7334
S13003024,Speyside Glenlivet,,S12000020,Moray,,7335
S13003025,Keith and Cullen,,S12000020,Moray,,7336
S13003026,Buckie,,S12000020,Moray,,7337
S13003027,Fochabers Lhanbryde,,S12000020,Moray,,7338
S13003028,Heldon and Laich,,S12000020,Moray,,7339
S13003029,Elgin City North,,S12000020,Moray,,7340
S13003030,Elgin City South,,S12000020,Moray,,7341
S13003031,Forres,,S12000020,Moray,,7342
S13003032,Irvine West,,S12000021,North Ayrshire,,7343
S13003033,Irvine East,,S12000021,North Ayrshire,,7344
S13003034,Kilwinning,,S12000021,North Ayrshire,,7345
S13003041,Irvine South,,S12000021,North Ayrshire,,7346
S13003145,Ardrossan,,S12000021,North Ayrshire,,7347
S13003146,Arran,,S12000021,North Ayrshire,,7348
S13003147,Garnock Valley,,S12000021,North Ayrshire,,7349
S13003148,North Coast,,S12000021,North Ayrshire,,7350
S13003149,Saltcoats and Stevenston,,S12000021,North Ayrshire,,7351
S13002734,Stromness and South Isles,,S12000023,Orkney Islands,,7352
S13002735,West Mainland,,S12000023,Orkney Islands,,7353
S13002737,North Isles,,S12000023,Orkney Islands,,7354
S13003150,"East Mainland, South Ronaldsay and Burray",,S12000023,Orkney Islands,,7355
S13002908,Musselburgh,,S12000010,East Lothian,,7356
N08001008,Binnian,,N09000010,"Newry, Mourne and Down",,7357
N08001111,Castle,,N09000011,Ards and North Down,,7358
S13002767,East Berwickshire,,S12000026,Scottish Borders,,7359
S13002909,"Preston, Seton and Gosford",,S12000010,East Lothian,,7360
N08001009,Burren,,N09000010,"Newry, Mourne and Down",,7361
N08001112,Clandeboye,,N09000011,Ards and North Down,,7362
S13002768,Kelso and District,,S12000026,Scottish Borders,,7363
S13002904,Bishopbriggs North and Campsie,,S12000045,East Dunbartonshire,,7364
S13002910,"Tranent, Wallyford and Macmerry",,S12000010,East Lothian,,7365
N08001010,Camlough,,N09000010,"Newry, Mourne and Down",,7366
N08001113,Comber North,,N09000011,Ards and North Down,,7367
S13002769,Jedburgh and District,,S12000026,Scottish Borders,,7368
S13002905,Bishopbriggs South,,S12000045,East Dunbartonshire,,7369
S13002911,North Berwick Coastal,,S12000010,East Lothian,,7370
S13003117,Dunblane and Bridge of Allan,,S12000030,Stirling,,7371
N08001011,Castlewellan,,N09000010,"Newry, Mourne and Down",,7372
N08001114,Comber South,,N09000011,Ards and North Down,,7373
S13002770,Hawick and Denholm,,S12000026,Scottish Borders,,7374
S13002906,Lenzie and Kirkintilloch South,,S12000045,East Dunbartonshire,,7375
S13002912,Haddington and Lammermuir,,S12000010,East Lothian,,7376
S13003118,Stirling North,,S12000030,Stirling,,7377
S13003119,Stirling West,,S12000030,Stirling,,7378
S13003120,Stirling East,,S12000030,Stirling,,7379
S13003121,Bannockburn,,S12000030,Stirling,,7380
S13002835,Dyce/Bucksburn/Danestone,,S12000033,Aberdeen City,,7381
S13002836,Bridge of Don,,S12000033,Aberdeen City,,7382
S13002837,Kingswells/Sheddocksley/Summerhill,,S12000033,Aberdeen City,,7383
S13002838,Northfield/Mastrick North,,S12000033,Aberdeen City,,7384
S13002839,Hilton/Woodside/Stockethill,,S12000033,Aberdeen City,,7385
S13002840,Tillydrone/Seaton/Old Aberdeen,,S12000033,Aberdeen City,,7386
S13002841,Midstocket/Rosemount,,S12000033,Aberdeen City,,7387
S13002842,George St/Harbour,,S12000033,Aberdeen City,,7388
S13002843,Lower Deeside,,S12000033,Aberdeen City,,7389
S13002844,Hazlehead/Queens Cross/Countesswells,,S12000033,Aberdeen City,,7390
S13002845,Airyhall/Broomhill/Garthdee,,S12000033,Aberdeen City,,7391
S13002846,Torry/Ferryhill,,S12000033,Aberdeen City,,7392
S13002847,Kincorth/Nigg/Cove,,S12000033,Aberdeen City,,7393
S13002848,Banff and District,,S12000034,Aberdeenshire,,7394
S13002849,Troup,,S12000034,Aberdeenshire,,7395
S13002850,Fraserburgh and District,,S12000034,Aberdeenshire,,7396
S13002851,Central Buchan,,S12000034,Aberdeenshire,,7397
S13002852,Peterhead North and Rattray,,S12000034,Aberdeenshire,,7398
S13002853,Peterhead South and Cruden,,S12000034,Aberdeenshire,,7399
S13002854,Turriff and District,,S12000034,Aberdeenshire,,7400
S13002855,Mid Formartine,,S12000034,Aberdeenshire,,7401
S13002856,Ellon and District,,S12000034,Aberdeenshire,,7402
S13002857,West Garioch,,S12000034,Aberdeenshire,,7403
S13002858,Inverurie and District,,S12000034,Aberdeenshire,,7404
S13002859,East Garioch,,S12000034,Aberdeenshire,,7405
S13002860,Westhill and District,,S12000034,Aberdeenshire,,7406
S13002861,"Huntly, Strathbogie and Howe of Alford",,S12000034,Aberdeenshire,,7407
S13002862,"Aboyne, Upper Deeside and Donside",,S12000034,Aberdeenshire,,7408
S13002863,Banchory and Mid Deeside,,S12000034,Aberdeenshire,,7409
S13002864,North Kincardine,,S12000034,Aberdeenshire,,7410
S13002865,Stonehaven and Lower Deeside,,S12000034,Aberdeenshire,,7411
S13002866,Mearns,,S12000034,Aberdeenshire,,7412
S13002516,South Kintyre,,S12000035,Argyll and Bute,,7413
S13002517,Kintyre and the Islands,,S12000035,Argyll and Bute,,7414
S13002518,Mid Argyll,,S12000035,Argyll and Bute,,7415
S13002519,Oban South and the Isles,,S12000035,Argyll and Bute,,7416
S13002520,Oban North and Lorn,,S12000035,Argyll and Bute,,7417
S13002521,Cowal,,S12000035,Argyll and Bute,,7418
S13002522,Dunoon,,S12000035,Argyll and Bute,,7419
S13002523,Isle of Bute,,S12000035,Argyll and Bute,,7420
S13002524,Lomond North,,S12000035,Argyll and Bute,,7421
S13002525,Helensburgh Central,,S12000035,Argyll and Bute,,7422
S13002526,Helensburgh and Lomond South,,S12000035,Argyll and Bute,,7423
S13002919,Almond,,S12000036,City of Edinburgh,,7424
S13002920,Pentland Hills,,S12000036,City of Edinburgh,,7425
S13002771,Hawick and Hermitage,,S12000026,Scottish Borders,,7426
N08001012,Cathedral,,N09000010,"Newry, Mourne and Down",,7427
S13002907,Kirkintilloch East and North and Twechar,,S12000045,East Dunbartonshire,,7428
S13002772,North Isles,,S12000027,Shetland Islands,,7429
N08001115,Comber West,,N09000011,Ards and North Down,,7430
N08001013,Crossgar and Killyleagh,,N09000010,"Newry, Mourne and Down",,7431
S13002946,Dunfermline North,,S12000047,Fife,,7432
S13002913,Dunbar and East Linton,,S12000010,East Lothian,,7433
N08001014,Crossmaglen,,N09000010,"Newry, Mourne and Down",,7434
S13002947,Dunfermline Central,,S12000047,Fife,,7435
S13002914,"Barrhead, Liboside and Uplawmoor",,S12000011,East Renfrewshire,,7436
S13002773,Shetland North,,S12000027,Shetland Islands,,7437
N08001116,Conway Square,,N09000011,Ards and North Down,,7438
S13002948,Dunfermline South,,S12000047,Fife,,7439
S13002915,Newton Mearns North and Neilston,,S12000011,East Renfrewshire,,7440
N08001015,Damolly,,N09000010,"Newry, Mourne and Down",,7441
N08001117,Cronstown,,N09000011,Ards and North Down,,7442
S13002777,Lerwick North and Bressay,,S12000027,Shetland Islands,,7443
S13002949,Rosyth,,S12000047,Fife,,7444
S13002916,Giffnock and Thornliebank,,S12000011,East Renfrewshire,,7445
N08001016,Derryboy,,N09000010,"Newry, Mourne and Down",,7446
N08001118,Cultra,,N09000011,Ards and North Down,,7447
S13003153,Lerwick South,,S12000027,Shetland Islands,,7448
S13002950,Inverkeithing and Dalgety Bay,,S12000047,Fife,,7449
S13002917,"Clarkston, Netherlee and Williamwood",,S12000011,East Renfrewshire,,7450
N08001017,Derryleckagh,,N09000010,"Newry, Mourne and Down",,7451
N08001119,Donaghadee,,N09000011,Ards and North Down,,7452
S13003154,Shetland Central,,S12000027,Shetland Islands,,7453
S13002953,"Burntisland, Kinghorn and Western Kirkcaldy",,S12000047,Fife,,7454
S13002918,Newton Mearns South and Eaglesham,,S12000011,East Renfrewshire,,7455
N08001018,Donard,,N09000010,"Newry, Mourne and Down",,7456
N08001120,Glen,,N09000011,Ards and North Down,,7457
S13003155,Shetland South,,S12000027,Shetland Islands,,7458
S13002954,Kirkcaldy North,,S12000047,Fife,,7459
S13002608,An Taobh Siar agus Nis,,S12000013,Na h-Eileanan Siar,,7460
N08001019,Drumalane,,N09000010,"Newry, Mourne and Down",,7461
N08001020,Drumaness,,N09000010,"Newry, Mourne and Down",,7462
N08001021,Dundrum,,N09000010,"Newry, Mourne and Down",,7463
N08001022,Fathom,,N09000010,"Newry, Mourne and Down",,7464
N08001023,Forkhill,,N09000010,"Newry, Mourne and Down",,7465
N08001024,Hilltown,,N09000010,"Newry, Mourne and Down",,7466
N08001025,Kilkeel,,N09000010,"Newry, Mourne and Down",,7467
N08001026,Kilmore,,N09000010,"Newry, Mourne and Down",,7468
N08001027,Knocknashinna,,N09000010,"Newry, Mourne and Down",,7469
N08001028,Lecale,,N09000010,"Newry, Mourne and Down",,7470
N08001029,Lisnacree,,N09000010,"Newry, Mourne and Down",,7471
N08001030,Mayobridge,,N09000010,"Newry, Mourne and Down",,7472
N08001031,Mullaghbane,,N09000010,"Newry, Mourne and Down",,7473
N08001032,Murlough,,N09000010,"Newry, Mourne and Down",,7474
N08001033,Newtownhamilton,,N09000010,"Newry, Mourne and Down",,7475
N08001034,Quoile,,N09000010,"Newry, Mourne and Down",,7476
N08001035,Rostrevor,,N09000010,"Newry, Mourne and Down",,7477
N08001036,Saintfield,,N09000010,"Newry, Mourne and Down",,7478
N08001037,St. Patrick's,,N09000010,"Newry, Mourne and Down",,7479
N08001038,Strangford,,N09000010,"Newry, Mourne and Down",,7480
N08001039,Tollymore,,N09000010,"Newry, Mourne and Down",,7481
N08001040,Warrenpoint,,N09000010,"Newry, Mourne and Down",,7482
N08001041,Whitecross,,N09000010,"Newry, Mourne and Down",,7483
N08001101,Ballycrochan,,N09000011,Ards and North Down,,7484
N08001102,Ballygowan,,N09000011,Ards and North Down,,7485
S13003156,Shetland West,,S12000027,Shetland Islands,,7486
S13002955,Kirkcaldy Central,,S12000047,Fife,,7487
S13003135,Barraigh agus Bhatarsaigh,,S12000013,Na h-Eileanan Siar,,7488
S13003087,Troon,,S12000028,South Ayrshire,,7489
N08001121,Gregstown,,N09000011,Ards and North Down,,7490
S13002956,Kirkcaldy East,,S12000047,Fife,,7491
S13003136,Loch a Tuath,,S12000013,Na h-Eileanan Siar,,7492
S13003088,Prestwick,,S12000028,South Ayrshire,,7493
N08001122,Groomsport,,N09000011,Ards and North Down,,7494
S13002958,"Glenrothes North, Leslie and Markinch",,S12000047,Fife,,7495
S13003137,Na Hearadh,,S12000013,Na h-Eileanan Siar,,7496
S13003089,Ayr North,,S12000028,South Ayrshire,,7497
N08001123,Harbour,,N09000011,Ards and North Down,,7498
S13002959,Glenrothes Central and Thornton,,S12000047,Fife,,7499
S13003138,Sgìr Ùige agus Càrlabhagh,,S12000013,Na h-Eileanan Siar,,7500
S13003090,Ayr East,,S12000028,South Ayrshire,,7501
N08001124,Helen's Bay,,N09000011,Ards and North Down,,7502
S13002960,Howe of Fife and Tay Coast,,S12000047,Fife,,7503
S13003139,Sgìre an Rubha,,S12000013,Na h-Eileanan Siar,,7504
S13003091,Ayr West,,S12000028,South Ayrshire,,7505
N08001125,Holywood,,N09000011,Ards and North Down,,7506
S13002961,Tay Bridgehead,,S12000047,Fife,,7507
S13003140,Sgìre nan Loch,,S12000013,Na h-Eileanan Siar,,7508
S13003092,Kyle,,S12000028,South Ayrshire,,7509
N08001126,Kilcooley,,N09000011,Ards and North Down,,7510
S13002962,St Andrews,,S12000047,Fife,,7511
S13003141,Steòrnabhagh a Deas,,S12000013,Na h-Eileanan Siar,,7512
S13003093,"Maybole, North Carrick and Coylton",,S12000028,South Ayrshire,,7513
N08001127,Killinchy,,N09000011,Ards and North Down,,7514
S13002963,East Neuk and Landward,,S12000047,Fife,,7515
S13003142,Steòrnabhagh a Tuath,,S12000013,Na h-Eileanan Siar,,7516
S13003094,Girvan and South Carrick,,S12000028,South Ayrshire,,7517
N08001128,Kircubbin,,N09000011,Ards and North Down,,7518
S13002964,Cupar,,S12000047,Fife,,7519
S13003095,Clydesdale West,,S12000029,South Lanarkshire,,7520
S13003143,"Uibhist a Deas, Èirisgeigh agus Beinn na Faoghla",,S12000013,Na h-Eileanan Siar,,7521
N08001129,Loughries,,N09000011,Ards and North Down,,7522
S13002965,"Leven, Kennoway and Largo",,S12000047,Fife,,7523
S13003096,Clydesdale North,,S12000029,South Lanarkshire,,7524
S13003144,Uibhist a Tuath,,S12000013,Na h-Eileanan Siar,,7525
N08001130,Loughview,,N09000011,Ards and North Down,,7526
S13002966,"Buckhaven, Methil and Wemyss Villages",,S12000047,Fife,,7527
S13003097,Clydesdale East,,S12000029,South Lanarkshire,,7528
S13002936,Bo'ness and Blackness,,S12000014,Falkirk,,7529
N08001131,Movilla,,N09000011,Ards and North Down,,7530
S13003128,Cowdenbeath,,S12000047,Fife,,7531
S13003098,Clydesdale South,,S12000029,South Lanarkshire,,7532
S13002937,Grangemouth,,S12000014,Falkirk,,7533
N08001132,Portaferry,,N09000011,Ards and North Down,,7534
S13003129,Glenrothes West and Kinglassie,,S12000047,Fife,,7535
S13003099,Avondale and Stonehouse,,S12000029,South Lanarkshire,,7536
S13002938,Denny and Banknock,,S12000014,Falkirk,,7537
N08001133,Portavogie,,N09000011,Ards and North Down,,7538
S13003130,"Lochgelly, Cardenden and Benarty",,S12000047,Fife,,7539
S13003100,East Kilbride South,,S12000029,South Lanarkshire,,7540
S13002939,"Carse, Kinnaird and Tryst",,S12000014,Falkirk,,7541
N08001134,Rathgael,,N09000011,Ards and North Down,,7542
S13003131,West Fife and Coastal Villages,,S12000047,Fife,,7543
S13003101,East Kilbride Central South,,S12000029,South Lanarkshire,,7544
S13002940,Bonnybridge and Larbert,,S12000014,Falkirk,,7545
N08001135,Rathmore,,N09000011,Ards and North Down,,7546
S13003063,Carse of Gowrie,,S12000048,Perth and Kinross,,7547
S13003102,East Kilbride Central North,,S12000029,South Lanarkshire,,7548
S13002941,Falkirk North,,S12000014,Falkirk,,7549
N08001136,Scrabo,,N09000011,Ards and North Down,,7550
S13003064,Strathmore,,S12000048,Perth and Kinross,,7551
S13003103,East Kilbride West,,S12000029,South Lanarkshire,,7552
S13002942,Falkirk South,,S12000014,Falkirk,,7553
N08001137,Silverbirch,,N09000011,Ards and North Down,,7554
S13003065,Blairgowrie and Glens,,S12000048,Perth and Kinross,,7555
S13003104,East Kilbride East,,S12000029,South Lanarkshire,,7556
S13002943,Lower Braes,,S12000014,Falkirk,,7557
N08001138,Silverstream,,N09000011,Ards and North Down,,7558
S13003066,Highland,,S12000048,Perth and Kinross,,7559
S13003105,Rutherglen South,,S12000029,South Lanarkshire,,7560
S13002944,Upper Braes,,S12000014,Falkirk,,7561
N08001139,Warren,,N09000011,Ards and North Down,,7562
S13003067,Strathtay,,S12000048,Perth and Kinross,,7563
S13003106,Rutherglen Central and North,,S12000029,South Lanarkshire,,7564
S13002990,"North, West and Central Sutherland",,S12000017,Highland,,7565
N08001140,West Winds,,N09000011,Ards and North Down,,7566
S13003068,Strathearn,,S12000048,Perth and Kinross,,7567
S13003107,Cambuslang West,,S12000029,South Lanarkshire,,7568
S13002991,Thurso and Northwest Caithness,,S12000017,Highland,,7569
S13002875,Clackmannanshire West,,S12000005,Clackmannanshire,,7570
S13003069,Strathallan,,S12000048,Perth and Kinross,,7571
S13003108,Cambuslang East,,S12000029,South Lanarkshire,,7572
S13002992,Wick and East Caithness,,S12000017,Highland,,7573
S13002876,Clackmannanshire North,,S12000005,Clackmannanshire,,7574
S13003071,Almond and Earn,,S12000048,Perth and Kinross,,7575
S13003109,Blantyre,,S12000029,South Lanarkshire,,7576
S13002993,East Sutherland and Edderton,,S12000017,Highland,,7577
S13003072,Perth City South,,S12000048,Perth and Kinross,,7578
S13002877,Clackmannanshire Central,,S12000005,Clackmannanshire,,7579
S13003073,Perth City North,,S12000048,Perth and Kinross,,7580
S13002994,"Wester Ross, Strathpeffer and Lochalsh",,S12000017,Highland,,7581
S13003074,Perth City Centre,,S12000048,Perth and Kinross,,7582
S13002878,Clackmannanshire South,,S12000005,Clackmannanshire,,7583
S13003110,Bothwell and Uddingston,,S12000029,South Lanarkshire,,7584
S13003111,Hamilton North and East,,S12000029,South Lanarkshire,,7585
S13003112,Hamilton West and Earnock,,S12000029,South Lanarkshire,,7586
S13003132,Kinross-shire,,S12000048,Perth and Kinross,,7587
S13002879,Clackmannanshire East,,S12000005,Clackmannanshire,,7588
S13003113,Hamilton South,,S12000029,South Lanarkshire,,7589
S13002967,Linn,,S12000049,Glasgow City,,7590
S13002880,Stranraer and the Rhins,,S12000006,Dumfries and Galloway,,7591
S13003114,Larkhall,,S12000029,South Lanarkshire,,7592
S13002881,Mid Galloway and Wigtown West,,S12000006,Dumfries and Galloway,,7593
S13003115,Trossachs and Teith,,S12000030,Stirling,,7594
S13002882,Dee and Glenkens,,S12000006,Dumfries and Galloway,,7595
S13003116,Forth and Endrick,,S12000030,Stirling,,7596
S13002883,Castle Douglas and Crocketford,,S12000006,Dumfries and Galloway,,7597
S13002884,Abbey,,S12000006,Dumfries and Galloway,,7598
S13002885,North West Dumfries,,S12000006,Dumfries and Galloway,,7599
S13002886,Mid and Upper Nithsdale,,S12000006,Dumfries and Galloway,,7600
W05001590,Greenfield,Maes-glas,W06000005,Flintshire,Sir y Fflint,7601
W05001591,Gwernaffield and Gwernymynydd,Y Waun a Gwernymynydd,W06000005,Flintshire,Sir y Fflint,7602
W05001592,Hawarden: Aston,Penarlâg: Aston,W06000005,Flintshire,Sir y Fflint,7603
W05001593,Hawarden: Ewloe,Penarlâg: Ewloe,W06000005,Flintshire,Sir y Fflint,7604
W05001594,Hawarden: Mancot,Penarlâg: Mancot,W06000005,Flintshire,Sir y Fflint,7605
W05001595,Higher Kinnerton,Kinnerton Uchaf,W06000005,Flintshire,Sir y Fflint,7606
W05001596,Holywell Central,Canol Treffynnon,W06000005,Flintshire,Sir y Fflint,7607
W05001597,Holywell East,Dwyrain Treffynnon,W06000005,Flintshire,Sir y Fflint,7608
W05001598,Holywell West,Gorllewin Treffynnon,W06000005,Flintshire,Sir y Fflint,7609
W05001599,Hope,Yr Hôb,W06000005,Flintshire,Sir y Fflint,7610
W05001600,Leeswood,Coed-Ilai,W06000005,Flintshire,Sir y Fflint,7611
W05001601,Llanasa and Trelawnyd,Llanasa a Threlawnyd,W06000005,Flintshire,Sir y Fflint,7612
W05001602,Llanfynydd,Llanfynydd,W06000005,Flintshire,Sir y Fflint,7613
W05001603,Mold: Broncoed,Yr Wyddgrug: Broncoed,W06000005,Flintshire,Sir y Fflint,7614
W05001604,Mold East,Dwyrain yr Wyddgrug,W06000005,Flintshire,Sir y Fflint,7615
W05001605,Mold South,De'r Wyddgrug,W06000005,Flintshire,Sir y Fflint,7616
W05001606,Mold West,Gorllewin yr Wyddgrug,W06000005,Flintshire,Sir y Fflint,7617
W05001607,Mostyn,Mostyn,W06000005,Flintshire,Sir y Fflint,7618
W05001608,Northop,Llaneurgain,W06000005,Flintshire,Sir y Fflint,7619
W05001609,Pen-y-ffordd,Pen-y-ffordd,W06000005,Flintshire,Sir y Fflint,7620
W05001610,Queensferry and Sealand,Queensferry a Sealand,W06000005,Flintshire,Sir y Fflint,7621
W05001611,Saltney Ferry,Saltney Ferry,W06000005,Flintshire,Sir y Fflint,7622
W05001612,Shotton East and Shotton Higher,Dwyrain Shotton a Shotton Uchaf,W06000005,Flintshire,Sir y Fflint,7623
W05001737,Gwersyllt West,Gorllewin Gwersyllt,W06000006,Wrexham,Wrecsam,7624
W05001613,Shotton West,Gorllewin Shotton,W06000005,Flintshire,Sir y Fflint,7625
W05001614,Treuddyn,Treuddyn,W06000005,Flintshire,Sir y Fflint,7626
W05001615,Whitford,Chwitffordd,W06000005,Flintshire,Sir y Fflint,7627
W05001713,Acrefair North,Gogledd Acre-fair,W06000006,Wrexham,Wrecsam,7628
W05001714,Acton and Maesydre,Gwaunyterfyn a Maes-y-dre,W06000006,Wrexham,Wrecsam,7629
W05001715,Bangor Is-y-Coed,Bangor-is-y-coed,W06000006,Wrexham,Wrecsam,7630
W05001716,Borras Park,Parc Borras,W06000006,Wrexham,Wrecsam,7631
W05001717,Bronington and Hanmer,Bronington a Hanmer,W06000006,Wrexham,Wrecsam,7632
W05001718,Brymbo,Brymbo,W06000006,Wrexham,Wrecsam,7633
W05001719,Bryn Cefn,Bryn Cefn,W06000006,Wrexham,Wrecsam,7634
W05001720,Brynyffynnon,Brynyffynnon,W06000006,Wrexham,Wrecsam,7635
W05001721,Cartrefle,Cartrefle,W06000006,Wrexham,Wrecsam,7636
W05001722,Cefn East,Dwyrain Cefn,W06000006,Wrexham,Wrecsam,7637
W05001723,Cefn West,Gorllewin Cefn,W06000006,Wrexham,Wrecsam,7638
W05001724,Chirk North,Gogledd y Waun,W06000006,Wrexham,Wrecsam,7639
W05001725,Chirk South,De'r Waun,W06000006,Wrexham,Wrecsam,7640
W05001726,Coedpoeth,Coed-poeth,W06000006,Wrexham,Wrecsam,7641
W05001727,Dyffryn Ceiriog,Dyffryn Ceiriog,W06000006,Wrexham,Wrecsam,7642
W05001728,Erddig,Erddig,W06000006,Wrexham,Wrecsam,7643
W05001729,Esclusham,Esclusham,W06000006,Wrexham,Wrecsam,7644
W05001730,Garden Village,Garden Village,W06000006,Wrexham,Wrecsam,7645
W05001731,Gresford East and West,Dwyrain a Gorllewin Gresffordd,W06000006,Wrexham,Wrecsam,7646
W05001732,Grosvenor,Grosvenor,W06000006,Wrexham,Wrecsam,7647
W05001733,Gwenfro,Gwenfro,W06000006,Wrexham,Wrecsam,7648
W05001734,Gwersyllt East,Dwyrain Gwersyllt,W06000006,Wrexham,Wrecsam,7649
W05001735,Gwersyllt North,Gogledd Gwersyllt,W06000006,Wrexham,Wrecsam,7650
W05001736,Gwersyllt South,De Gwersyllt,W06000006,Wrexham,Wrecsam,7651
W05001431,Uwch Aled,Uwch Aled,W06000003,Conwy,Conwy,7652
W05001474,Pembroke Dock: Bush,Doc Penfro: Bush,W06000009,Pembrokeshire,Sir Benfro,7653
W05001323,Melindwr,Melindwr,W06000008,Ceredigion,Ceredigion,7654
S13002968,Newlands/Auldburn,,S12000049,Glasgow City,,7655
W05001738,Hermitage,Hermitage,W06000006,Wrexham,Wrecsam,7656
W05001432,Uwch Conwy,Uwch Conwy,W06000003,Conwy,Conwy,7657
W05001739,Holt,Holt,W06000006,Wrexham,Wrecsam,7658
W05001324,Mwldan,Mwldan,W06000008,Ceredigion,Ceredigion,7659
W05001332,Alyn Valley,Dyffryn Alun,W06000004,Denbighshire,Sir Ddinbych,7660
W05001740,Little Acton,Acton Fechan,W06000006,Wrexham,Wrecsam,7661
W05001325,New Quay and Llanllwchaearn,Ceinewydd a Llanllwchaearn,W06000008,Ceredigion,Ceredigion,7662
W05001475,Pembroke Dock: Central,Canol Doc Penfro,W06000009,Pembrokeshire,Sir Benfro,7663
W05001333,Bodelwyddan,Bodelwyddan,W06000004,Denbighshire,Sir Ddinbych,7664
W05001741,Llangollen Rural,Llangollen Wledig,W06000006,Wrexham,Wrecsam,7665
S13002969,Greater Pollok,,S12000049,Glasgow City,,7666
W05001326,Penbryn,Penbryn,W06000008,Ceredigion,Ceredigion,7667
W05001476,Pembroke Dock: Market,Doc Penfro: Y Farchnad,W06000009,Pembrokeshire,Sir Benfro,7668
W05001334,Denbigh Caledfryn Henllan,Dinbych Caledfryn Henllan,W06000004,Denbighshire,Sir Ddinbych,7669
W05001742,Llay,Llai,W06000006,Wrexham,Wrecsam,7670
S13002970,Cardonald,,S12000049,Glasgow City,,7671
W05001327,Teifi,Teifi,W06000008,Ceredigion,Ceredigion,7672
W05001477,Pembroke Dock: Pennar,Doc Penfro: Pennar,W06000009,Pembrokeshire,Sir Benfro,7673
W05001335,Denbigh Lower,Dinbych Isaf,W06000004,Denbighshire,Sir Ddinbych,7674
W05001743,Marchwiel,Marchwiel,W06000006,Wrexham,Wrecsam,7675
S13002971,Govan,,S12000049,Glasgow City,,7676
W05001328,Tirymynach,Tirymynach,W06000008,Ceredigion,Ceredigion,7677
S13002972,Pollokshields,,S12000049,Glasgow City,,7678
W05001478,Pembroke: Monkton and St Mary South,Penfro: Cil-maen a De St Mary,W06000009,Pembrokeshire,Sir Benfro,7679
S13002973,Langside,,S12000049,Glasgow City,,7680
W05001336,Dyserth,Dyserth,W06000004,Denbighshire,Sir Ddinbych,7681
W05001479,Pembroke: St Mary North,Penfro: Gogledd St Mary,W06000009,Pembrokeshire,Sir Benfro,7682
S13002974,Southside Central,,S12000049,Glasgow City,,7683
W05001329,Trefeurig,Trefeurig,W06000008,Ceredigion,Ceredigion,7684
W05001549,Llanwnda,Llanwnda,W06000002,Gwynedd,Gwynedd,7685
W05001744,Marford and Hoseley,Marford a Hoseley,W06000006,Wrexham,Wrecsam,7686
W05001337,Edeirnion,Edeirnion,W06000004,Denbighshire,Sir Ddinbych,7687
W05001550,Llanystumdwy,Llanystumdwy,W06000002,Gwynedd,Gwynedd,7688
S13002975,Calton,,S12000049,Glasgow City,,7689
W05001745,Minera,Mwynglawdd,W06000006,Wrexham,Wrecsam,7690
W05001330,Tregaron and Ystrad Fflur,Tregaron ac Ystrad-Fflur,W06000008,Ceredigion,Ceredigion,7691
W05001480,Pembroke: St Michael,Penfro: St Michael,W06000009,Pembrokeshire,Sir Benfro,7692
W05001338,Efenechdyd,Efenechdyd,W06000004,Denbighshire,Sir Ddinbych,7693
W05001551,Menai,Menai,W06000002,Gwynedd,Gwynedd,7694
S13002976,Anderston/City/Yorkhill,,S12000049,Glasgow City,,7695
W05001746,New Broughton,New Broughton,W06000006,Wrexham,Wrecsam,7696
W05001331,Ystwyth,Ystwyth,W06000008,Ceredigion,Ceredigion,7697
W05001481,Rudbaxton and Spittal,Rudbaxton a Spittal,W06000009,Pembrokeshire,Sir Benfro,7698
W05001339,Llandyrnog,Llandyrnog,W06000004,Denbighshire,Sir Ddinbych,7699
W05001552,Morfa Nefyn a Thudweiliog,Morfa Nefyn a Thudweiliog,W06000002,Gwynedd,Gwynedd,7700
S13002977,Hillhead,,S12000049,Glasgow City,,7701
W05001747,Offa,Offa,W06000006,Wrexham,Wrecsam,7702
W05001433,Amroth and Saundersfoot North,Amroth a Gogledd Saundersfoot,W06000009,Pembrokeshire,Sir Benfro,7703
W05001482,Saundersfoot South,De Saundersfoot,W06000009,Pembrokeshire,Sir Benfro,7704
W05001340,Llanfair Dyffryn Clwyd Gwyddelwern,Llanfair Dyffryn Clwyd Gwyddelwern,W06000004,Denbighshire,Sir Ddinbych,7705
W05001553,Morfa Tywyn,Morfa Tywyn,W06000002,Gwynedd,Gwynedd,7706
S13002978,Victoria Park,,S12000049,Glasgow City,,7707
W05001748,Overton and Maelor South,Owrtyn a De Maelor,W06000006,Wrexham,Wrecsam,7708
W05001434,Boncath and Clydau,Boncath a Chlydau,W06000009,Pembrokeshire,Sir Benfro,7709
W05001483,Solva,Solfach,W06000009,Pembrokeshire,Sir Benfro,7710
W05001341,Llangollen,Llangollen,W06000004,Denbighshire,Sir Ddinbych,7711
W05001554,Nefyn,Nefyn,W06000002,Gwynedd,Gwynedd,7712
S13002979,Garscadden/Scotstounhill,,S12000049,Glasgow City,,7713
W05001749,Pant and Johnstown,Pant a Johnstown,W06000006,Wrexham,Wrecsam,7714
W05001435,Burton,Burton,W06000009,Pembrokeshire,Sir Benfro,7715
W05001484,St David's,Tyddewi,W06000009,Pembrokeshire,Sir Benfro,7716
W05001342,Llanrhaeadr-yng-Nghinmeirch,Llanrhaeadr-yng-Nghinmeirch,W06000004,Denbighshire,Sir Ddinbych,7717
W05001555,Peblig,Peblig,W06000002,Gwynedd,Gwynedd,7718
S13002980,Drumchapel/Anniesland,,S12000049,Glasgow City,,7719
W05001750,Penycae,Pen-y-cae,W06000006,Wrexham,Wrecsam,7720
W05001436,Bro Gwaun,Bro Gwaun,W06000009,Pembrokeshire,Sir Benfro,7721
W05001485,St Dogmaels,Llandudoch,W06000009,Pembrokeshire,Sir Benfro,7722
W05001343,Moel Famau,Moel Famau,W06000004,Denbighshire,Sir Ddinbych,7723
W05001556,Pen draw Llŷn,Pen draw Llŷn,W06000002,Gwynedd,Gwynedd,7724
S13002981,Maryhill,,S12000049,Glasgow City,,7725
W05001751,Penycae and Ruabon South,Pen-y-cae a De Rhiwabon,W06000006,Wrexham,Wrecsam,7726
S13002982,Canal,,S12000049,Glasgow City,,7727
W05001437,Camrose,Camros,W06000009,Pembrokeshire,Sir Benfro,7728
S13002983,Springburn/Robroyston,,S12000049,Glasgow City,,7729
W05001344,Prestatyn Central,Canol Prestatyn,W06000004,Denbighshire,Sir Ddinbych,7730
W05001557,Penisa'r-waun,Penisa'r-waun,W06000002,Gwynedd,Gwynedd,7731
W05001438,Carew and Jeffreyston,Caeriw a Jeffreyston,W06000009,Pembrokeshire,Sir Benfro,7732
S13002984,East Centre,,S12000049,Glasgow City,,7733
W05001345,Prestatyn East,Dwyrain Prestatyn,W06000004,Denbighshire,Sir Ddinbych,7734
W05001752,Ponciau,Ponciau,W06000006,Wrexham,Wrecsam,7735
W05001486,St Florence and St Mary Out Liberty,St Florence a Llanfair Dinbych-y-pysgod,W06000009,Pembrokeshire,Sir Benfro,7736
W05001346,Prestatyn Meliden,Prestatyn Alltmelyd,W06000004,Denbighshire,Sir Ddinbych,7737
W05001558,Penrhyndeudraeth,Penrhyndeudraeth,W06000002,Gwynedd,Gwynedd,7738
S13002985,Shettleston,,S12000049,Glasgow City,,7739
W05001487,St Ishmael's,Llanisan-yn-Rhos,W06000009,Pembrokeshire,Sir Benfro,7740
W05001347,Prestatyn North,Gogledd Prestatyn,W06000004,Denbighshire,Sir Ddinbych,7741
W05001753,Queensway,Queensway,W06000006,Wrexham,Wrecsam,7742
W05001439,Cilgerran and Eglwyswrw,Cilgerran ac Eglwyswrw,W06000009,Pembrokeshire,Sir Benfro,7743
W05001559,Pen-y-groes,Pen-y-groes,W06000002,Gwynedd,Gwynedd,7744
S13002986,Baillieston,,S12000049,Glasgow City,,7745
W05001488,Tenby: North,Gogledd Dinbych-y-pysgod,W06000009,Pembrokeshire,Sir Benfro,7746
W05001348,Prestatyn South West,De-orllewin Prestatyn,W06000004,Denbighshire,Sir Ddinbych,7747
W05001754,Rhos,Rhos,W06000006,Wrexham,Wrecsam,7748
W05001440,Crymych and Mynachlog-ddu,Crymych a Mynachlog-ddu,W06000009,Pembrokeshire,Sir Benfro,7749
W05001560,Rachub,Rachub,W06000002,Gwynedd,Gwynedd,7750
S13002988,Dennistoun,,S12000049,Glasgow City,,7751
W05001489,Tenby: South,De Dinbych-y-pysgod,W06000009,Pembrokeshire,Sir Benfro,7752
W05001349,Rhuddlan,Rhuddlan,W06000004,Denbighshire,Sir Ddinbych,7753
W05001755,Rhosnesni,Rhosnesni,W06000006,Wrexham,Wrecsam,7754
W05001441,East Williamston,East Williamston,W06000009,Pembrokeshire,Sir Benfro,7755
W05001561,Teigl,Teigl,W06000002,Gwynedd,Gwynedd,7756
S13002989,Partick East/Kelvindale,,S12000049,Glasgow City,,7757
W05001490,The Havens,Yr Aberoedd,W06000009,Pembrokeshire,Sir Benfro,7758
W05001350,Rhyl East,Dwyrain y Rhyl,W06000004,Denbighshire,Sir Ddinbych,7759
W05001756,Rossett,Yr Orsedd,W06000006,Wrexham,Wrecsam,7760
W05001442,Fishguard: North East,Gogledd-ddwyrain Abergwaun,W06000009,Pembrokeshire,Sir Benfro,7761
W05001562,Trawsfynydd,Trawsfynydd,W06000002,Gwynedd,Gwynedd,7762
S13003133,North East,,S12000049,Glasgow City,,7763
W05001491,Wiston,Cas-wis,W06000009,Pembrokeshire,Sir Benfro,7764
W05001351,Rhyl South,De'r Rhyl,W06000004,Denbighshire,Sir Ddinbych,7765
W05001757,Ruabon,Rhiwabon,W06000006,Wrexham,Wrecsam,7766
W05001443,Fishguard: North West,Gogledd-orllewin Abergwaun,W06000009,Pembrokeshire,Sir Benfro,7767
W05001563,Tre-garth a Mynydd Llandygái,Tre-garth a Mynydd Llandygái,W06000002,Gwynedd,Gwynedd,7768
S13003042,Kilsyth,,S12000050,North Lanarkshire,,7769
W05001177,Abergwili,Abergwili,W06000010,Carmarthenshire,Sir Gaerfyrddin,7770
W05001352,Rhyl South West,De-orllewin y Rhyl,W06000004,Denbighshire,Sir Ddinbych,7771
W05001758,Smithfield,Smithfield,W06000006,Wrexham,Wrecsam,7772
W05001444,Goodwick,Wdig,W06000009,Pembrokeshire,Sir Benfro,7773
W05001564,Tryfan,Tryfan,W06000002,Gwynedd,Gwynedd,7774
S13003043,Cumbernauld North,,S12000050,North Lanarkshire,,7775
S13003044,Cumbernauld South,,S12000050,North Lanarkshire,,7776
S13003045,Cumbernauld East,,S12000050,North Lanarkshire,,7777
S13003047,"Gartcosh, Glenboig and Moodiesburn",,S12000050,North Lanarkshire,,7778
S13003048,Coatbridge North,,S12000050,North Lanarkshire,,7779
S13003049,Airdrie North,,S12000050,North Lanarkshire,,7780
S13003050,Airdrie Central,,S12000050,North Lanarkshire,,7781
S13003051,Coatbridge West,,S12000050,North Lanarkshire,,7782
S13003052,Coatbridge South,,S12000050,North Lanarkshire,,7783
S13003053,Airdrie South,,S12000050,North Lanarkshire,,7784
S13003054,Fortissat,,S12000050,North Lanarkshire,,7785
S13003055,Thorniewood,,S12000050,North Lanarkshire,,7786
S13003056,Bellshill,,S12000050,North Lanarkshire,,7787
S13003057,Mossend and Holytown,,S12000050,North Lanarkshire,,7788
S13003058,Motherwell West,,S12000050,North Lanarkshire,,7789
S13003059,Motherwell North,,S12000050,North Lanarkshire,,7790
S13003060,Motherwell South East and Ravenscraig,,S12000050,North Lanarkshire,,7791
S13003061,Murdostoun,,S12000050,North Lanarkshire,,7792
S13003062,Wishaw,,S12000050,North Lanarkshire,,7793
S13003134,"Stepps, Chryston and Muirhead",,S12000050,North Lanarkshire,,7794
W05001492,Aethwy,Aethwy,W06000001,Isle of Anglesey,Ynys Môn,7795
W05001493,Bodowyr,Bodowyr,W06000001,Isle of Anglesey,Ynys Môn,7796
W05001494,Bro Aberffraw,Bro Aberffraw,W06000001,Isle of Anglesey,Ynys Môn,7797
W05001495,Bro'r Llynnoedd,Bro'r Llynnoedd,W06000001,Isle of Anglesey,Ynys Môn,7798
W05001496,Canolbarth Môn,Canolbarth Môn,W06000001,Isle of Anglesey,Ynys Môn,7799
W05001497,Cefni,Cefni,W06000001,Isle of Anglesey,Ynys Môn,7800
W05001498,Crigyll,Crigyll,W06000001,Isle of Anglesey,Ynys Môn,7801
W05001565,Waunfawr,Waunfawr,W06000002,Gwynedd,Gwynedd,7802
W05001566,Y Bala,Y Bala,W06000002,Gwynedd,Gwynedd,7803
W05001567,Y Bontnewydd,Y Bontnewydd,W06000002,Gwynedd,Gwynedd,7804
W05001445,Haverfordwest: Castle,Hwlffordd: Y Castell,W06000009,Pembrokeshire,Sir Benfro,7805
W05001568,Y Faenol,Y Faenol,W06000002,Gwynedd,Gwynedd,7806
W05001353,Rhyl Trellewelyn,Y Rhyl Trellewelyn,W06000004,Denbighshire,Sir Ddinbych,7807
W05001178,Ammanford,Rhydaman,W06000010,Carmarthenshire,Sir Gaerfyrddin,7808
W05001446,Haverfordwest: Garth,Hwlffordd: Garth,W06000009,Pembrokeshire,Sir Benfro,7809
W05001759,Stansty,Stansty,W06000006,Wrexham,Wrecsam,7810
W05001569,Y Groeslon,Y Groeslon,W06000002,Gwynedd,Gwynedd,7811
W05001354,Rhyl Tŷ Newydd,Y Rhyl Tŷ Newydd,W06000004,Denbighshire,Sir Ddinbych,7812
W05001179,Betws,Y Betws,W06000010,Carmarthenshire,Sir Gaerfyrddin,7813
W05001447,Haverfordwest: Portfield,Hwlffordd: Portfield,W06000009,Pembrokeshire,Sir Benfro,7814
W05001760,Whitegate,Whitegate,W06000006,Wrexham,Wrecsam,7815
W05001570,Yr Eifl,Yr Eifl,W06000002,Gwynedd,Gwynedd,7816
W05001355,Rhyl West,Gorllewin y Rhyl,W06000004,Denbighshire,Sir Ddinbych,7817
W05001180,Bigyn,Bigyn,W06000010,Carmarthenshire,Sir Gaerfyrddin,7818
W05001448,Haverfordwest: Prendergast,Hwlffordd: Prendergast,W06000009,Pembrokeshire,Sir Benfro,7819
W05001761,Wynnstay,Wynnstay,W06000006,Wrexham,Wrecsam,7820
W05001403,Betws-yn-Rhos,Betws-yn-Rhos,W06000003,Conwy,Conwy,7821
W05001356,Ruthin,Rhuthun,W06000004,Denbighshire,Sir Ddinbych,7822
W05001181,Burry Port,Porth Tywyn,W06000010,Carmarthenshire,Sir Gaerfyrddin,7823
W05001449,Haverfordwest: Priory,Hwlffordd: Y Priordy,W06000009,Pembrokeshire,Sir Benfro,7824
W05001298,Aberaeron and Aberarth,Aberaeron ac Aber-arth,W06000008,Ceredigion,Ceredigion,7825
W05001404,Betws-y-Coed and Trefriw,Betws-y-coed a Threfriw,W06000003,Conwy,Conwy,7826
W05001405,Bryn,Bryn,W06000003,Conwy,Conwy,7827
W05001406,Caerhun,Caerhun,W06000003,Conwy,Conwy,7828
W05001407,Colwyn,Colwyn,W06000003,Conwy,Conwy,7829
W05001408,Conwy,Conwy,W06000003,Conwy,Conwy,7830
W05001409,Craig-y-don,Craig-y-don,W06000003,Conwy,Conwy,7831
W05001410,Deganwy,Deganwy,W06000003,Conwy,Conwy,7832
W05001411,Eglwys-bach a Llangernyw,Eglwys-bach a Llangernyw,W06000003,Conwy,Conwy,7833
W05001412,Eirias,Eirias,W06000003,Conwy,Conwy,7834
W05001413,Gele and Llanddulas,Gele a Llanddulas,W06000003,Conwy,Conwy,7835
W05001414,Glyn,Glyn,W06000003,Conwy,Conwy,7836
W05001415,Glyn y Marl,Glyn y Marl,W06000003,Conwy,Conwy,7837
W05001416,Gogarth Mostyn,Gogarth Mostyn,W06000003,Conwy,Conwy,7838
W05001417,Kinmel Bay,Bae Cinmel,W06000003,Conwy,Conwy,7839
W05001418,Llandrillo-yn-Rhos,Llandrillo-yn-Rhos,W06000003,Conwy,Conwy,7840
W05001419,Llanrwst a Llanddoged,Llanrwst a Llanddoged,W06000003,Conwy,Conwy,7841
W05001420,Llansanffraid,Llansanffraid,W06000003,Conwy,Conwy,7842
W05001421,Llansannan,Llansannan,W06000003,Conwy,Conwy,7843
W05001422,Llysfaen,Llysfaen,W06000003,Conwy,Conwy,7844
W05001423,Mochdre,Mochdre,W06000003,Conwy,Conwy,7845
W05001424,Pandy,Pandy,W06000003,Conwy,Conwy,7846
W05001425,Penmaenmawr,Penmaenmawr,W06000003,Conwy,Conwy,7847
W05001426,Penrhyn,Penrhyn,W06000003,Conwy,Conwy,7848
W05001427,Pen-sarn Pentre Mawr,Pen-sarn Pentre Mawr,W06000003,Conwy,Conwy,7849
W05001428,Rhiw,Rhiw,W06000003,Conwy,Conwy,7850
W05001429,Towyn,Tywyn,W06000003,Conwy,Conwy,7851
W05001430,Tudno,Tudno,W06000003,Conwy,Conwy,7852
W05001299,Aberporth and Y Ferwig,Aber-porth a'r Ferwig,W06000008,Ceredigion,Ceredigion,7853
W05001300,Aberystwyth Morfa a Glais,Aberystwyth Morfa a Glais,W06000008,Ceredigion,Ceredigion,7854
W05001301,Aberystwyth Penparcau,Aberystwyth Penparcau,W06000008,Ceredigion,Ceredigion,7855
W05001302,Aberystwyth Rheidol,Aberystwyth Rheidol,W06000008,Ceredigion,Ceredigion,7856
W05001303,Beulah and Llangoedmor,Beulah a Llangoedmor,W06000008,Ceredigion,Ceredigion,7857
W05001304,Borth,Y Borth,W06000008,Ceredigion,Ceredigion,7858
W05001305,Ceulan a Maesmawr,Ceulan a Maesmawr,W06000008,Ceredigion,Ceredigion,7859
W05001306,Ciliau Aeron,Ciliau Aeron,W06000008,Ceredigion,Ceredigion,7860
W05001307,Faenor,Faenor,W06000008,Ceredigion,Ceredigion,7861
W05001308,Lampeter,Llanbedr Pont Steffan,W06000008,Ceredigion,Ceredigion,7862
W05001309,Llannarth,Llannarth,W06000008,Ceredigion,Ceredigion,7863
W05001310,Llanbadarn Fawr,Llanbadarn Fawr,W06000008,Ceredigion,Ceredigion,7864
W05001311,Llandyfriog,LlandyfrÏog,W06000008,Ceredigion,Ceredigion,7865
W05001312,Llandysilio and Llangrannog,Llandysilio a Llangrannog,W06000008,Ceredigion,Ceredigion,7866
W05001313,Llandysul North and Troedyraur,Gogledd Llandysul a Throed-yr-aur,W06000008,Ceredigion,Ceredigion,7867
W05001314,Llandysul South,De Llansysul,W06000008,Ceredigion,Ceredigion,7868
W05001315,Llanfarian,Llanfarian,W06000008,Ceredigion,Ceredigion,7869
W05001316,Llanfihangel Ystrad,Llanfihangel Ystrad,W06000008,Ceredigion,Ceredigion,7870
W05001317,Llangeitho,Llangeitho,W06000008,Ceredigion,Ceredigion,7871
W05001318,Llangybi,Llangybi,W06000008,Ceredigion,Ceredigion,7872
W05001319,Llanrhystyd,Llanrhystud,W06000008,Ceredigion,Ceredigion,7873
W05001320,Llansanffraid,Llansanffraid,W06000008,Ceredigion,Ceredigion,7874
W05001321,Llanwenog,Llanwenog,W06000008,Ceredigion,Ceredigion,7875
W05001322,Lledrod,Lledrod,W06000008,Ceredigion,Ceredigion,7876
W05001357,St Asaph East,Dwyrain Llanelwy,W06000004,Denbighshire,Sir Ddinbych,7877
W05001182,Bynea,Bynea,W06000010,Carmarthenshire,Sir Gaerfyrddin,7878
W05001450,Hundleton,Hundleton,W06000009,Pembrokeshire,Sir Benfro,7879
W05001358,St Asaph West,Gorllewin Llanelwy,W06000004,Denbighshire,Sir Ddinbych,7880
W05001359,Trefnant,Trefnant,W06000004,Denbighshire,Sir Ddinbych,7881
W05001360,Tremeirchion,Tremeirchion,W06000004,Denbighshire,Sir Ddinbych,7882
W05001571,Argoed and New Brighton,Argoed a New Brighton,W06000005,Flintshire,Sir y Fflint,7883
W05001572,Bagillt,Bagillt,W06000005,Flintshire,Sir y Fflint,7884
W05001573,Broughton North East,Gogledd-ddwyrain Brychdyn,W06000005,Flintshire,Sir y Fflint,7885
W05001574,Broughton South,De Brychdyn,W06000005,Flintshire,Sir y Fflint,7886
W05001575,Brynford and Halkyn,Brynffordd a Helygain,W06000005,Flintshire,Sir y Fflint,7887
W05001576,Buckley: Bistre East,Bwcle: Bwyrain Bistre,W06000005,Flintshire,Sir y Fflint,7888
W05001577,Buckley: Bistre West,Bwcle: Gorllewin Bistre,W06000005,Flintshire,Sir y Fflint,7889
W05001578,Buckley: Mountain,Bwlce: Mynydd,W06000005,Flintshire,Sir y Fflint,7890
W05001579,Buckley: Pentrobin,Bwlce: Pentrobin,W06000005,Flintshire,Sir y Fflint,7891
W05001580,Caergwrle,Caergwrle,W06000005,Flintshire,Sir y Fflint,7892
W05001581,Caerwys,Caerwys,W06000005,Flintshire,Sir y Fflint,7893
W05001582,Cilcain,Cilcain,W06000005,Flintshire,Sir y Fflint,7894
W05001583,Connah's Quay Central,Canol Cei Connah,W06000005,Flintshire,Sir y Fflint,7895
W05001584,Connah's Quay: Golftyn,Cei Connah: Golftyn,W06000005,Flintshire,Sir y Fflint,7896
W05001585,Connah's Quay South,De Cei Connah,W06000005,Flintshire,Sir y Fflint,7897
W05001586,Connah's Quay: Wepre,Cei Connah: Gwepra,W06000005,Flintshire,Sir y Fflint,7898
W05001587,Flint: Castle,Y Fflint: Y Castell,W06000005,Flintshire,Sir y Fflint,7899
W05001588,Flint: Coleshill and Trelawny,Y Fflint: Cynswllt a Threlawny,W06000005,Flintshire,Sir y Fflint,7900
W05001589,Flint: Oakenholt,Y Fflint: Oakenholt,W06000005,Flintshire,Sir y Fflint,7901
W05001451,Johnston,Johnston,W06000009,Pembrokeshire,Sir Benfro,7902
W05001452,Kilgetty and Begelly,Cilgeti a Begeli,W06000009,Pembrokeshire,Sir Benfro,7903
W05001453,Lampeter Velfrey,Llanbedr Felffre,W06000009,Pembrokeshire,Sir Benfro,7904
W05001454,Lamphey,Llandyfái,W06000009,Pembrokeshire,Sir Benfro,7905
W05001455,Letterston,Treletert,W06000009,Pembrokeshire,Sir Benfro,7906
W05001456,Llangwm,Llangwm,W06000009,Pembrokeshire,Sir Benfro,7907
W05001457,Llanrhian,Llanrhian,W06000009,Pembrokeshire,Sir Benfro,7908
W05001458,Maenclochog,Maenclochog,W06000009,Pembrokeshire,Sir Benfro,7909
W05001459,Manorbier and Penally,Maenorbŷr a Phenalun,W06000009,Pembrokeshire,Sir Benfro,7910
W05001460,Martletwy,Martletwy,W06000009,Pembrokeshire,Sir Benfro,7911
W05001461,Merlin's Bridge,Pont Fadlen,W06000009,Pembrokeshire,Sir Benfro,7912
W05001462,Milford: Central,Canol Aberdaugleddau,W06000009,Pembrokeshire,Sir Benfro,7913
W05001463,Milford: East,Dwyrain Aberdaugleddau,W06000009,Pembrokeshire,Sir Benfro,7914
W05001464,Milford: Hakin,Aberdaugleddau: Hakin,W06000009,Pembrokeshire,Sir Benfro,7915
W05001465,Milford: Hubberston,Aberdaugleddau: Hubberston,W06000009,Pembrokeshire,Sir Benfro,7916
W05001466,Milford: North,Gogledd Aberdaugleddau,W06000009,Pembrokeshire,Sir Benfro,7917
W05001467,Milford: West,Gorllewin Aberdaugleddau,W06000009,Pembrokeshire,Sir Benfro,7918
W05001468,Narberth: Urban,Arberth Drefol,W06000009,Pembrokeshire,Sir Benfro,7919
W05001469,Narberth: Rural,Arberth Wledig,W06000009,Pembrokeshire,Sir Benfro,7920
W05001470,Newport and Dinas,Trefdraeth a Dinas,W06000009,Pembrokeshire,Sir Benfro,7921
W05001471,Neyland: East,Dwyrain Neyland,W06000009,Pembrokeshire,Sir Benfro,7922
W05001472,Neyland: West,Gorllewin Neyland,W06000009,Pembrokeshire,Sir Benfro,7923
W05001473,Pembroke Dock: Bufferland,Doc Penfro: Bufferland,W06000009,Pembrokeshire,Sir Benfro,7924
W05001183,Carmarthen Town North and South,Gogledd a De Tref Caerfyrddin,W06000010,Carmarthenshire,Sir Gaerfyrddin,7925
W05001184,Carmarthen Town West,Gorllewin Tref Caerfyrddin,W06000010,Carmarthenshire,Sir Gaerfyrddin,7926
W05001185,Cenarth and Llangeler,Cenarth a Llangeler,W06000010,Carmarthenshire,Sir Gaerfyrddin,7927
W05001186,Cilycwm,Cil-y-cwm,W06000010,Carmarthenshire,Sir Gaerfyrddin,7928
W05001187,Cwarter Bach,Cwarter Bach,W06000010,Carmarthenshire,Sir Gaerfyrddin,7929
W05001188,Cynwyl Elfed,Cynwyl Elfed,W06000010,Carmarthenshire,Sir Gaerfyrddin,7930
W05001189,Dafen and Felinfoel,Dafen a Felin-foel,W06000010,Carmarthenshire,Sir Gaerfyrddin,7931
W05001190,Elli,Elli,W06000010,Carmarthenshire,Sir Gaerfyrddin,7932
W05001191,Garnant,Y Garnant,W06000010,Carmarthenshire,Sir Gaerfyrddin,7933
W05001192,Glanamman,Glanaman,W06000010,Carmarthenshire,Sir Gaerfyrddin,7934
W05001193,Glanymor,Glan-y-môr,W06000010,Carmarthenshire,Sir Gaerfyrddin,7935
W05001194,Glyn,Glyn,W06000010,Carmarthenshire,Sir Gaerfyrddin,7936
W05001195,Gorslas,Gors-las,W06000010,Carmarthenshire,Sir Gaerfyrddin,7937
W05001196,Hendy,Hendy,W06000010,Carmarthenshire,Sir Gaerfyrddin,7938
W05001197,Hengoed,Hengoed,W06000010,Carmarthenshire,Sir Gaerfyrddin,7939
W05001198,Kidwelly and St Ishmael,Cydweli a Llanismel,W06000010,Carmarthenshire,Sir Gaerfyrddin,7940
W05001199,Laugharne Township,Lacharn,W06000010,Carmarthenshire,Sir Gaerfyrddin,7941
W05001200,Llanboidy,Llanboidy,W06000010,Carmarthenshire,Sir Gaerfyrddin,7942
W05001201,Llanddarog,Llandarrog,W06000010,Carmarthenshire,Sir Gaerfyrddin,7943
W05001202,Llandeilo,Llandeilo,W06000010,Carmarthenshire,Sir Gaerfyrddin,7944
W05001203,Llandovery,Llanymddyfri,W06000010,Carmarthenshire,Sir Gaerfyrddin,7945
W05001204,Llandybie,LlandybÏe,W06000010,Carmarthenshire,Sir Gaerfyrddin,7946
W05001205,Llanegwad,Llanegwad,W06000010,Carmarthenshire,Sir Gaerfyrddin,7947
W05001206,Llanfihangel Aberbythych,Llanfihangel Aberbythych,W06000010,Carmarthenshire,Sir Gaerfyrddin,7948
W05001207,Llanfihangel-ar-Arth,Llanfihangel-ar-arth,W06000010,Carmarthenshire,Sir Gaerfyrddin,7949
W05001208,Llangadog,Llangadog,W06000010,Carmarthenshire,Sir Gaerfyrddin,7950
W05001499,Lligwy,Lligwy,W06000001,Isle of Anglesey,Ynys Môn,7951
W05001500,Parc a'r Mynydd,Parc a'r Mynydd,W06000001,Isle of Anglesey,Ynys Môn,7952
W05001501,Seiriol,Seiriol,W06000001,Isle of Anglesey,Ynys Môn,7953
W05001502,Talybolion,Talybolion,W06000001,Isle of Anglesey,Ynys Môn,7954
W05001503,Tref Cybi,Tref Cybi,W06000001,Isle of Anglesey,Ynys Môn,7955
W05001504,Twrcelyn,Twrcelyn,W06000001,Isle of Anglesey,Ynys Môn,7956
W05001505,Ynys Gybi,Ynys Gybi,W06000001,Isle of Anglesey,Ynys Môn,7957
W05001506,Aberdyfi,Aberdyfi,W06000002,Gwynedd,Gwynedd,7958
W05001507,Abererch,Abererch,W06000002,Gwynedd,Gwynedd,7959
W05001508,Abermaw,Abermaw,W06000002,Gwynedd,Gwynedd,7960
W05001509,Abersoch gyda Llanengan,Abersoch gyda Llanengan,W06000002,Gwynedd,Gwynedd,7961
W05001510,Arllechwedd,Arllechwedd,W06000002,Gwynedd,Gwynedd,7962
W05001511,Arthog a Llangelynnin,Arthog a Llangelynnin,W06000002,Gwynedd,Gwynedd,7963
W05001512,Bethel a'r Felinheli,Bethel a'r Felinheli,W06000002,Gwynedd,Gwynedd,7964
W05001513,Bowydd a'r Rhiw,Bowydd a'r Rhiw,W06000002,Gwynedd,Gwynedd,7965
W05001514,Brithdir and Llanfachreth/Ganllwyd/Llanelltyd,Brithdir a Llanfachreth/Y Ganllwyd/Llanelltud,W06000002,Gwynedd,Gwynedd,7966
W05001515,Bro Dysynni,Bro Dysynni,W06000002,Gwynedd,Gwynedd,7967
W05001516,Cadnant,Cadnant,W06000002,Gwynedd,Gwynedd,7968
W05001517,Canol Bangor,Canol Bangor,W06000002,Gwynedd,Gwynedd,7969
W05001518,Canol Bethesda,Canol Bethesda,W06000002,Gwynedd,Gwynedd,7970
W05001519,Canol Tref Caernarfon,Canol Tref Caernarfon,W06000002,Gwynedd,Gwynedd,7971
W05001520,Clynnog,Clynnog,W06000002,Gwynedd,Gwynedd,7972
W05001521,Corris a Mawddwy,Corris a Mawddwy,W06000002,Gwynedd,Gwynedd,7973
W05001522,Criccieth,Criccieth,W06000002,Gwynedd,Gwynedd,7974
W05001523,Cwm-y-glo,Cwm-y-glo,W06000002,Gwynedd,Gwynedd,7975
W05001524,De Dolgellau,De Dolgellau,W06000002,Gwynedd,Gwynedd,7976
W05001525,De Pwllheli,De Pwllheli,W06000002,Gwynedd,Gwynedd,7977
W05001526,Deiniolen,Deiniolen,W06000002,Gwynedd,Gwynedd,7978
W05001527,Dewi,Dewi,W06000002,Gwynedd,Gwynedd,7979
W05001528,Diffwys a Maenofferen,Diffwys a Maenofferen,W06000002,Gwynedd,Gwynedd,7980
W05001529,Dolbenmaen,Dolbenmaen,W06000002,Gwynedd,Gwynedd,7981
W05001530,Dwyrain Bangor,Dwyrain Bangor,W06000002,Gwynedd,Gwynedd,7982
W05001531,Dwyrain Porthmadog,Dwyrain Porthmadog,W06000002,Gwynedd,Gwynedd,7983
W05001532,Dyffryn Ardudwy,Dyffryn Ardudwy,W06000002,Gwynedd,Gwynedd,7984
W05001533,Efailnewydd a Buan,Efailnewydd a Buan,W06000002,Gwynedd,Gwynedd,7985
W05001534,Gerlan,Gerlan,W06000002,Gwynedd,Gwynedd,7986
W05001535,Glaslyn,Glaslyn,W06000002,Gwynedd,Gwynedd,7987
W05001536,Glyder,Glyder,W06000002,Gwynedd,Gwynedd,7988
W05001537,Gogledd Dolgellau,Gogledd Dolgellau,W06000002,Gwynedd,Gwynedd,7989
W05001538,Gogledd Pwllheli,Gogledd Pwllheli,W06000002,Gwynedd,Gwynedd,7990
W05001539,Gorllewin Porthmadog,Gorllewin Porthmadog,W06000002,Gwynedd,Gwynedd,7991
W05001540,Gorllewin Tywyn,Gorllewin Tywyn,W06000002,Gwynedd,Gwynedd,7992
W05001541,Harlech a Llanbedr,Harlech a Llanbedr,W06000002,Gwynedd,Gwynedd,7993
W05001542,Hendre,Hendre,W06000002,Gwynedd,Gwynedd,7994
W05001543,Llanbedrog gyda Mynytho,Llanbedrog gyda Mynytho,W06000002,Gwynedd,Gwynedd,7995
W05001544,Llanberis,Llanberis,W06000002,Gwynedd,Gwynedd,7996
W05001545,Llandderfel,Llandderfel,W06000002,Gwynedd,Gwynedd,7997
W05001546,Llanllyfni,Llanllyfni,W06000002,Gwynedd,Gwynedd,7998
W05001547,Llanrug,Llanrug,W06000002,Gwynedd,Gwynedd,7999
W05001548,Llanuwchllyn,Llanuwchllyn,W06000002,Gwynedd,Gwynedd,8000
W05001243,Maesteg West,Gorllewin Maesteg,W06000013,Bridgend,Pen-y-bont ar Ogwr,8001
W05001244,Nant-y-moel,Nant-y-moel,W06000013,Bridgend,Pen-y-bont ar Ogwr,8002
W05001245,Newton,Drenewydd,W06000013,Bridgend,Pen-y-bont ar Ogwr,8003
W05001246,Nottage,Notais,W06000013,Bridgend,Pen-y-bont ar Ogwr,8004
W05001247,Ogmore Vale,Bro Ogwr,W06000013,Bridgend,Pen-y-bont ar Ogwr,8005
W05001248,Oldcastle,Hengastell,W06000013,Bridgend,Pen-y-bont ar Ogwr,8006
W05001249,Pencoed and Penprysg,Pencoed a Phen-prysg,W06000013,Bridgend,Pen-y-bont ar Ogwr,8007
W05001250,Pen-y-fai,Pen-y-fai,W06000013,Bridgend,Pen-y-bont ar Ogwr,8008
W05001251,Porthcawl East Central,Canol Dwyrain Porthcawl,W06000013,Bridgend,Pen-y-bont ar Ogwr,8009
W05001252,Porthcawl West Central,Canol Gorllewin Porthcawl,W06000013,Bridgend,Pen-y-bont ar Ogwr,8010
W05001253,"Pyle, Kenfig Hill and Cefn Cribwr","Y Pîl, Cynffig a Chefn Cribwr",W06000013,Bridgend,Pen-y-bont ar Ogwr,8011
W05001254,Rest Bay,Rest Bay,W06000013,Bridgend,Pen-y-bont ar Ogwr,8012
W05001255,St Bride's Minor and Ynysawdre,Llansanffraid-ar-Ogwr ac Ynysawdre,W06000013,Bridgend,Pen-y-bont ar Ogwr,8013
W05001070,West Cross,West Cross,W06000011,Swansea,Abertawe,8014
W05001379,Baruc,Baruc,W06000014,Vale of Glamorgan,Bro Morgannwg,8015
W05001380,Buttrills,Buttrills,W06000014,Vale of Glamorgan,Bro Morgannwg,8016
W05001381,Cadoc,Cadog,W06000014,Vale of Glamorgan,Bro Morgannwg,8017
W05001382,Castleland,Castleland,W06000014,Vale of Glamorgan,Bro Morgannwg,8018
W05001383,Cornerswell,Cornerswell,W06000014,Vale of Glamorgan,Bro Morgannwg,8019
W05001384,Court,Court,W06000014,Vale of Glamorgan,Bro Morgannwg,8020
W05001385,Cowbridge,Y Bont-faen,W06000014,Vale of Glamorgan,Bro Morgannwg,8021
W05001386,Dinas Powys,Dinas Powys,W06000014,Vale of Glamorgan,Bro Morgannwg,8022
W05001387,Dyfan,Dyfan,W06000014,Vale of Glamorgan,Bro Morgannwg,8023
W05001388,Gibbonsdown,Gibbonsdown,W06000014,Vale of Glamorgan,Bro Morgannwg,8024
W05001389,Illtyd,Illtud,W06000014,Vale of Glamorgan,Bro Morgannwg,8025
W05001390,Llandough,Llandochau,W06000014,Vale of Glamorgan,Bro Morgannwg,8026
W05001391,Llandow,Llandŵ,W06000014,Vale of Glamorgan,Bro Morgannwg,8027
W05001392,Llantwit Major,Llanilltud Fawr,W06000014,Vale of Glamorgan,Bro Morgannwg,8028
W05001393,Peterston-super-Ely,Llanbedr-y-fro,W06000014,Vale of Glamorgan,Bro Morgannwg,8029
W05001394,Plymouth,Plymouth,W06000014,Vale of Glamorgan,Bro Morgannwg,8030
W05001395,Rhoose,Y Rhws,W06000014,Vale of Glamorgan,Bro Morgannwg,8031
W05001396,St Athan,Sain Tathan,W06000014,Vale of Glamorgan,Bro Morgannwg,8032
W05001397,St Bride's Major,Saint-y-brid,W06000014,Vale of Glamorgan,Bro Morgannwg,8033
W05001398,St Nicholas and Llancarfan,Sain Nicolas a Llancarfan,W06000014,Vale of Glamorgan,Bro Morgannwg,8034
W05001399,St Augustine's,St Augustine's,W06000014,Vale of Glamorgan,Bro Morgannwg,8035
W05001400,Stanwell,Stanwell,W06000014,Vale of Glamorgan,Bro Morgannwg,8036
W05001401,Sully,Sili,W06000014,Vale of Glamorgan,Bro Morgannwg,8037
W05001402,Wenvoe,Gwenfô,W06000014,Vale of Glamorgan,Bro Morgannwg,8038
W05001270,Adamsdown,Adamsdown,W06000015,Cardiff,Caerdydd,8039
W05001271,Butetown,Butetown,W06000015,Cardiff,Caerdydd,8040
W05001272,Caerau,Caerau,W06000015,Cardiff,Caerdydd,8041
W05001273,Canton,Treganna,W06000015,Cardiff,Caerdydd,8042
W05001274,Cathays,Cathays,W06000015,Cardiff,Caerdydd,8043
W05001275,Cyncoed,Cyncoed,W06000015,Cardiff,Caerdydd,8044
W05001276,Ely,Trelái,W06000015,Cardiff,Caerdydd,8045
W05001277,Fairwater,Y Tyllgoed,W06000015,Cardiff,Caerdydd,8046
W05001278,Gabalfa,Gabalfa,W06000015,Cardiff,Caerdydd,8047
W05001279,Grangetown,Grangetown,W06000015,Cardiff,Caerdydd,8048
W05001280,Heath,Y Mynydd Bychan,W06000015,Cardiff,Caerdydd,8049
W05001281,Lisvane and Thornhill,Llys-faen a'r Ddraenen,W06000015,Cardiff,Caerdydd,8050
W05001282,Llandaff,Llandaf,W06000015,Cardiff,Caerdydd,8051
W05001209,Llangennech,Llangennech,W06000010,Carmarthenshire,Sir Gaerfyrddin,8052
W05001106,Tonyrefail East,Dwyrain Tonyrefail,W06000016,Rhondda Cynon Taf,Rhondda Cynon Taf,8053
W05001283,Llandaff North,Ystum Taf,W06000015,Cardiff,Caerdydd,8054
W05001210,Llangunnor,Llangynnwr,W06000010,Carmarthenshire,Sir Gaerfyrddin,8055
W05001679,Aberavon,Aberafan,W06000012,Neath Port Talbot,Castell-nedd Port Talbot,8056
W05001211,Llangyndeyrn,Llangyndeyrn,W06000010,Carmarthenshire,Sir Gaerfyrddin,8057
W05001680,Aberdulais,Aberdulais,W06000012,Neath Port Talbot,Castell-nedd Port Talbot,8058
W05001284,Llanishen,Llanisien,W06000015,Cardiff,Caerdydd,8059
W05001788,Overmonnow,Overmonnow,W06000021,Monmouthshire,Sir Fynwy,8060
W05001107,Tonyrefail West,Gorllewin Tonyrefail,W06000016,Rhondda Cynon Taf,Rhondda Cynon Taf,8061
W05001212,Llannon,Llan-non,W06000010,Carmarthenshire,Sir Gaerfyrddin,8062
W05001681,Allt-wen,Allt-wen,W06000012,Neath Port Talbot,Castell-nedd Port Talbot,8063
W05001285,Llanrumney,Llanrhymni,W06000015,Cardiff,Caerdydd,8064
W05001789,Park,Y Parc,W06000021,Monmouthshire,Sir Fynwy,8065
W05001108,Trallwng,Trallwng,W06000016,Rhondda Cynon Taf,Rhondda Cynon Taf,8066
W05001109,Trealaw,Trealaw,W06000016,Rhondda Cynon Taf,Rhondda Cynon Taf,8067
W05001110,Treforest,Trefforest,W06000016,Rhondda Cynon Taf,Rhondda Cynon Taf,8068
W05001111,Treherbert,Treherbert,W06000016,Rhondda Cynon Taf,Rhondda Cynon Taf,8069
W05001112,Treorchy,Treorci,W06000016,Rhondda Cynon Taf,Rhondda Cynon Taf,8070
W05001113,Tylorstown and Ynyshir,Tylorstown ac Ynys-hir,W06000016,Rhondda Cynon Taf,Rhondda Cynon Taf,8071
W05001114,Upper Rhydfelen and Glyn-taf,Rhydfelen Uchaf a Glyn-taf,W06000016,Rhondda Cynon Taf,Rhondda Cynon Taf,8072
W05001115,Ynysybwl,Ynys-y-bwl,W06000016,Rhondda Cynon Taf,Rhondda Cynon Taf,8073
W05001116,Ystrad,Ystrad,W06000016,Rhondda Cynon Taf,Rhondda Cynon Taf,8074
W05001648,Aber Valley,Cwm Aber,W06000018,Caerphilly,Caerffili,8075
W05001649,Aberbargoed and Bargoed,Aberbargod a Bargod,W06000018,Caerphilly,Caerffili,8076
W05001650,Abercarn,Aber-carn,W06000018,Caerphilly,Caerffili,8077
W05001651,Argoed,Argoed,W06000018,Caerphilly,Caerffili,8078
W05001652,Bedwas and Trethomas,Bedwas a Threthomas,W06000018,Caerphilly,Caerffili,8079
W05001653,Blackwood,Coed-duon,W06000018,Caerphilly,Caerffili,8080
W05001654,Cefn Fforest and Pengam,Cefn Fforest a Phengam,W06000018,Caerphilly,Caerffili,8081
W05001655,Crosskeys,Crosskeys,W06000018,Caerphilly,Caerffili,8082
W05001656,Crumlin,Crymlyn,W06000018,Caerphilly,Caerffili,8083
W05001657,Darran Valley,Cwm Darran,W06000018,Caerphilly,Caerffili,8084
W05001658,Gilfach,Gilfach,W06000018,Caerphilly,Caerffili,8085
W05001659,Hengoed,Hengoed,W06000018,Caerphilly,Caerffili,8086
W05001660,Llanbradach,Llanbradach,W06000018,Caerphilly,Caerffili,8087
W05001661,Machen and Rudry,Machen a Rhydri,W06000018,Caerphilly,Caerffili,8088
W05001662,Maesycwmmer,Maesycwmwr,W06000018,Caerphilly,Caerffili,8089
W05001663,Morgan Jones,Morgan,W06000018,Caerphilly,Caerffili,8090
W05001664,Moriah and Pontlottyn,Moriah a Phontlotyn,W06000018,Caerphilly,Caerffili,8091
W05001665,Nelson,Nelson,W06000018,Caerphilly,Caerffili,8092
W05001666,New Tredegar,Tredegar Newydd,W06000018,Caerphilly,Caerffili,8093
W05001667,Newbridge,Trecelyn,W06000018,Caerphilly,Caerffili,8094
W05001668,Penmaen,Penmaen,W06000018,Caerphilly,Caerffili,8095
W05001669,Penyrheol,Penyrheol,W06000018,Caerphilly,Caerffili,8096
W05001670,Pontllanfraith,Pontllan-fraith,W06000018,Caerphilly,Caerffili,8097
W05001671,Risca East,Dwyrain Rhisga,W06000018,Caerphilly,Caerffili,8098
W05001672,Risca West,Gorllewin Rhisga,W06000018,Caerphilly,Caerffili,8099
W05001673,St Cattwg,Sant Catwg,W06000018,Caerphilly,Caerffili,8100
W05001674,St Martins,Sant Martin,W06000018,Caerphilly,Caerffili,8101
W05001675,Twyn Carno,Twyncarno,W06000018,Caerphilly,Caerffili,8102
W05001676,Van,Y Fan,W06000018,Caerphilly,Caerffili,8103
W05001677,Ynysddu,Ynys-ddu,W06000018,Caerphilly,Caerffili,8104
W05001678,Ystrad Mynach,Ystrad Mynach,W06000018,Caerphilly,Caerffili,8105
W05001256,Abertillery and Six Bells,Abertyleri a Six Bells,W06000019,Blaenau Gwent,Blaenau Gwent,8106
W05001257,Beaufort,Cendl,W06000019,Blaenau Gwent,Blaenau Gwent,8107
W05001258,Blaina,Blaenau,W06000019,Blaenau Gwent,Blaenau Gwent,8108
W05001259,Brynmawr,Bryn-mawr,W06000019,Blaenau Gwent,Blaenau Gwent,8109
W05001260,Cwm,Cwm,W06000019,Blaenau Gwent,Blaenau Gwent,8110
W05001261,Cwmtillery,Cwmtyleri,W06000019,Blaenau Gwent,Blaenau Gwent,8111
W05001262,Ebbw Vale North,Gogledd Glynebwy,W06000019,Blaenau Gwent,Blaenau Gwent,8112
W05001263,Ebbw Vale South,De Glynebwy,W06000019,Blaenau Gwent,Blaenau Gwent,8113
W05001213,Llanybydder,Llanybydder,W06000010,Carmarthenshire,Sir Gaerfyrddin,8114
W05001133,Guilsfield,Cegidfa,W06000023,Powys,Powys,8115
W05001682,Baglan,Baglan,W06000012,Neath Port Talbot,Castell-nedd Port Talbot,8116
W05001214,Lliedi,Lliedi,W06000010,Carmarthenshire,Sir Gaerfyrddin,8117
W05001790,Pen Y Fal,Pen-y-fâl,W06000021,Monmouthshire,Sir Fynwy,8118
W05001286,Pentwyn,Pentwyn,W06000015,Cardiff,Caerdydd,8119
W05001215,Llwynhendy,Llwynhendy,W06000010,Carmarthenshire,Sir Gaerfyrddin,8120
W05001287,Pentyrch and St Fagans,Pentyrch a Sain Ffagan,W06000015,Cardiff,Caerdydd,8121
W05001683,Blaengwrach and Glynneath West,Blaen-gwrach a Gorllewin Glyn-nedd,W06000012,Neath Port Talbot,Castell-nedd Port Talbot,8122
W05001791,Portskewett,Porthsgiwed,W06000021,Monmouthshire,Sir Fynwy,8123
W05001216,Manordeilo and Salem,Maenordeilo a Salem,W06000010,Carmarthenshire,Sir Gaerfyrddin,8124
W05001288,Penylan,Pen-y-lan,W06000015,Cardiff,Caerdydd,8125
W05001684,Briton Ferry East,Dwyrain Llansawel,W06000012,Neath Port Talbot,Castell-nedd Port Talbot,8126
W05001134,Gwernyfed,Gwernyfed,W06000023,Powys,Powys,8127
W05001792,Raglan,Rhaglan,W06000021,Monmouthshire,Sir Fynwy,8128
W05001217,Pembrey,Pen-bre,W06000010,Carmarthenshire,Sir Gaerfyrddin,8129
W05001289,Plasnewydd,Plasnewydd,W06000015,Cardiff,Caerdydd,8130
W05001685,Briton Ferry West,Gorllewin Llansawel,W06000012,Neath Port Talbot,Castell-nedd Port Talbot,8131
W05001135,Hay,Y Gelli,W06000023,Powys,Powys,8132
W05001793,Rogiet,Rogiet,W06000021,Monmouthshire,Sir Fynwy,8133
W05001218,Penygroes,Pen-y-groes,W06000010,Carmarthenshire,Sir Gaerfyrddin,8134
W05001290,Pontprennau and Old St Mellons,Pontprennau a Phentref Llaneirwg,W06000015,Cardiff,Caerdydd,8135
W05001686,Bryn and Cwmavon,Bryn a Chwmafan,W06000012,Neath Port Talbot,Castell-nedd Port Talbot,8136
W05001136,Ithon Valley,Dyffryn Ieithon,W06000023,Powys,Powys,8137
W05001794,Severn,Hafren,W06000021,Monmouthshire,Sir Fynwy,8138
W05001219,Pontyberem,Pontyberem,W06000010,Carmarthenshire,Sir Gaerfyrddin,8139
W05001291,Radyr,Radur,W06000015,Cardiff,Caerdydd,8140
W05001687,Bryn-coch North,Gogledd Bryn-coch,W06000012,Neath Port Talbot,Castell-nedd Port Talbot,8141
W05001137,Kerry,Ceri,W06000023,Powys,Powys,8142
W05001795,Shirenewton,Drenewydd Gelli-farch,W06000021,Monmouthshire,Sir Fynwy,8143
W05001220,Saron,Saron,W06000010,Carmarthenshire,Sir Gaerfyrddin,8144
W05001292,Rhiwbina,Rhiwbeina,W06000015,Cardiff,Caerdydd,8145
W05001688,Bryn-coch South,De Bryn-coch,W06000012,Neath Port Talbot,Castell-nedd Port Talbot,8146
W05001138,Knighton with Beguildy,Trefyclo gyda Bugeildy,W06000023,Powys,Powys,8147
W05001796,St Arvans,Llanarfan,W06000021,Monmouthshire,Sir Fynwy,8148
W05001221,St Clears and Llansteffan,Sanclêr a Llansteffan,W06000010,Carmarthenshire,Sir Gaerfyrddin,8149
W05001293,Riverside,Glanyrafon,W06000015,Cardiff,Caerdydd,8150
W05001689,Cadoxton,Llangatwg,W06000012,Neath Port Talbot,Castell-nedd Port Talbot,8151
W05001139,Llanafanfawr with Garth,Llanafan-fawr gyda Garth,W06000023,Powys,Powys,8152
W05001797,St Kingsmark,Llangynfarch,W06000021,Monmouthshire,Sir Fynwy,8153
W05001222,Swiss Valley,Swiss Valley,W06000010,Carmarthenshire,Sir Gaerfyrddin,8154
W05001294,Rumney,Tredelerch,W06000015,Cardiff,Caerdydd,8155
W05001690,Cimla and Pelenna,Cimla a Phelenna,W06000012,Neath Port Talbot,Castell-nedd Port Talbot,8156
W05001140,Llanbrynmair,Llanbrynmair,W06000023,Powys,Powys,8157
W05001264,Georgetown,Georgetown,W06000019,Blaenau Gwent,Blaenau Gwent,8158
W05001798,Town,Y Dref,W06000021,Monmouthshire,Sir Fynwy,8159
W05001223,Trelech,Tre-lech,W06000010,Carmarthenshire,Sir Gaerfyrddin,8160
W05001295,Splott,Y Sblot,W06000015,Cardiff,Caerdydd,8161
W05001691,Coedffranc Central,Canol Coed-ffranc,W06000012,Neath Port Talbot,Castell-nedd Port Talbot,8162
W05001141,Llandinam with Dolfor,Llandinam gyda Dolfor,W06000023,Powys,Powys,8163
W05001265,Llanhilleth,Llanhiledd,W06000019,Blaenau Gwent,Blaenau Gwent,8164
W05001799,West End,West End,W06000021,Monmouthshire,Sir Fynwy,8165
W05001800,Wyesham,Wyesham,W06000021,Monmouthshire,Sir Fynwy,8166
W05001627,Allt-yr-yn,Allt-yr-ynn,W06000022,Newport,Casnewydd,8167
W05001628,Alway,Alway,W06000022,Newport,Casnewydd,8168
W05001629,Beechwood,Beechwood,W06000022,Newport,Casnewydd,8169
W05001630,Bettws,Betws,W06000022,Newport,Casnewydd,8170
W05001631,Bishton and Langstone,Trefesgob a Langstone,W06000022,Newport,Casnewydd,8171
W05001632,Caerleon,Caerllion,W06000022,Newport,Casnewydd,8172
W05001633,Gaer,Gaer,W06000022,Newport,Casnewydd,8173
W05001634,Graig,Graig,W06000022,Newport,Casnewydd,8174
W05001635,Lliswerry,Llyswyry,W06000022,Newport,Casnewydd,8175
W05001636,Llanwern,Llan-wern,W06000022,Newport,Casnewydd,8176
W05001637,Malpas,Malpas,W06000022,Newport,Casnewydd,8177
W05001638,Pillgwenlly,Pilgwenlli,W06000022,Newport,Casnewydd,8178
W05001639,Ringland,Ringland,W06000022,Newport,Casnewydd,8179
W05001640,Rogerstone East,Dwyrain Tŷ-du,W06000022,Newport,Casnewydd,8180
W05001641,Rogerstone North,Gogledd Tŷ-du,W06000022,Newport,Casnewydd,8181
W05001642,Rogerstone West,Gorllewin Tŷ-du,W06000022,Newport,Casnewydd,8182
W05001643,Shaftesbury,Shaftesbury,W06000022,Newport,Casnewydd,8183
W05001644,St Julians,Sain Silian,W06000022,Newport,Casnewydd,8184
W05001645,Stow Hill,Stow Hill,W06000022,Newport,Casnewydd,8185
W05001646,Tredegar Park and Marshfield,Parc Tredegar a Maerun,W06000022,Newport,Casnewydd,8186
W05001647,Victoria,Victoria,W06000022,Newport,Casnewydd,8187
W05001117,Aber-craf and Ystradgynlais,Aber-craf ac Ystradgynlais,W06000023,Powys,Powys,8188
W05001118,"Banwy, Llanfihangel and Llanwddyn","Banwy, Llanfihangel a Llanwddyn",W06000023,Powys,Powys,8189
W05001119,Berriew and Castle Caereinion,Aberriw a Chastell Caereinion,W06000023,Powys,Powys,8190
W05001120,Brecon East,Dwyrain Aberhonddu,W06000023,Powys,Powys,8191
W05001121,Brecon West,Gorllewin Aberhonddu,W06000023,Powys,Powys,8192
W05001122,Bronllys and Felin-fach,Bronllys a Felin-fach,W06000023,Powys,Powys,8193
W05001123,Builth,Llanfair-ym-Muallt,W06000023,Powys,Powys,8194
W05001124,Caersws,Caersŵs,W06000023,Powys,Powys,8195
W05001125,Churchstoke,Yr Ystog,W06000023,Powys,Powys,8196
W05001126,Crickhowell with Cwmdu and Tretower,Crucywel gyda Chwm-du a Thretŵr,W06000023,Powys,Powys,8197
W05001127,Cwm-twrch,Cwm-twrch,W06000023,Powys,Powys,8198
W05001128,Disserth and Trecoed with Newbridge,Diserth a Thre-coed gyda'r Bontnewydd-ar-Wy,W06000023,Powys,Powys,8199
W05001129,Dolforwyn,Dolforwyn,W06000023,Powys,Powys,8200
W05001130,Forden and Montgomery,Ffordun a Threfaldwyn,W06000023,Powys,Powys,8201
W05001131,Glantwymyn,Glantwymyn,W06000023,Powys,Powys,8202
W05001132,Glasbury,Y Clas-ar-Wy,W06000023,Powys,Powys,8203
W05001224,Trimsaran,Trimsaran,W06000010,Carmarthenshire,Sir Gaerfyrddin,8204
W05001296,Trowbridge,Trowbridge,W06000015,Cardiff,Caerdydd,8205
W05001266,Nantyglo,Nant-y-glo,W06000019,Blaenau Gwent,Blaenau Gwent,8206
W05001142,Llandrindod North,Gogledd Llandrindod,W06000023,Powys,Powys,8207
W05001225,Tycroes,Tŷ-croes,W06000010,Carmarthenshire,Sir Gaerfyrddin,8208
W05001297,Whitchurch and Tongwynlais,Yr Eglwys Newydd a Thongwynlais,W06000015,Cardiff,Caerdydd,8209
W05001267,Rassau and Garnlydan,Rasa a Garnlydan,W06000019,Blaenau Gwent,Blaenau Gwent,8210
W05001143,Llandrindod South,De Llandrindod,W06000023,Powys,Powys,8211
W05001692,Coedffranc North,Gogledd Coed-ffranc,W06000012,Neath Port Talbot,Castell-nedd Port Talbot,8212
W05001226,Tyisha,Tyisha,W06000010,Carmarthenshire,Sir Gaerfyrddin,8213
W05001071,Aberaman,Aberaman,W06000016,Rhondda Cynon Taf,Rhondda Cynon Taf,8214
W05001072,Abercynon,Abercynon,W06000016,Rhondda Cynon Taf,Rhondda Cynon Taf,8215
W05001073,Aberdare East,Dwyrain Aberdâr,W06000016,Rhondda Cynon Taf,Rhondda Cynon Taf,8216
W05001074,Aberdare West and Llwydcoed,Gorllewin Aberdâr a Llwydcoed,W06000016,Rhondda Cynon Taf,Rhondda Cynon Taf,8217
W05001075,Beddau and Tyn-y-nant,Beddau a Thyn-y-nant,W06000016,Rhondda Cynon Taf,Rhondda Cynon Taf,8218
W05001076,Brynna and Llanharan,Brynna a Llanharan,W06000016,Rhondda Cynon Taf,Rhondda Cynon Taf,8219
W05001077,Church Village,Pentre'r Eglwys,W06000016,Rhondda Cynon Taf,Rhondda Cynon Taf,8220
W05001078,Cilfynydd,Cilfynydd,W06000016,Rhondda Cynon Taf,Rhondda Cynon Taf,8221
W05001079,Cwm Clydach,Cwm Clydach,W06000016,Rhondda Cynon Taf,Rhondda Cynon Taf,8222
W05001080,Cwmbach,Cwm-bach,W06000016,Rhondda Cynon Taf,Rhondda Cynon Taf,8223
W05001081,Cymer,Cymer,W06000016,Rhondda Cynon Taf,Rhondda Cynon Taf,8224
W05001082,Ferndale and Maerdy,Glynrhedynog a'r Maerdy,W06000016,Rhondda Cynon Taf,Rhondda Cynon Taf,8225
W05001083,Gilfach-goch,Gilfach-goch,W06000016,Rhondda Cynon Taf,Rhondda Cynon Taf,8226
W05001084,Glyn-coch,Glyn-coch,W06000016,Rhondda Cynon Taf,Rhondda Cynon Taf,8227
W05001085,Graig and Pontypridd West,Y Graig a Gorllewin Pontypridd,W06000016,Rhondda Cynon Taf,Rhondda Cynon Taf,8228
W05001086,Hawthorn and Lower Rhydfelen,Y Ddraenen-wen a Rhydfelen Isaf,W06000016,Rhondda Cynon Taf,Rhondda Cynon Taf,8229
W05001087,"Hirwaun, Penderyn and Rhigos","Hirwaun, Penderyn a'r Rhigos",W06000016,Rhondda Cynon Taf,Rhondda Cynon Taf,8230
W05001088,Llanharry,Llanhari,W06000016,Rhondda Cynon Taf,Rhondda Cynon Taf,8231
W05001089,Llantrisant and Talbot Green,Llantrisant a Thonysguboriau,W06000016,Rhondda Cynon Taf,Rhondda Cynon Taf,8232
W05001090,Llantwit Fardre,Llanilltud Faerdref,W06000016,Rhondda Cynon Taf,Rhondda Cynon Taf,8233
W05001091,Llwyn-y-pia,Llwynypia,W06000016,Rhondda Cynon Taf,Rhondda Cynon Taf,8234
W05001092,Mountain Ash,Aberpennar,W06000016,Rhondda Cynon Taf,Rhondda Cynon Taf,8235
W05001093,Penrhiw-ceibr,Penrhiw-ceibr,W06000016,Rhondda Cynon Taf,Rhondda Cynon Taf,8236
W05001094,Pentre,Pentre,W06000016,Rhondda Cynon Taf,Rhondda Cynon Taf,8237
W05001095,Pen-y-graig,Pen-y-graig,W06000016,Rhondda Cynon Taf,Rhondda Cynon Taf,8238
W05001096,Pen-y-waun,Pen-y-waun,W06000016,Rhondda Cynon Taf,Rhondda Cynon Taf,8239
W05001097,Pontyclun Central,Canol Pont-y-clun,W06000016,Rhondda Cynon Taf,Rhondda Cynon Taf,8240
W05001098,Pontyclun East,Dwyrain Pont-y-clun,W06000016,Rhondda Cynon Taf,Rhondda Cynon Taf,8241
W05001099,Pontyclun West,Gorllewin Pont-y-clun,W06000016,Rhondda Cynon Taf,Rhondda Cynon Taf,8242
W05001100,Pontypridd Town,Tref Pontypridd,W06000016,Rhondda Cynon Taf,Rhondda Cynon Taf,8243
W05001101,Porth,Porth,W06000016,Rhondda Cynon Taf,Rhondda Cynon Taf,8244
W05001102,Rhydfelen Central,Canol Rhydfelen,W06000016,Rhondda Cynon Taf,Rhondda Cynon Taf,8245
W05001103,Taff's Well,Ffynnon Taf,W06000016,Rhondda Cynon Taf,Rhondda Cynon Taf,8246
W05001104,Ton-teg,Ton-teg,W06000016,Rhondda Cynon Taf,Rhondda Cynon Taf,8247
W05001105,Tonypandy,Tonypandy,W06000016,Rhondda Cynon Taf,Rhondda Cynon Taf,8248
W05001144,Llandrinio,Llandrinio,W06000023,Powys,Powys,8249
W05001693,Coedffranc West,Gorllewin Coed-ffranc,W06000012,Neath Port Talbot,Castell-nedd Port Talbot,8250
W05001227,Whitland,Hendy-gwyn ar Daf,W06000010,Carmarthenshire,Sir Gaerfyrddin,8251
W05001145,Llandysilio,Llandysilio,W06000023,Powys,Powys,8252
W05001268,Sirhowy,Sirhywi,W06000019,Blaenau Gwent,Blaenau Gwent,8253
W05001694,"Crynant, Onllwyn and Seven Sisters","Y Creunant, Onllwyn a Blaendulais",W06000012,Neath Port Talbot,Castell-nedd Port Talbot,8254
W05001039,Bishopston,Llandeilo Ferwallt,W06000011,Swansea,Abertawe,8255
W05001269,Tredegar,Tredegar,W06000019,Blaenau Gwent,Blaenau Gwent,8256
W05001146,Llanelwedd,Llanelwedd,W06000023,Powys,Powys,8257
W05001040,Bôn-y-maen,Bôn-y-maen,W06000011,Swansea,Abertawe,8258
W05001147,Llanfair Caereinion and Llanerfyl,Llanfair Caereinion a Llanerfyl,W06000023,Powys,Powys,8259
W05001361,Abersychan,Abersychan,W06000020,Torfaen,Torfaen,8260
W05001041,Castle,Y Castell,W06000011,Swansea,Abertawe,8261
W05001148,Llanfyllin,Llanfyllin,W06000023,Powys,Powys,8262
W05001695,Cwmllynfell and Ystalyfera,Cwmllynfell ac Ystalyfera,W06000012,Neath Port Talbot,Castell-nedd Port Talbot,8263
W05001362,Blaenavon,Blaenafon,W06000020,Torfaen,Torfaen,8264
W05001042,Clydach,Clydach,W06000011,Swansea,Abertawe,8265
W05001149,Llangattock and Llangynidr,Llangatwg a Llangynidr,W06000023,Powys,Powys,8266
W05001696,Cymer and Glyncorrwg,Cymer a Glyncorrwg,W06000012,Neath Port Talbot,Castell-nedd Port Talbot,8267
W05001363,Coed Eva,Coed Efa,W06000020,Torfaen,Torfaen,8268
W05001043,Cockett,Y Cocyd,W06000011,Swansea,Abertawe,8269
W05001150,Llangors with Bwlch,Llan-gors gyda Bwlch,W06000023,Powys,Powys,8270
W05001697,Dyffryn,Dyffryn,W06000012,Neath Port Talbot,Castell-nedd Port Talbot,8271
W05001364,Croesyceiliog,Croesyceiliog,W06000020,Torfaen,Torfaen,8272
W05001044,Cwmbwrla,Cwmbwrla,W06000011,Swansea,Abertawe,8273
W05001151,Llangunllo with Norton,Llangynllo gyda Norton,W06000023,Powys,Powys,8274
W05001698,Glynneath Central and East,Canol a Dwyrain Glyn-nedd,W06000012,Neath Port Talbot,Castell-nedd Port Talbot,8275
W05001365,Fairwater,Fairwater,W06000020,Torfaen,Torfaen,8276
W05001045,Dunvant and Killay,Dyfnant a Chilâ,W06000011,Swansea,Abertawe,8277
W05001699,Godre'r Graig,Godre'r-graig,W06000012,Neath Port Talbot,Castell-nedd Port Talbot,8278
W05001366,Greenmeadow,Greenmeadow,W06000020,Torfaen,Torfaen,8279
W05001152,Llangyniew and Meifod,Llangynyw a Meifod,W06000023,Powys,Powys,8280
W05001700,Gwaun-Cae-Gurwen and Lower Brynamman,Gwauncaegurwen a Brynaman Isaf,W06000012,Neath Port Talbot,Castell-nedd Port Talbot,8281
W05001046,Fairwood,Fairwood,W06000011,Swansea,Abertawe,8282
W05001153,Llanidloes,Llanidloes,W06000023,Powys,Powys,8283
W05001367,Llanfrechfa and Ponthir,Llanfrechfa a Phont-hir,W06000020,Torfaen,Torfaen,8284
W05001701,Gwynfi and Croeserw,Gwynfi a Chroeserw,W06000012,Neath Port Talbot,Castell-nedd Port Talbot,8285
W05001047,Gorseinon and Penyrheol,Gorseinon a Phenyrheol,W06000011,Swansea,Abertawe,8286
W05001154,Llanrhaeadr-ym-Mochnant and Llansilin,Llanrhaeadr-ym-Mochnant a Llansilin,W06000023,Powys,Powys,8287
W05001368,Llantarnam,Llantarnam,W06000020,Torfaen,Torfaen,8288
W05001702,Margam and Tai-bach,Margam a Thai-bach,W06000012,Neath Port Talbot,Castell-nedd Port Talbot,8289
W05001048,Gower,Gŵyr,W06000011,Swansea,Abertawe,8290
W05001155,Llansantffraid,Llansanffraid,W06000023,Powys,Powys,8291
W05001369,Llanyrafon,Llanyrafon,W06000020,Torfaen,Torfaen,8292
W05001703,Neath East,Dwyrain Castell-nedd,W06000012,Neath Port Talbot,Castell-nedd Port Talbot,8293
W05001049,Gowerton,Tregŵyr,W06000011,Swansea,Abertawe,8294
W05001156,Llanwrtyd Wells,Llanwrtyd,W06000023,Powys,Powys,8295
W05001370,New Inn,New Inn,W06000020,Torfaen,Torfaen,8296
W05001704,Neath North,Gogledd Castell-nedd,W06000012,Neath Port Talbot,Castell-nedd Port Talbot,8297
W05001050,Landore,Glandŵr,W06000011,Swansea,Abertawe,8298
W05001157,Llanyre with Nantmel,Llanllŷr gyda Nantmel,W06000023,Powys,Powys,8299
W05001371,Panteg,Pant-teg,W06000020,Torfaen,Torfaen,8300
W05001705,Neath South,De Castell-nedd,W06000012,Neath Port Talbot,Castell-nedd Port Talbot,8301
W05001051,Llangyfelach,Llangyfelach,W06000011,Swansea,Abertawe,8302
W05001158,Machynlleth,Machynlleth,W06000023,Powys,Powys,8303
W05001372,Pontnewydd,Pontnewydd,W06000020,Torfaen,Torfaen,8304
W05001706,Pontardawe,Pontardawe,W06000012,Neath Port Talbot,Castell-nedd Port Talbot,8305
W05001052,Llansamlet,Llansamlet,W06000011,Swansea,Abertawe,8306
W05001159,Maescar and Llywel,Maes-car a Llywel,W06000023,Powys,Powys,8307
W05001373,Pontnewynydd and Snatchwood,Pontnewynydd a Snatchwood,W06000020,Torfaen,Torfaen,8308
W05001707,Port Talbot,Port Talbot,W06000012,Neath Port Talbot,Castell-nedd Port Talbot,8309
W05001053,Llwchwr,Llwchwr,W06000011,Swansea,Abertawe,8310
W05001160,Newtown Central and South,Canol a De'r Drenewydd,W06000023,Powys,Powys,8311
W05001374,Pontypool Fawr,Pont-y-pŵl Fawr,W06000020,Torfaen,Torfaen,8312
W05001708,Resolven and Tonna,Resolfen a Thonna,W06000012,Neath Port Talbot,Castell-nedd Port Talbot,8313
W05001054,Mayals,Mayals,W06000011,Swansea,Abertawe,8314
W05001161,Newtown East,Dwyrain y Drenewydd,W06000023,Powys,Powys,8315
W05001375,St. Dials,St. Dials,W06000020,Torfaen,Torfaen,8316
W05001709,Rhos,Rhos,W06000012,Neath Port Talbot,Castell-nedd Port Talbot,8317
W05001055,Morriston,Treforys,W06000011,Swansea,Abertawe,8318
W05001162,Newtown North,Gogledd y Drenewydd,W06000023,Powys,Powys,8319
W05001376,Trevethin and Penygarn,Trefddyn a Phen-y-garn,W06000020,Torfaen,Torfaen,8320
W05001710,Sandfields East,Dwyrain Sandfields,W06000012,Neath Port Talbot,Castell-nedd Port Talbot,8321
W05001056,Mumbles,Y Mwmbwls,W06000011,Swansea,Abertawe,8322
W05001163,Newtown West,Gorllewin y Drenewydd,W06000023,Powys,Powys,8323
W05001377,Two Locks,Two Locks,W06000020,Torfaen,Torfaen,8324
W05001057,Mynydd-bach,Mynydd-bach,W06000011,Swansea,Abertawe,8325
W05001164,Old Radnor,Pencraig,W06000023,Powys,Powys,8326
W05001711,Sandfields West,Gorllewin Sandfields,W06000012,Neath Port Talbot,Castell-nedd Port Talbot,8327
W05001378,Upper Cwmbran,Cwmbrân Uchaf,W06000020,Torfaen,Torfaen,8328
W05001165,Presteigne,Llanandras,W06000023,Powys,Powys,8329
W05001058,Pen-clawdd,Pen-clawdd,W06000011,Swansea,Abertawe,8330
W05001712,Trebanos,Trebanos,W06000012,Neath Port Talbot,Castell-nedd Port Talbot,8331
W05001762,Bulwark and Thornwell,Bulwark a Thornwell,W06000021,Monmouthshire,Sir Fynwy,8332
W05001166,Rhayader,Rhaeadr Gwy,W06000023,Powys,Powys,8333
W05001059,Penderry,Penderi,W06000011,Swansea,Abertawe,8334
W05001228,Aberkenfig,Abercynffig,W06000013,Bridgend,Pen-y-bont ar Ogwr,8335
W05001763,Caerwent,Caer-went,W06000021,Monmouthshire,Sir Fynwy,8336
W05001167,Rhiwcynon,Rhiwcynon,W06000023,Powys,Powys,8337
W05001060,Penllergaer,Penlle'r-gaer,W06000011,Swansea,Abertawe,8338
W05001229,Blackmill,Melin Ifan Ddu,W06000013,Bridgend,Pen-y-bont ar Ogwr,8339
W05001764,Caldicot Castle,Castell Cil-y-coed,W06000021,Monmouthshire,Sir Fynwy,8340
W05001168,Talgarth,Talgarth,W06000023,Powys,Powys,8341
W05001061,Pennard,Pennard,W06000011,Swansea,Abertawe,8342
W05001230,Brackla East and Coychurch Lower,Dwyrain Bracla a Llangrallo Isaf,W06000013,Bridgend,Pen-y-bont ar Ogwr,8343
W05001765,Caldicot Cross,Croes Cil-y-coed,W06000021,Monmouthshire,Sir Fynwy,8344
W05001169,Talybont-on-Usk,Tal-y-bont ar Wysg,W06000023,Powys,Powys,8345
W05001062,Pontarddulais,Pontarddulais,W06000011,Swansea,Abertawe,8346
W05001231,Brackla East Central,Canol Dwyrain Bracla,W06000013,Bridgend,Pen-y-bont ar Ogwr,8347
W05001766,Cantref,Cantref,W06000021,Monmouthshire,Sir Fynwy,8348
W05001170,Tawe Uchaf,Tawe Uchaf,W06000023,Powys,Powys,8349
W05001063,Pontlliw and Tircoed,Pont-lliw a Thir-coed,W06000011,Swansea,Abertawe,8350
W05001232,Brackla West,Gorllewin Bracla,W06000013,Bridgend,Pen-y-bont ar Ogwr,8351
W05001767,Chepstow Castle and Larkfield,Castell Cas-gwent a Larkfield,W06000021,Monmouthshire,Sir Fynwy,8352
W05001171,Trelystan and Trewern,Trelystan a Thre-wern,W06000023,Powys,Powys,8353
W05001064,Sketty,Sgeti,W06000011,Swansea,Abertawe,8354
W05001233,Brackla West Central,Canol Gorllewin Bracla,W06000013,Bridgend,Pen-y-bont ar Ogwr,8355
W05001768,Croesonen,Croesonnen,W06000021,Monmouthshire,Sir Fynwy,8356
W05001172,Welshpool Castle,Y Trallwng Castell,W06000023,Powys,Powys,8357
W05001065,St Thomas,St Thomas,W06000011,Swansea,Abertawe,8358
W05001234,Bridgend Central,Canol Pen-y-bont ar Ogwr,W06000013,Bridgend,Pen-y-bont ar Ogwr,8359
W05001769,Crucorney,Crucornau Fawr,W06000021,Monmouthshire,Sir Fynwy,8360
W05001173,Welshpool Gungrog,Y Trallwng Gungrog,W06000023,Powys,Powys,8361
W05001066,Townhill,Townhill,W06000011,Swansea,Abertawe,8362
W05001235,"Bryntirion, Laleston and Merthyr Mawr","Bryntirion, Trelales a Merthyr Mawr",W06000013,Bridgend,Pen-y-bont ar Ogwr,8363
W05001770,Devauden,Devauden,W06000021,Monmouthshire,Sir Fynwy,8364
W05001174,Welshpool Llanerchyddol,Y Trallwng Llanerchyddol,W06000023,Powys,Powys,8365
W05001067,Uplands,Uplands,W06000011,Swansea,Abertawe,8366
W05001236,Caerau,Caerau,W06000013,Bridgend,Pen-y-bont ar Ogwr,8367
W05001771,Dewstow,Llanddewi,W06000021,Monmouthshire,Sir Fynwy,8368
W05001175,Ynyscedwyn,Ynysgedwyn,W06000023,Powys,Powys,8369
W05001176,Yscir with Honddu Isaf and Llanddew,Ysgir gyda Honddu Isaf a Llan-ddew,W06000023,Powys,Powys,8370
W05001616,Bedlinog and Trelewis,Bedlinog a Threlewis,W06000024,Merthyr Tydfil,Merthyr Tudful,8371
W05001617,Cyfarthfa,Cyfarthfa,W06000024,Merthyr Tydfil,Merthyr Tudful,8372
W05001618,Dowlais and Pant,Dowlais a Phant,W06000024,Merthyr Tydfil,Merthyr Tudful,8373
W05001619,Gurnos,Gurnos,W06000024,Merthyr Tydfil,Merthyr Tudful,8374
W05001620,Merthyr Vale,Ynysowen,W06000024,Merthyr Tydfil,Merthyr Tudful,8375
W05001621,Park,Y Parc,W06000024,Merthyr Tydfil,Merthyr Tudful,8376
W05001068,Waterfront,Y Glannau,W06000011,Swansea,Abertawe,8377
W05001237,Cefn-glas,Cefn-glas,W06000013,Bridgend,Pen-y-bont ar Ogwr,8378
W05001069,Waunarlwydd,Waunarlwydd,W06000011,Swansea,Abertawe,8379
W05001238,Coity Higher,Coety Uchaf,W06000013,Bridgend,Pen-y-bont ar Ogwr,8380
W05001239,Cornelly,Corneli,W06000013,Bridgend,Pen-y-bont ar Ogwr,8381
W05001240,Garw Valley,Gwm Garw,W06000013,Bridgend,Pen-y-bont ar Ogwr,8382
W05001241,Llangynwyd,Llangynwyd,W06000013,Bridgend,Pen-y-bont ar Ogwr,8383
W05001242,Maesteg East,Dwyrain Maesteg,W06000013,Bridgend,Pen-y-bont ar Ogwr,8384
W05001772,Drybridge,Drybridge,W06000021,Monmouthshire,Sir Fynwy,8385
W05001773,Gobion Fawr,Gobion Fawr,W06000021,Monmouthshire,Sir Fynwy,8386
W05001774,Goetre Fawr,Goetre Fawr,W06000021,Monmouthshire,Sir Fynwy,8387
W05001775,Grofield,Grofield,W06000021,Monmouthshire,Sir Fynwy,8388
W05001776,Lansdown,Lansdown,W06000021,Monmouthshire,Sir Fynwy,8389
W05001777,Llanbadoc and Usk,Llanbadog a Brynbuga,W06000021,Monmouthshire,Sir Fynwy,8390
W05001778,Llanelly,Llanelli,W06000021,Monmouthshire,Sir Fynwy,8391
W05001779,Llanfoist Fawr and Govilon,Llan-ffwyst Fawr a Gofilon,W06000021,Monmouthshire,Sir Fynwy,8392
W05001780,Llangybi Fawr,Llangybi Fawr,W06000021,Monmouthshire,Sir Fynwy,8393
W05001781,Llantilio Crossenny,Llandeilo Gresynni,W06000021,Monmouthshire,Sir Fynwy,8394
W05001782,Magor East with Undy,Dwyrain Magwyr gyda Gwndy,W06000021,Monmouthshire,Sir Fynwy,8395
W05001783,Magor West,Gorllewin Magwyr,W06000021,Monmouthshire,Sir Fynwy,8396
W05001784,Mardy,Y Maerdy,W06000021,Monmouthshire,Sir Fynwy,8397
W05001785,Mitchel Troy and Trellech United,Llanfihangel Troddi a Thryleg Unedig,W06000021,Monmouthshire,Sir Fynwy,8398
W05001786,Mount Pleasant,Mount Pleasant,W06000021,Monmouthshire,Sir Fynwy,8399
W05001787,Osbaston,Osbaston,W06000021,Monmouthshire,Sir Fynwy,8400
W05001622,Penydarren,Penydarren,W06000024,Merthyr Tydfil,Merthyr Tudful,8401
W05001623,Plymouth,Plymouth,W06000024,Merthyr Tydfil,Merthyr Tudful,8402
W05001624,Town,Y Dref,W06000024,Merthyr Tydfil,Merthyr Tudful,8403
W05001625,Treharris,Treharris,W06000024,Merthyr Tydfil,Merthyr Tudful,8404
W05001626,Vaynor,Faenor,W06000024,Merthyr Tydfil,Merthyr Tudful,8405
